  0
SECTION
  2
HEADER
  9
$ACADVER
  1
AC1032
  9
$ACADMAINTVER
 90
4
  9
$DWGCODEPAGE
  3
ANSI_1252
  9
$LASTSAVEDBY
  1
ezdxf
  9
$REQUIREDVERSIONS
160
0
  9
$INSBASE
 10
0.0
 20
0.0
 30
0.0
  9
$EXTMIN
 10
1e+20
 20
1e+20
 30
1e+20
  9
$EXTMAX
 10
-1e+20
 20
-1e+20
 30
-1e+20
  9
$LIMMIN
 10
0.0
 20
0.0
  9
$LIMMAX
 10
420.0
 20
297.0
  9
$ORTHOMODE
 70
0
  9
$REGENMODE
 70
1
  9
$FILLMODE
 70
1
  9
$QTEXTMODE
 70
0
  9
$MIRRTEXT
 70
1
  9
$LTSCALE
 40
1.0
  9
$ATTMODE
 70
1
  9
$TEXTSIZE
 40
2.5
  9
$TRACEWID
 40
1.0
  9
$TEXTSTYLE
  7
PVSLD_STD
  9
$CLAYER
  8
0
  9
$CELTYPE
  6
ByLayer
  9
$CECOLOR
 62
256
  9
$CELTSCALE
 40
1.0
  9
$DISPSILH
 70
0
  9
$DIMSCALE
 40
1.0
  9
$DIMASZ
 40
2.5
  9
$DIMEXO
 40
0.625
  9
$DIMDLI
 40
3.75
  9
$DIMRND
 40
0.0
  9
$DIMDLE
 40
0.0
  9
$DIMEXE
 40
1.25
  9
$DIMTP
 40
0.0
  9
$DIMTM
 40
0.0
  9
$DIMTXT
 40
2.5
  9
$DIMCEN
 40
2.5
  9
$DIMTSZ
 40
0.0
  9
$DIMTOL
 70
0
  9
$DIMLIM
 70
0
  9
$DIMTIH
 70
0
  9
$DIMTOH
 70
0
  9
$DIMSE1
 70
0
  9
$DIMSE2
 70
0
  9
$DIMTAD
 70
1
  9
$DIMZIN
 70
8
  9
$DIMBLK
  1

  9
$DIMASO
 70
1
  9
$DIMSHO
 70
1
  9
$DIMPOST
  1

  9
$DIMAPOST
  1

  9
$DIMALT
 70
0
  9
$DIMALTD
 70
3
  9
$DIMALTF
 40
0.03937007874
  9
$DIMLFAC
 40
1.0
  9
$DIMTOFL
 70
1
  9
$DIMTVP
 40
0.0
  9
$DIMTIX
 70
0
  9
$DIMSOXD
 70
0
  9
$DIMSAH
 70
0
  9
$DIMBLK1
  1

  9
$DIMBLK2
  1

  9
$DIMSTYLE
  2
ISO-25
  9
$DIMCLRD
 70
0
  9
$DIMCLRE
 70
0
  9
$DIMCLRT
 70
0
  9
$DIMTFAC
 40
1.0
  9
$DIMGAP
 40
0.625
  9
$DIMJUST
 70
0
  9
$DIMSD1
 70
0
  9
$DIMSD2
 70
0
  9
$DIMTOLJ
 70
0
  9
$DIMTZIN
 70
8
  9
$DIMALTZ
 70
0
  9
$DIMALTTZ
 70
0
  9
$DIMUPT
 70
0
  9
$DIMDEC
 70
2
  9
$DIMTDEC
 70
2
  9
$DIMALTU
 70
2
  9
$DIMALTTD
 70
3
  9
$DIMTXSTY
  7
Standard
  9
$DIMAUNIT
 70
0
  9
$DIMADEC
 70
0
  9
$DIMALTRND
 40
0.0
  9
$DIMAZIN
 70
0
  9
$DIMDSEP
 70
44
  9
$DIMATFIT
 70
3
  9
$DIMFRAC
 70
0
  9
$DIMLDRBLK
  1

  9
$DIMLUNIT
 70
2
  9
$DIMLWD
 70
-2
  9
$DIMLWE
 70
-2
  9
$DIMTMOVE
 70
0
  9
$DIMFXL
 40
1.0
  9
$DIMFXLON
 70
0
  9
$DIMJOGANG
 40
0.785398163397
  9
$DIMTFILL
 70
0
  9
$DIMTFILLCLR
 70
0
  9
$DIMARCSYM
 70
0
  9
$DIMLTYPE
  6

  9
$DIMLTEX1
  6

  9
$DIMLTEX2
  6

  9
$DIMTXTDIRECTION
 70
0
  9
$LUNITS
 70
2
  9
$LUPREC
 70
4
  9
$SKETCHINC
 40
1.0
  9
$FILLETRAD
 40
10.0
  9
$AUNITS
 70
0
  9
$AUPREC
 70
2
  9
$MENU
  1
.
  9
$ELEVATION
 40
0.0
  9
$PELEVATION
 40
0.0
  9
$THICKNESS
 40
0.0
  9
$LIMCHECK
 70
0
  9
$CHAMFERA
 40
0.0
  9
$CHAMFERB
 40
0.0
  9
$CHAMFERC
 40
0.0
  9
$CHAMFERD
 40
0.0
  9
$SKPOLY
 70
0
  9
$TDCREATE
 40
2451545.0
  9
$TDUCREATE
 40
2451545.0
  9
$TDUPDATE
 40
2451545.0
  9
$TDUUPDATE
 40
2451545.0
  9
$TDINDWG
 40
0.0
  9
$TDUSRTIMER
 40
0.0
  9
$USRTIMER
 70
1
  9
$ANGBASE
 50
0.0
  9
$ANGDIR
 70
0
  9
$PDMODE
 70
0
  9
$PDSIZE
 40
0.0
  9
$PLINEWID
 40
0.0
  9
$SPLFRAME
 70
0
  9
$SPLINETYPE
 70
6
  9
$SPLINESEGS
 70
8
  9
$HANDSEED
  5
703
  9
$SURFTAB1
 70
6
  9
$SURFTAB2
 70
6
  9
$SURFTYPE
 70
6
  9
$SURFU
 70
6
  9
$SURFV
 70
6
  9
$UCSBASE
  2

  9
$UCSNAME
  2

  9
$UCSORG
 10
0.0
 20
0.0
 30
0.0
  9
$UCSXDIR
 10
1.0
 20
0.0
 30
0.0
  9
$UCSYDIR
 10
0.0
 20
1.0
 30
0.0
  9
$UCSORTHOREF
  2

  9
$UCSORTHOVIEW
 70
0
  9
$UCSORGTOP
 10
0.0
 20
0.0
 30
0.0
  9
$UCSORGBOTTOM
 10
0.0
 20
0.0
 30
0.0
  9
$UCSORGLEFT
 10
0.0
 20
0.0
 30
0.0
  9
$UCSORGRIGHT
 10
0.0
 20
0.0
 30
0.0
  9
$UCSORGFRONT
 10
0.0
 20
0.0
 30
0.0
  9
$UCSORGBACK
 10
0.0
 20
0.0
 30
0.0
  9
$PUCSBASE
  2

  9
$PUCSNAME
  2

  9
$PUCSORG
 10
0.0
 20
0.0
 30
0.0
  9
$PUCSXDIR
 10
1.0
 20
0.0
 30
0.0
  9
$PUCSYDIR
 10
0.0
 20
1.0
 30
0.0
  9
$PUCSORTHOREF
  2

  9
$PUCSORTHOVIEW
 70
0
  9
$PUCSORGTOP
 10
0.0
 20
0.0
 30
0.0
  9
$PUCSORGBOTTOM
 10
0.0
 20
0.0
 30
0.0
  9
$PUCSORGLEFT
 10
0.0
 20
0.0
 30
0.0
  9
$PUCSORGRIGHT
 10
0.0
 20
0.0
 30
0.0
  9
$PUCSORGFRONT
 10
0.0
 20
0.0
 30
0.0
  9
$PUCSORGBACK
 10
0.0
 20
0.0
 30
0.0
  9
$USERI1
 70
0
  9
$USERI2
 70
0
  9
$USERI3
 70
0
  9
$USERI4
 70
0
  9
$USERI5
 70
0
  9
$USERR1
 40
0.0
  9
$USERR2
 40
0.0
  9
$USERR3
 40
0.0
  9
$USERR4
 40
0.0
  9
$USERR5
 40
0.0
  9
$WORLDVIEW
 70
1
  9
$SHADEDGE
 70
3
  9
$SHADEDIF
 70
70
  9
$TILEMODE
 70
1
  9
$MAXACTVP
 70
64
  9
$PINSBASE
 10
0.0
 20
0.0
 30
0.0
  9
$PLIMCHECK
 70
0
  9
$PEXTMIN
 10
1e+20
 20
1e+20
 30
1e+20
  9
$PEXTMAX
 10
-1e+20
 20
-1e+20
 30
-1e+20
  9
$PLIMMIN
 10
-0.0
 20
-0.0
  9
$PLIMMAX
 10
420.0
 20
297.0
  9
$UNITMODE
 70
0
  9
$VISRETAIN
 70
1
  9
$PLINEGEN
 70
0
  9
$PSLTSCALE
 70
1
  9
$TREEDEPTH
 70
3020
  9
$CMLSTYLE
  2
Standard
  9
$CMLJUST
 70
0
  9
$CMLSCALE
 40
20.0
  9
$PROXYGRAPHICS
 70
1
  9
$MEASUREMENT
 70
1
  9
$CELWEIGHT
370
-1
  9
$ENDCAPS
280
0
  9
$JOINSTYLE
280
0
  9
$LWDISPLAY
290
0
  9
$INSUNITS
 70
4
  9
$HYPERLINKBASE
  1

  9
$STYLESHEET
  1

  9
$XEDIT
290
1
  9
$CEPSNTYPE
380
0
  9
$PSTYLEMODE
290
1
  9
$FINGERPRINTGUID
  2
{00000000-0000-0000-0000-000000000000}
  9
$VERSIONGUID
  2
{00000000-0000-0000-0000-000000000000}
  9
$EXTNAMES
290
1
  9
$PSVPSCALE
 40
0.0
  9
$OLESTARTUP
290
0
  9
$SORTENTS
280
127
  9
$INDEXCTL
280
0
  9
$HIDETEXT
280
1
  9
$XCLIPFRAME
280
1
  9
$HALOGAP
280
0
  9
$OBSCOLOR
 70
257
  9
$OBSLTYPE
280
0
  9
$INTERSECTIONDISPLAY
280
0
  9
$INTERSECTIONCOLOR
 70
257
  9
$DIMASSOC
280
2
  9
$PROJECTNAME
  1
pvsld-symbols
  9
$CAMERADISPLAY
290
0
  9
$LENSLENGTH
 40
50.0
  9
$CAMERAHEIGHT
 40
0.0
  9
$STEPSPERSEC
 40
24.0
  9
$STEPSIZE
 40
100.0
  9
$3DDWFPREC
 40
2.0
  9
$PSOLWIDTH
 40
0.005
  9
$PSOLHEIGHT
 40
0.08
  9
$LOFTANG1
 40
1.570796326795
  9
$LOFTANG2
 40
1.570796326795
  9
$LOFTMAG1
 40
0.0
  9
$LOFTMAG2
 40
0.0
  9
$LOFTPARAM
 70
7
  9
$LOFTNORMALS
280
1
  9
$LATITUDE
 40
37.795
  9
$LONGITUDE
 40
-122.394
  9
$NORTHDIRECTION
 40
0.0
  9
$TIMEZONE
 70
-8000
  9
$LIGHTGLYPHDISPLAY
280
1
  9
$TILEMODELIGHTSYNCH
280
1
  9
$CMATERIAL
347
20
  9
$SOLIDHIST
280
0
  9
$SHOWHIST
280
1
  9
$DWFFRAME
280
2
  9
$DGNFRAME
280
2
  9
$REALWORLDSCALE
290
1
  9
$INTERFERECOLOR
 62
256
  9
$CSHADOW
280
0
  9
$SHADOWPLANELOCATION
 40
0.0
  0
ENDSEC
  0
SECTION
  2
CLASSES
  0
CLASS
  1
ACDBDICTIONARYWDFLT
  2
AcDbDictionaryWithDefault
  3
ObjectDBX Classes
 90
0
 91
0
280
0
281
0
  0
CLASS
  1
SUN
  2
AcDbSun
  3
SCENEOE
 90
1153
 91
0
280
0
281
0
  0
CLASS
  1
VISUALSTYLE
  2
AcDbVisualStyle
  3
ObjectDBX Classes
 90
4095
 91
0
280
0
281
0
  0
CLASS
  1
MATERIAL
  2
AcDbMaterial
  3
ObjectDBX Classes
 90
1153
 91
0
280
0
281
0
  0
CLASS
  1
SCALE
  2
AcDbScale
  3
ObjectDBX Classes
 90
1153
 91
0
280
0
281
0
  0
CLASS
  1
TABLESTYLE
  2
AcDbTableStyle
  3
ObjectDBX Classes
 90
4095
 91
0
280
0
281
0
  0
CLASS
  1
MLEADERSTYLE
  2
AcDbMLeaderStyle
  3
ACDB_MLEADERSTYLE_CLASS
 90
4095
 91
0
280
0
281
0
  0
CLASS
  1
DICTIONARYVAR
  2
AcDbDictionaryVar
  3
ObjectDBX Classes
 90
0
 91
0
280
0
281
0
  0
CLASS
  1
CELLSTYLEMAP
  2
AcDbCellStyleMap
  3
ObjectDBX Classes
 90
1152
 91
0
280
0
281
0
  0
CLASS
  1
MENTALRAYRENDERSETTINGS
  2
AcDbMentalRayRenderSettings
  3
SCENEOE
 90
1024
 91
0
280
0
281
0
  0
CLASS
  1
ACDBDETAILVIEWSTYLE
  2
AcDbDetailViewStyle
  3
ObjectDBX Classes
 90
1025
 91
0
280
0
281
0
  0
CLASS
  1
ACDBSECTIONVIEWSTYLE
  2
AcDbSectionViewStyle
  3
ObjectDBX Classes
 90
1025
 91
0
280
0
281
0
  0
CLASS
  1
RASTERVARIABLES
  2
AcDbRasterVariables
  3
ISM
 90
0
 91
0
280
0
281
0
  0
CLASS
  1
ACDBPLACEHOLDER
  2
AcDbPlaceHolder
  3
ObjectDBX Classes
 90
0
 91
0
280
0
281
0
  0
CLASS
  1
LAYOUT
  2
AcDbLayout
  3
ObjectDBX Classes
 90
0
 91
0
280
0
281
0
  0
ENDSEC
  0
SECTION
  2
TABLES
  0
TABLE
  2
VPORT
  5
8
330
0
100
AcDbSymbolTable
 70
1
  0
VPORT
  5
23
330
8
100
AcDbSymbolTableRecord
100
AcDbViewportTableRecord
  2
*Active
 70
0
 10
0.0
 20
0.0
 11
1.0
 21
1.0
 12
0.0
 22
0.0
 13
0.0
 23
0.0
 14
0.5
 24
0.5
 15
0.5
 25
0.5
 16
0.0
 26
0.0
 36
1.0
 17
0.0
 27
0.0
 37
0.0
 40
1000.0
 41
1.34
 42
50.0
 43
0.0
 44
0.0
 50
0.0
 51
0.0
 71
0
 72
1000
 73
1
 74
3
 75
0
 76
0
 77
0
 78
0
281
0
 65
0
146
0.0
  0
ENDTAB
  0
TABLE
  2
LTYPE
  5
2
330
0
100
AcDbSymbolTable
 70
9
  0
LTYPE
  5
24
330
2
100
AcDbSymbolTableRecord
100
AcDbLinetypeTableRecord
  2
ByBlock
 70
0
  3

 72
65
 73
0
 40
0.0
  0
LTYPE
  5
25
330
2
100
AcDbSymbolTableRecord
100
AcDbLinetypeTableRecord
  2
ByLayer
 70
0
  3

 72
65
 73
0
 40
0.0
  0
LTYPE
  5
26
330
2
100
AcDbSymbolTableRecord
100
AcDbLinetypeTableRecord
  2
Continuous
 70
0
  3

 72
65
 73
0
 40
0.0
  0
LTYPE
  5
2F
330
2
100
AcDbSymbolTableRecord
100
AcDbLinetypeTableRecord
  2
DASHED
 70
0
  3
Dashed __ __ __ __ __ __
 72
65
 73
2
 40
15.0
 49
12.0
 74
0
 49
-3.0
 74
0
  0
LTYPE
  5
30
330
2
100
AcDbSymbolTableRecord
100
AcDbLinetypeTableRecord
  2
DASHDOT
 70
0
  3
Dash dot __ . __ . __ .
 72
65
 73
4
 40
18.0
 49
12.0
 74
0
 49
-3.0
 74
0
 49
0.0
 74
0
 49
-3.0
 74
0
  0
LTYPE
  5
44
330
2
100
AcDbSymbolTableRecord
100
AcDbLinetypeTableRecord
  2
DOTTED
 70
0
  3
Dotted .  .  .  .
 72
65
 73
2
 40
1.5
 49
0.0
 74
0
 49
-1.5
 74
0
  0
LTYPE
  5
45
330
2
100
AcDbSymbolTableRecord
100
AcDbLinetypeTableRecord
  2
DASHDOT_S
 70
0
  3
Dash dot (small) _ . _ .
 72
65
 73
4
 40
8.0
 49
5.0
 74
0
 49
-1.5
 74
0
 49
0.0
 74
0
 49
-1.5
 74
0
  0
LTYPE
  5
46
330
2
100
AcDbSymbolTableRecord
100
AcDbLinetypeTableRecord
  2
DASHED_S
 70
0
  3
Dashed (small) __ __
 72
65
 73
2
 40
2.0
 49
1.2
 74
0
 49
-0.8
 74
0
  0
LTYPE
  5
47
330
2
100
AcDbSymbolTableRecord
100
AcDbLinetypeTableRecord
  2
DASHDOT2
 70
0
  3
Dash dot dot __ . . __ . .
 72
65
 73
6
 40
14.0
 49
8.0
 74
0
 49
-2.0
 74
0
 49
0.0
 74
0
 49
-2.0
 74
0
 49
0.0
 74
0
 49
-2.0
 74
0
  0
ENDTAB
  0
TABLE
  2
LAYER
  5
1
330
0
100
AcDbSymbolTable
 70
18
  0
LAYER
  5
27
330
1
100
AcDbSymbolTableRecord
100
AcDbLayerTableRecord
  2
0
 70
0
 62
7
  6
Continuous
370
-3
390
13
347
21
  0
LAYER
  5
28
330
1
100
AcDbSymbolTableRecord
100
AcDbLayerTableRecord
  2
Defpoints
 70
0
 62
7
  6
Continuous
290
0
370
-3
390
13
347
21
  0
LAYER
  5
33
330
1
100
AcDbSymbolTableRecord
100
AcDbLayerTableRecord
  2
E-PVDC-EQPM
 70
0
 62
5
  6
CONTINUOUS
370
35
390
13
347
21
1001
AcAecLayerStandard
1000

1000
Ramas FV, desconectadores y DPS de CD
  0
LAYER
  5
35
330
1
100
AcDbSymbolTableRecord
100
AcDbLayerTableRecord
  2
E-PVDC-COND
 70
0
 62
5
  6
CONTINUOUS
370
50
390
13
347
21
1001
AcAecLayerStandard
1000

1000
Conductores de CD
  0
LAYER
  5
36
330
1
100
AcDbSymbolTableRecord
100
AcDbLayerTableRecord
  2
E-PVAC-EQPM
 70
0
 62
1
  6
CONTINUOUS
370
35
390
13
347
21
1001
AcAecLayerStandard
1000

1000
Inversor, interruptores, tableros y DPS de CA
  0
LAYER
  5
37
330
1
100
AcDbSymbolTableRecord
100
AcDbLayerTableRecord
  2
E-PVAC-COND
 70
0
 62
1
  6
CONTINUOUS
370
50
390
13
347
21
1001
AcAecLayerStandard
1000

1000
Conductores y barras de CA
  0
LAYER
  5
38
330
1
100
AcDbSymbolTableRecord
100
AcDbLayerTableRecord
  2
E-UTIL-EQPM
 70
0
 62
6
  6
CONTINUOUS
370
35
390
13
347
21
1001
AcAecLayerStandard
1000

1000
Red, medidores, TC/TP y equipo de MT
  0
LAYER
  5
39
330
1
100
AcDbSymbolTableRecord
100
AcDbLayerTableRecord
  2
E-BATT-EQPM
 70
0
 62
30
  6
CONTINUOUS
370
35
390
13
347
21
1001
AcAecLayerStandard
1000

1000
Baterías y equipo de transferencia
  0
LAYER
  5
3A
330
1
100
AcDbSymbolTableRecord
100
AcDbLayerTableRecord
  2
E-GRND-COND
 70
0
 62
3
  6
DASHED
370
35
390
13
347
21
1001
AcAecLayerStandard
1000

1000
Tierras, puentes y electrodos
  0
LAYER
  5
3B
330
1
100
AcDbSymbolTableRecord
100
AcDbLayerTableRecord
  2
E-COMM-COND
 70
0
 62
8
  6
DASHED
370
25
390
13
347
21
1001
AcAecLayerStandard
1000

1000
Monitoreo y comunicaciones
  0
LAYER
  5
3C
330
1
100
AcDbSymbolTableRecord
100
AcDbLayerTableRecord
  2
E-ANNO-ENCL
 70
0
 62
8
  6
DASHDOT
370
25
390
13
347
21
1001
AcAecLayerStandard
1000

1000
Envolventes y zonas CD/CA
  0
LAYER
  5
3D
330
1
100
AcDbSymbolTableRecord
100
AcDbLayerTableRecord
  2
E-ANNO-TAGS
 70
0
 62
7
  6
CONTINUOUS
370
25
390
13
347
21
1001
AcAecLayerStandard
1000

1000
Etiquetas de equipo y datos de conductores
  0
LAYER
  5
3E
330
1
100
AcDbSymbolTableRecord
100
AcDbLayerTableRecord
  2
E-ANNO-TABL
 70
0
 62
7
  6
CONTINUOUS
370
18
390
13
347
21
1001
AcAecLayerStandard
1000

1000
Tablas de ramas, conductores y protecciones
  0
LAYER
  5
3F
330
1
100
AcDbSymbolTableRecord
100
AcDbLayerTableRecord
  2
E-ANNO-NOTE
 70
0
 62
7
  6
CONTINUOUS
370
18
390
13
347
21
1001
AcAecLayerStandard
1000

1000
Notas generales y simbología
  0
LAYER
  5
40
330
1
100
AcDbSymbolTableRecord
100
AcDbLayerTableRecord
  2
E-ANNO-LABL
 70
0
 62
7
  6
CONTINUOUS
370
25
390
13
347
21
1001
AcAecLayerStandard
1000

1000
Rótulos y advertencias requeridos
  0
LAYER
  5
41
330
1
100
AcDbSymbolTableRecord
100
AcDbLayerTableRecord
  2
G-ANNO-TTLB
 70
0
 62
7
  6
CONTINUOUS
370
70
390
13
347
21
1001
AcAecLayerStandard
1000

1000
Marco y cuadro de datos del plano
  0
LAYER
  5
42
330
1
100
AcDbSymbolTableRecord
100
AcDbLayerTableRecord
  2
G-ANNO-REVS
 70
0
 62
7
  6
CONTINUOUS
370
25
390
13
347
21
1001
AcAecLayerStandard
1000

1000
Cuadro de revisiones
  0
LAYER
  5
43
330
1
100
AcDbSymbolTableRecord
100
AcDbLayerTableRecord
  2
G-ANNO-NPLT
 70
0
 62
9
  6
CONTINUOUS
290
0
370
25
390
13
347
21
1001
AcAecLayerStandard
1000

1000
Geometría auxiliar que no se imprime
  0
ENDTAB
  0
TABLE
  2
STYLE
  5
5
330
0
100
AcDbSymbolTable
 70
2
  0
STYLE
  5
29
330
5
100
AcDbSymbolTableRecord
100
AcDbTextStyleTableRecord
  2
Standard
 70
0
 40
0.0
 41
1.0
 50
0.0
 71
0
 42
2.5
  3
txt
  4

  0
STYLE
  5
31
330
5
100
AcDbSymbolTableRecord
100
AcDbTextStyleTableRecord
  2
PVSLD_STD
 70
0
 40
0.0
 41
1.0
 50
0.0
 71
0
 42
2.5
  3
arial.ttf
  4

  0
ENDTAB
  0
TABLE
  2
VIEW
  5
7
330
0
100
AcDbSymbolTable
 70
0
  0
ENDTAB
  0
TABLE
  2
UCS
  5
6
330
0
100
AcDbSymbolTable
 70
0
  0
ENDTAB
  0
TABLE
  2
APPID
  5
3
330
0
100
AcDbSymbolTable
 70
5
  0
APPID
  5
2A
330
3
100
AcDbSymbolTableRecord
100
AcDbRegAppTableRecord
  2
ACAD
 70
0
  0
APPID
  5
32
330
3
100
AcDbSymbolTableRecord
100
AcDbRegAppTableRecord
  2
PVSLD
 70
0
  0
APPID
  5
34
330
3
100
AcDbSymbolTableRecord
100
AcDbRegAppTableRecord
  2
AcAecLayerStandard
 70
0
  0
APPID
  5
700
330
3
100
AcDbSymbolTableRecord
100
AcDbRegAppTableRecord
  2
HATCHBACKGROUNDCOLOR
 70
0
  0
APPID
  5
701
330
3
100
AcDbSymbolTableRecord
100
AcDbRegAppTableRecord
  2
EZDXF
 70
0
  0
ENDTAB
  0
TABLE
  2
DIMSTYLE
  5
4
330
0
100
AcDbSymbolTable
 70
1
100
AcDbDimStyleTable
  0
DIMSTYLE
105
2B
330
4
100
AcDbSymbolTableRecord
100
AcDbDimStyleTableRecord
  2
Standard
 70
0
 40
1.0
 41
2.5
 42
0.625
 43
3.75
 44
1.25
 45
0.0
 46
0.0
 47
0.0
 48
0.0
 49
2.5
140
2.5
141
2.5
142
0.0
143
0.03937007874
144
1.0
145
0.0
146
1.0
147
0.625
148
0.0
 69
0
 70
0
 71
0
 72
0
 73
0
 74
0
 75
0
 76
0
 77
1
 78
8
 79
3
170
0
171
3
172
1
173
0
174
0
175
0
176
0
177
0
178
0
179
2
271
2
272
2
273
2
274
3
275
0
276
0
277
2
278
44
279
0
280
0
281
0
282
0
283
0
284
8
285
0
286
0
288
0
289
3
290
0
371
-2
372
-2
  0
ENDTAB
  0
TABLE
  2
BLOCK_RECORD
  5
9
330
0
100
AcDbSymbolTable
 70
61
  0
BLOCK_RECORD
  5
17
330
9
100
AcDbSymbolTableRecord
100
AcDbBlockTableRecord
  2
*Model_Space
340
1A
 70
0
280
1
281
0
  0
BLOCK_RECORD
  5
1B
330
9
100
AcDbSymbolTableRecord
100
AcDbBlockTableRecord
  2
*Paper_Space
340
1E
 70
0
280
1
281
0
  0
BLOCK_RECORD
  5
48
330
9
100
AcDbSymbolTableRecord
100
AcDbBlockTableRecord
  2
PVSLD_PV_MODULE
340
0
 70
0
280
1
281
0
1001
PVSLD
1000
pvsld.block/1
1000
0.6.0
1070
2
1000
POS
1000
DC
1000
up
1040
5.0
1040
10.0
1070
1
1000
NEG
1000
DC
1000
down
1040
5.0
1040
-10.0
1070
1
1000
CFE G0100-04 Apéndice C
  0
BLOCK_RECORD
  5
5A
330
9
100
AcDbSymbolTableRecord
100
AcDbBlockTableRecord
  2
PVSLD_PV_STRING
340
0
 70
0
280
1
281
0
1001
PVSLD
1000
pvsld.block/1
1000
0.6.0
1070
1
1000
OUT
1000
DC
1000
right
1040
30.0
1040
0.0
1070
1
1000
CFE G0100-04 Apéndices C y D
  0
BLOCK_RECORD
  5
74
330
9
100
AcDbSymbolTableRecord
100
AcDbBlockTableRecord
  2
PVSLD_DIODE
340
0
 70
0
280
1
281
0
1001
PVSLD
1000
pvsld.block/1
1000
0.6.0
1070
2
1000
K
1000
DC
1000
up
1040
0.0
1040
0.0
1070
1
1000
A
1000
DC
1000
down
1040
0.0
1040
-17.5
1070
1
1000
CFE G0100-04 Apéndice C
  0
BLOCK_RECORD
  5
83
330
9
100
AcDbSymbolTableRecord
100
AcDbBlockTableRecord
  2
PVSLD_COMBINER
340
0
 70
0
280
1
281
0
1001
PVSLD
1000
pvsld.block/1
1000
0.6.0
1070
4
1000
IN1
1000
DC
1000
left
1040
0.0
1040
7.5
1070
1
1000
IN2
1000
DC
1000
left
1040
0.0
1040
-7.5
1070
1
1000
OUT
1000
DC
1000
right
1040
60.0
1040
0.0
1070
1
1000
PE
1000
PE
1000
down
1040
45.0
1040
-25.0
1070
1
1000
pvsld (composición) según CFE G0100-04 Apéndice D, figs. D1 y D2
  0
BLOCK_RECORD
  5
AB
330
9
100
AcDbSymbolTableRecord
100
AcDbBlockTableRecord
  2
PVSLD_BATTERY
340
0
 70
0
280
1
281
0
1001
PVSLD
1000
pvsld.block/1
1000
0.6.0
1070
2
1000
NEG
1000
DC
1000
left
1040
0.0
1040
0.0
1070
1
1000
POS
1000
DC
1000
right
1040
27.5
1040
0.0
1070
1
1000
NMX-J-136-ANCE-2019 4.2.280 (batería de celdas, forma 1)
  0
BLOCK_RECORD
  5
C4
330
9
100
AcDbSymbolTableRecord
100
AcDbBlockTableRecord
  2
PVSLD_INV
340
0
 70
0
280
1
281
0
1001
PVSLD
1000
pvsld.block/1
1000
0.6.0
1070
4
1000
A
1000
DC
1000
left
1040
0.0
1040
10.0
1070
1
1000
B
1000
DC
1000
left
1040
0.0
1040
-10.0
1070
0
1000
AC
1000
AC
1000
right
1040
50.0
1040
0.0
1070
1
1000
PE
1000
PE
1000
down
1040
25.0
1040
-22.5
1070
1
1000
CFE G0100-04 Apéndice C
  0
BLOCK_RECORD
  5
E0
330
9
100
AcDbSymbolTableRecord
100
AcDbBlockTableRecord
  2
PVSLD_INV_HYBRID
340
0
 70
0
280
1
281
0
1001
PVSLD
1000
pvsld.block/1
1000
0.6.0
1070
4
1000
A
1000
DC
1000
left
1040
0.0
1040
10.0
1070
1
1000
BAT
1000
DC
1000
left
1040
0.0
1040
-10.0
1070
1
1000
AC
1000
AC
1000
right
1040
50.0
1040
0.0
1070
1
1000
PE
1000
PE
1000
down
1040
25.0
1040
-22.5
1070
1
1000
pvsld (composición) sobre CFE G0100-04 Apéndice C (inversor); ref. DGE 06-63-06
  0
BLOCK_RECORD
  5
FC
330
9
100
AcDbSymbolTableRecord
100
AcDbBlockTableRecord
  2
PVSLD_MICROINV
340
0
 70
0
280
1
281
0
1001
PVSLD
1000
pvsld.block/1
1000
0.6.0
1070
2
1000
DC
1000
DC
1000
left
1040
0.0
1040
0.0
1070
1
1000
AC
1000
AC
1000
right
1040
15.0
1040
0.0
1070
1
1000
pvsld (composición) sobre CFE G0100-04 Apéndice C (inversor)
  0
BLOCK_RECORD
  5
110
330
9
100
AcDbSymbolTableRecord
100
AcDbBlockTableRecord
  2
PVSLD_OPTIMIZER
340
0
 70
0
280
1
281
0
1001
PVSLD
1000
pvsld.block/1
1000
0.6.0
1070
2
1000
IN
1000
DC
1000
left
1040
0.0
1040
0.0
1070
1
1000
OUT
1000
DC
1000
right
1040
15.0
1040
0.0
1070
1
1000
pvsld (composición); convertidor CD/CD de DGE (basada en IEC 60617) 06-63-02
  0
BLOCK_RECORD
  5
125
330
9
100
AcDbSymbolTableRecord
100
AcDbBlockTableRecord
  2
PVSLD_CHARGE_CTRL
340
0
 70
0
280
1
281
0
1001
PVSLD
1000
pvsld.block/1
1000
0.6.0
1070
2
1000
PV
1000
DC
1000
left
1040
0.0
1040
0.0
1070
1
1000
BAT
1000
DC
1000
right
1040
15.0
1040
0.0
1070
1
1000
pvsld (composición); convertidor CD/CD de DGE (basada en IEC 60617) 06-63-02
  0
BLOCK_RECORD
  5
13B
330
9
100
AcDbSymbolTableRecord
100
AcDbBlockTableRecord
  2
PVSLD_XFMR_ISO
340
0
 70
0
280
1
281
0
1001
PVSLD
1000
pvsld.block/1
1000
0.6.0
1070
4
1000
IN
1000
AC
1000
left
1040
0.0
1040
0.0
1070
1
1000
OUT
1000
AC
1000
right
1040
25.0
1040
0.0
1070
1
1000
IN2
1000
AC
1000
left
1040
0.0
1040
-20.0
1070
0
1000
OUT2
1000
AC
1000
right
1040
25.0
1040
-20.0
1070
0
1000
CFE G0100-04 Apéndice C
  0
BLOCK_RECORD
  5
157
330
9
100
AcDbSymbolTableRecord
100
AcDbBlockTableRecord
  2
PVSLD_CB
340
0
 70
0
280
1
281
0
1001
PVSLD
1000
pvsld.block/1
1000
0.6.0
1070
2
1000
IN
1000
AC
1000
left
1040
0.0
1040
0.0
1070
1
1000
OUT
1000
AC
1000
right
1040
20.0
1040
0.0
1070
1
1000
CFE G0100-04 Apéndice C
  0
BLOCK_RECORD
  5
16C
330
9
100
AcDbSymbolTableRecord
100
AcDbBlockTableRecord
  2
PVSLD_CB_IEC
340
0
 70
0
280
1
281
0
1001
PVSLD
1000
pvsld.block/1
1000
0.6.0
1070
2
1000
IN
1000
AC
1000
left
1040
0.0
1040
0.0
1070
1
1000
OUT
1000
AC
1000
right
1040
25.0
1040
0.0
1070
1
1000
UNE-EN 60617 (hoja del propietario, p. 4); cf. NMX-J-136-ANCE-2019 4.2.169 (IEC S00287)
  0
BLOCK_RECORD
  5
18E
330
9
100
AcDbSymbolTableRecord
100
AcDbBlockTableRecord
  2
PVSLD_RCD
340
0
 70
0
280
1
281
0
1001
PVSLD
1000
pvsld.block/1
1000
0.6.0
1070
2
1000
IN
1000
AC
1000
left
1040
0.0
1040
0.0
1070
1
1000
OUT
1000
AC
1000
right
1040
20.0
1040
0.0
1070
1
1000
UNE-EN 60617 (hoja del propietario, p. 4, interruptor diferencial); sin símbolo en NMX-J-136-ANCE-2019
  0
BLOCK_RECORD
  5
1AF
330
9
100
AcDbSymbolTableRecord
100
AcDbBlockTableRecord
  2
PVSLD_FUSE
340
0
 70
0
280
1
281
0
1001
PVSLD
1000
pvsld.block/1
1000
0.6.0
1070
2
1000
IN
1000
DC
1000
left
1040
0.0
1040
0.0
1070
1
1000
OUT
1000
DC
1000
right
1040
22.5
1040
0.0
1070
1
1000
NMX-J-136-ANCE-2019 4.2.21 (FUS, forma nacional 1)
  0
BLOCK_RECORD
  5
1C1
330
9
100
AcDbSymbolTableRecord
100
AcDbBlockTableRecord
  2
PVSLD_FUSE_AC
340
0
 70
0
280
1
281
0
1001
PVSLD
1000
pvsld.block/1
1000
0.6.0
1070
2
1000
IN
1000
AC
1000
left
1040
0.0
1040
0.0
1070
1
1000
OUT
1000
AC
1000
right
1040
22.5
1040
0.0
1070
1
1000
NMX-J-136-ANCE-2019 4.2.21 (FUS, forma nacional 1)
  0
BLOCK_RECORD
  5
1D3
330
9
100
AcDbSymbolTableRecord
100
AcDbBlockTableRecord
  2
PVSLD_SPD
340
0
 70
0
280
1
281
0
1001
PVSLD
1000
pvsld.block/1
1000
0.6.0
1070
2
1000
L
1000
DC
1000
up
1040
0.0
1040
0.0
1070
1
1000
PE
1000
PE
1000
down
1040
0.0
1040
-20.0
1070
1
1000
CFE G0100-04 Apéndice C
  0
BLOCK_RECORD
  5
1E5
330
9
100
AcDbSymbolTableRecord
100
AcDbBlockTableRecord
  2
PVSLD_SPD_AC
340
0
 70
0
280
1
281
0
1001
PVSLD
1000
pvsld.block/1
1000
0.6.0
1070
2
1000
L
1000
AC
1000
up
1040
0.0
1040
0.0
1070
1
1000
PE
1000
PE
1000
down
1040
0.0
1040
-20.0
1070
1
1000
CFE G0100-04 Apéndice C (varistor), usado en CA en Apéndice D
  0
BLOCK_RECORD
  5
1F7
330
9
100
AcDbSymbolTableRecord
100
AcDbBlockTableRecord
  2
PVSLD_GFDI
340
0
 70
0
280
1
281
0
1001
PVSLD
1000
pvsld.block/1
1000
0.6.0
1070
2
1000
SENS
1000
SIG
1000
left
1040
0.0
1040
-7.5
1070
0
1000
TRIP
1000
SIG
1000
right
1040
30.0
1040
-7.5
1070
0
1000
CFE G0100-04 Apéndice D, fig. D1 (detector de falla a tierra)
  0
BLOCK_RECORD
  5
206
330
9
100
AcDbSymbolTableRecord
100
AcDbBlockTableRecord
  2
PVSLD_INS_MONITOR
340
0
 70
0
280
1
281
0
1001
PVSLD
1000
pvsld.block/1
1000
0.6.0
1070
2
1000
SENS
1000
SIG
1000
left
1040
0.0
1040
-7.5
1070
0
1000
TRIP
1000
SIG
1000
right
1040
30.0
1040
-7.5
1070
0
1000
CFE G0100-04 Apéndice D, fig. D2 (monitor de aislamiento)
  0
BLOCK_RECORD
  5
214
330
9
100
AcDbSymbolTableRecord
100
AcDbBlockTableRecord
  2
PVSLD_AFCI
340
0
 70
0
280
1
281
0
1001
PVSLD
1000
pvsld.block/1
1000
0.6.0
1070
2
1000
SENS
1000
SIG
1000
left
1040
0.0
1040
-7.5
1070
0
1000
TRIP
1000
SIG
1000
right
1040
30.0
1040
-7.5
1070
0
1000
pvsld (composición); bloque rotulado al estilo de CFE G0100-04 Apéndice D
  0
BLOCK_RECORD
  5
222
330
9
100
AcDbSymbolTableRecord
100
AcDbBlockTableRecord
  2
PVSLD_RELAY
340
0
 70
0
280
1
281
0
1001
PVSLD
1000
pvsld.block/1
1000
0.6.0
1070
2
1000
SENS
1000
SIG
1000
left
1040
0.0
1040
-7.5
1070
0
1000
TRIP
1000
SIG
1000
right
1040
25.0
1040
-7.5
1070
0
1000
DGE (basada en IEC 60617) 07-73-01; números ANSI de NMX-J-136-ANCE-2019, Tabla 2
  0
BLOCK_RECORD
  5
230
330
9
100
AcDbSymbolTableRecord
100
AcDbBlockTableRecord
  2
PVSLD_SWITCH
340
0
 70
0
280
1
281
0
1001
PVSLD
1000
pvsld.block/1
1000
0.6.0
1070
2
1000
IN
1000
AC
1000
left
1040
0.0
1040
0.0
1070
1
1000
OUT
1000
AC
1000
right
1040
25.0
1040
0.0
1070
1
1000
CFE G0100-04 Apéndice C
  0
BLOCK_RECORD
  5
244
330
9
100
AcDbSymbolTableRecord
100
AcDbBlockTableRecord
  2
PVSLD_DC_DISCONNECT
340
0
 70
0
280
1
281
0
1001
PVSLD
1000
pvsld.block/1
1000
0.6.0
1070
2
1000
IN
1000
DC
1000
left
1040
0.0
1040
0.0
1070
1
1000
OUT
1000
DC
1000
right
1040
25.0
1040
0.0
1070
1
1000
CFE G0100-04 Apéndice C (interruptor manual), usado como desconectador de CD en Apéndice D, fig. D1
  0
BLOCK_RECORD
  5
259
330
9
100
AcDbSymbolTableRecord
100
AcDbBlockTableRecord
  2
PVSLD_FUSE_DISC
340
0
 70
0
280
1
281
0
1001
PVSLD
1000
pvsld.block/1
1000
0.6.0
1070
2
1000
IN
1000
AC
1000
left
1040
0.0
1040
0.0
1070
1
1000
OUT
1000
AC
1000
right
1040
25.0
1040
0.0
1070
1
1000
NMX-J-136-ANCE-2019 4.2.176 (FUS-SECC, IEC S00369)
  0
BLOCK_RECORD
  5
26B
330
9
100
AcDbSymbolTableRecord
100
AcDbBlockTableRecord
  2
PVSLD_SAFETY_SWITCH
340
0
 70
0
280
1
281
0
1001
PVSLD
1000
pvsld.block/1
1000
0.6.0
1070
2
1000
IN
1000
AC
1000
left
1040
0.0
1040
0.0
1070
1
1000
OUT
1000
AC
1000
right
1040
30.0
1040
0.0
1070
1
1000
NMX-J-136-ANCE-2019 4.2.128 (IS, forma unifilar)
  0
BLOCK_RECORD
  5
281
330
9
100
AcDbSymbolTableRecord
100
AcDbBlockTableRecord
  2
PVSLD_TRANSFER_SW
340
0
 70
0
280
1
281
0
1001
PVSLD
1000
pvsld.block/1
1000
0.6.0
1070
3
1000
A
1000
AC
1000
up
1040
-5.0
1040
0.0
1070
1
1000
B
1000
AC
1000
up
1040
0.0
1040
0.0
1070
1
1000
COM
1000
AC
1000
down
1040
0.0
1040
-22.5
1070
1
1000
DGE (basada en IEC 60617) 07-71-03; dispositivos 43 y 83 de NMX-J-136-ANCE-2019, Tabla 2
  0
BLOCK_RECORD
  5
293
330
9
100
AcDbSymbolTableRecord
100
AcDbBlockTableRecord
  2
PVSLD_CONTACTOR
340
0
 70
0
280
1
281
0
1001
PVSLD
1000
pvsld.block/1
1000
0.6.0
1070
2
1000
IN
1000
AC
1000
left
1040
0.0
1040
0.0
1070
1
1000
OUT
1000
AC
1000
right
1040
22.5
1040
0.0
1070
1
1000
NMX-J-136-ANCE-2019 4.2.168 (contacto, IEC S00284)
  0
BLOCK_RECORD
  5
2A4
330
9
100
AcDbSymbolTableRecord
100
AcDbBlockTableRecord
  2
PVSLD_METER
340
0
 70
0
280
1
281
0
1001
PVSLD
1000
pvsld.block/1
1000
0.6.0
1070
2
1000
IN
1000
AC
1000
left
1040
0.0
1040
0.0
1070
1
1000
OUT
1000
AC
1000
right
1040
15.0
1040
0.0
1070
1
1000
CFE G0100-04 Apéndice C
  0
BLOCK_RECORD
  5
2B7
330
9
100
AcDbSymbolTableRecord
100
AcDbBlockTableRecord
  2
PVSLD_METER_M
340
0
 70
0
280
1
281
0
1001
PVSLD
1000
pvsld.block/1
1000
0.6.0
1070
2
1000
IN
1000
AC
1000
left
1040
0.0
1040
0.0
1070
1
1000
OUT
1000
AC
1000
right
1040
15.0
1040
0.0
1070
1
1000
NMX-J-136-ANCE-2019 4.2.126 (equipo de medición, M)
  0
BLOCK_RECORD
  5
2C6
330
9
100
AcDbSymbolTableRecord
100
AcDbBlockTableRecord
  2
PVSLD_CT
340
0
 70
0
280
1
281
0
1001
PVSLD
1000
pvsld.block/1
1000
0.6.0
1070
4
1000
IN
1000
AC
1000
left
1040
0.0
1040
0.0
1070
1
1000
OUT
1000
AC
1000
right
1040
15.0
1040
0.0
1070
1
1000
IN2
1000
AC
1000
left
1040
0.0
1040
-10.0
1070
0
1000
OUT2
1000
AC
1000
right
1040
15.0
1040
-10.0
1070
0
1000
CFE G0100-04 Apéndice C
  0
BLOCK_RECORD
  5
2D9
330
9
100
AcDbSymbolTableRecord
100
AcDbBlockTableRecord
  2
PVSLD_MONITOR
340
0
 70
0
280
1
281
0
1001
PVSLD
1000
pvsld.block/1
1000
0.6.0
1070
1
1000
LINK
1000
SIG
1000
left
1040
0.0
1040
0.0
1070
0
1000
CFE G0100-04 Apéndice D, figs. D1 y D2 (subsistema de control y monitoreo)
  0
BLOCK_RECORD
  5
2E6
330
9
100
AcDbSymbolTableRecord
100
AcDbBlockTableRecord
  2
PVSLD_GRID
340
0
 70
0
280
1
281
0
1001
PVSLD
1000
pvsld.block/1
1000
0.6.0
1070
1
1000
IN
1000
AC
1000
left
1040
0.0
1040
0.0
1070
1
1000
CFE G0100-04 Apéndice C
  0
BLOCK_RECORD
  5
2F7
330
9
100
AcDbSymbolTableRecord
100
AcDbBlockTableRecord
  2
PVSLD_PI
340
0
 70
0
280
1
281
0
1001
PVSLD
1000
pvsld.block/1
1000
0.6.0
1070
2
1000
IN
1000
AC
1000
left
1040
0.0
1040
0.0
1070
1
1000
OUT
1000
AC
1000
right
1040
10.0
1040
0.0
1070
1
1000
pvsld (sin símbolo en CFE G0100-04 ni IEC 60617)
  0
BLOCK_RECORD
  5
305
330
9
100
AcDbSymbolTableRecord
100
AcDbBlockTableRecord
  2
PVSLD_PANEL
340
0
 70
0
280
1
281
0
1001
PVSLD
1000
pvsld.block/1
1000
0.6.0
1070
3
1000
LEFT
1000
AC
1000
left
1040
0.0
1040
0.0
1070
1
1000
RIGHT
1000
AC
1000
right
1040
45.0
1040
0.0
1070
1
1000
PE
1000
PE
1000
down
1040
22.5
1040
-27.5
1070
1
1000
CFE G0100-04 Apéndice D
  0
BLOCK_RECORD
  5
31A
330
9
100
AcDbSymbolTableRecord
100
AcDbBlockTableRecord
  2
PVSLD_LOAD_LIGHT
340
0
 70
0
280
1
281
0
1001
PVSLD
1000
pvsld.block/1
1000
0.6.0
1070
1
1000
IN
1000
AC
1000
left
1040
0.0
1040
0.0
1070
1
1000
CFE G0100-04 Apéndice C
  0
BLOCK_RECORD
  5
32B
330
9
100
AcDbSymbolTableRecord
100
AcDbBlockTableRecord
  2
PVSLD_LOAD_RECEPT
340
0
 70
0
280
1
281
0
1001
PVSLD
1000
pvsld.block/1
1000
0.6.0
1070
1
1000
IN
1000
AC
1000
left
1040
0.0
1040
0.0
1070
1
1000
CFE G0100-04 Apéndice C
  0
BLOCK_RECORD
  5
33A
330
9
100
AcDbSymbolTableRecord
100
AcDbBlockTableRecord
  2
PVSLD_GND
340
0
 70
0
280
1
281
0
1001
PVSLD
1000
pvsld.block/1
1000
0.6.0
1070
1
1000
PE
1000
PE
1000
up
1040
0.0
1040
0.0
1070
1
1000
CFE G0100-04 Apéndice D
  0
BLOCK_RECORD
  5
34B
330
9
100
AcDbSymbolTableRecord
100
AcDbBlockTableRecord
  2
PVSLD_PE
340
0
 70
0
280
1
281
0
1001
PVSLD
1000
pvsld.block/1
1000
0.6.0
1070
1
1000
PE
1000
PE
1000
up
1040
0.0
1040
0.0
1070
1
1000
NMX-J-136-ANCE-2019 4.2.117 (TPT, IEC S00202)
  0
BLOCK_RECORD
  5
35A
330
9
100
AcDbSymbolTableRecord
100
AcDbBlockTableRecord
  2
PVSLD_GND_BUS
340
0
 70
0
280
1
281
0
1001
PVSLD
1000
pvsld.block/1
1000
0.6.0
1070
2
1000
L
1000
PE
1000
left
1040
0.0
1040
0.0
1070
1
1000
R
1000
PE
1000
right
1040
30.0
1040
0.0
1070
0
1000
NMX-J-136-ANCE-2019 4.2.130 (BPT)
  0
BLOCK_RECORD
  5
367
330
9
100
AcDbSymbolTableRecord
100
AcDbBlockTableRecord
  2
PVSLD_NEUTRAL_BUS
340
0
 70
0
280
1
281
0
1001
PVSLD
1000
pvsld.block/1
1000
0.6.0
1070
2
1000
L
1000
AC
1000
left
1040
0.0
1040
0.0
1070
1
1000
R
1000
AC
1000
right
1040
30.0
1040
0.0
1070
0
1000
NMX-J-136-ANCE-2019 4.2.129
  0
BLOCK_RECORD
  5
374
330
9
100
AcDbSymbolTableRecord
100
AcDbBlockTableRecord
  2
PVSLD_XFMR
340
0
 70
0
280
1
281
0
1001
PVSLD
1000
pvsld.block/1
1000
0.6.0
1070
2
1000
IN
1000
AC
1000
left
1040
0.0
1040
0.0
1070
1
1000
OUT
1000
AC
1000
right
1040
25.0
1040
0.0
1070
1
1000
NMX-J-136-ANCE-2019 4.2.123 (TR)
  0
BLOCK_RECORD
  5
38D
330
9
100
AcDbSymbolTableRecord
100
AcDbBlockTableRecord
  2
PVSLD_CUTOUT
340
0
 70
0
280
1
281
0
1001
PVSLD
1000
pvsld.block/1
1000
0.6.0
1070
2
1000
IN
1000
AC
1000
left
1040
0.0
1040
0.0
1070
1
1000
OUT
1000
AC
1000
right
1040
25.0
1040
0.0
1070
1
1000
NMX-J-136-ANCE-2019 4.2.122 (FUS-DES, IEC S00368)
  0
BLOCK_RECORD
  5
39E
330
9
100
AcDbSymbolTableRecord
100
AcDbBlockTableRecord
  2
PVSLD_ARRESTER_MV
340
0
 70
0
280
1
281
0
1001
PVSLD
1000
pvsld.block/1
1000
0.6.0
1070
2
1000
L
1000
AC
1000
up
1040
0.0
1040
0.0
1070
1
1000
PE
1000
PE
1000
down
1040
0.0
1040
-25.0
1070
1
1000
NMX-J-136-ANCE-2019 4.2.178 (AR, IEC S00373)
  0
BLOCK_RECORD
  5
3AE
330
9
100
AcDbSymbolTableRecord
100
AcDbBlockTableRecord
  2
PVSLD_DISCONNECT_MV
340
0
 70
0
280
1
281
0
1001
PVSLD
1000
pvsld.block/1
1000
0.6.0
1070
2
1000
IN
1000
AC
1000
left
1040
0.0
1040
0.0
1070
1
1000
OUT
1000
AC
1000
right
1040
25.0
1040
0.0
1070
1
1000
NMX-J-136-ANCE-2019 4.2.118 (DSSC)
  0
BLOCK_RECORD
  5
3C0
330
9
100
AcDbSymbolTableRecord
100
AcDbBlockTableRecord
  2
PVSLD_CT_MV
340
0
 70
0
280
1
281
0
1001
PVSLD
1000
pvsld.block/1
1000
0.6.0
1070
2
1000
IN
1000
AC
1000
left
1040
0.0
1040
0.0
1070
1
1000
OUT
1000
AC
1000
right
1040
15.0
1040
0.0
1070
1
1000
NMX-J-136-ANCE-2019 4.2.124 (TC)
  0
BLOCK_RECORD
  5
3CF
330
9
100
AcDbSymbolTableRecord
100
AcDbBlockTableRecord
  2
PVSLD_VT_MV
340
0
 70
0
280
1
281
0
1001
PVSLD
1000
pvsld.block/1
1000
0.6.0
1070
2
1000
IN
1000
AC
1000
left
1040
0.0
1040
0.0
1070
1
1000
OUT
1000
AC
1000
right
1040
15.0
1040
0.0
1070
1
1000
NMX-J-136-ANCE-2019 4.2.75 (TP)
  0
BLOCK_RECORD
  5
3E0
330
9
100
AcDbSymbolTableRecord
100
AcDbBlockTableRecord
  2
PVSLD_BUSBAR
340
0
 70
0
280
1
281
0
1001
PVSLD
1000
pvsld.block/1
1000
0.6.0
1070
2
1000
L
1000
DC
1000
left
1040
0.0
1040
0.0
1070
1
1000
R
1000
DC
1000
right
1040
30.0
1040
0.0
1070
0
1000
CFE G0100-04 Apéndice D, figs. D1 y D2 (barra de ramas)
  0
BLOCK_RECORD
  5
3EF
330
9
100
AcDbSymbolTableRecord
100
AcDbBlockTableRecord
  2
PVSLD_TERMINAL
340
0
 70
0
280
1
281
0
1001
PVSLD
1000
pvsld.block/1
1000
0.6.0
1070
2
1000
L
1000
ANY
1000
left
1040
0.0
1040
0.0
1070
1
1000
R
1000
ANY
1000
right
1040
2.5
1040
0.0
1070
0
1000
NMX-J-136-ANCE-2019 4.2.140 (IEC S00017)
  0
BLOCK_RECORD
  5
3FA
330
9
100
AcDbSymbolTableRecord
100
AcDbBlockTableRecord
  2
PVSLD_CROSSING
340
0
 70
0
280
1
281
0
1001
PVSLD
1000
pvsld.block/1
1000
0.6.0
1070
4
1000
W
1000
ANY
1000
left
1040
0.0
1040
0.0
1070
1
1000
E
1000
ANY
1000
right
1040
10.0
1040
0.0
1070
1
1000
N
1000
ANY
1000
up
1040
5.0
1040
5.0
1070
1
1000
S
1000
ANY
1000
down
1040
5.0
1040
-5.0
1070
1
1000
NMX-J-136-ANCE-2019 4.2.12
  0
BLOCK_RECORD
  5
405
330
9
100
AcDbSymbolTableRecord
100
AcDbBlockTableRecord
  2
PVSLD_JUNCTION
340
0
 70
0
280
1
281
0
1001
PVSLD
1000
pvsld.block/1
1000
0.6.0
1070
0
1000
CFE G0100-04 Apéndice D
  0
BLOCK_RECORD
  5
40F
330
9
100
AcDbSymbolTableRecord
100
AcDbBlockTableRecord
  2
PVSLD_COND_MARK
340
0
 70
0
280
1
281
0
1001
PVSLD
1000
pvsld.block/1
1000
0.6.0
1070
0
1000
CFE G0100-04 Apéndice D
  0
BLOCK_RECORD
  5
41B
330
9
100
AcDbSymbolTableRecord
100
AcDbBlockTableRecord
  2
PVSLD_POL_POS
340
0
 70
0
280
1
281
0
1001
PVSLD
1000
pvsld.block/1
1000
0.6.0
1070
0
1000
CFE G0100-04 Apéndice D
  0
BLOCK_RECORD
  5
426
330
9
100
AcDbSymbolTableRecord
100
AcDbBlockTableRecord
  2
PVSLD_POL_NEG
340
0
 70
0
280
1
281
0
1001
PVSLD
1000
pvsld.block/1
1000
0.6.0
1070
0
1000
CFE G0100-04 Apéndice D
  0
BLOCK_RECORD
  5
430
330
9
100
AcDbSymbolTableRecord
100
AcDbBlockTableRecord
  2
PVSLD_ENCLOSURE
340
0
 70
0
280
1
281
0
1001
PVSLD
1000
pvsld.block/1
1000
0.6.0
1070
0
1000
CFE G0100-04 Apéndice C
  0
BLOCK_RECORD
  5
43B
330
9
100
AcDbSymbolTableRecord
100
AcDbBlockTableRecord
  2
PVSLD_BOUNDARY
340
0
 70
0
280
1
281
0
1001
PVSLD
1000
pvsld.block/1
1000
0.6.0
1070
0
1000
pvsld (composición); línea punto-punto-raya con los rótulos CFE y USUARIO
  0
BLOCK_RECORD
  5
447
330
9
100
AcDbSymbolTableRecord
100
AcDbBlockTableRecord
  2
PVSLD_TTLB
340
0
 70
0
280
1
281
0
1001
PVSLD
1000
pvsld.block/1
1000
0.6.0
1070
0
1000
pvsld (sin símbolo en CFE G0100-04 ni IEC 60617)
  0
BLOCK_RECORD
  5
581
330
9
100
AcDbSymbolTableRecord
100
AcDbBlockTableRecord
  2
*Paper_Space0
340
584
 70
0
280
1
281
0
  0
BLOCK_RECORD
  5
663
330
9
100
AcDbSymbolTableRecord
100
AcDbBlockTableRecord
  2
*Paper_Space1
340
666
 70
0
280
1
281
0
  0
ENDTAB
  0
ENDSEC
  0
SECTION
  2
BLOCKS
  0
BLOCK
  5
18
330
17
100
AcDbEntity
  8
0
100
AcDbBlockBegin
  2
*Model_Space
 70
0
 10
0.0
 20
0.0
 30
0.0
  3
*Model_Space
  1

  0
ENDBLK
  5
19
330
17
100
AcDbEntity
  8
0
100
AcDbBlockEnd
  0
BLOCK
  5
1C
330
1B
100
AcDbEntity
  8
0
100
AcDbBlockBegin
  2
*Paper_Space
 70
0
 10
0.0
 20
0.0
 30
0.0
  3
*Paper_Space
  1

  0
ENDBLK
  5
1D
330
1B
100
AcDbEntity
  8
0
100
AcDbBlockEnd
  0
BLOCK
  5
49
330
48
100
AcDbEntity
  8
0
100
AcDbBlockBegin
  2
PVSLD_PV_MODULE
 70
2
 10
0.0
 20
0.0
 30
0.0
  3
PVSLD_PV_MODULE
  1

  0
LWPOLYLINE
  5
4B
330
48
100
AcDbEntity
  8
E-PVDC-EQPM
100
AcDbPolyline
 90
4
 70
1
 10
0.0
 20
-10.0
 10
10.0
 20
-10.0
 10
10.0
 20
10.0
 10
0.0
 20
10.0
  0
LWPOLYLINE
  5
4C
330
48
100
AcDbEntity
  8
E-PVDC-EQPM
100
AcDbPolyline
 90
3
 70
0
 10
0.0
 20
10.0
 10
5.0
 20
2.5
 10
10.0
 20
10.0
  0
ATTDEF
  5
4D
330
48
100
AcDbEntity
  8
E-ANNO-TAGS
100
AcDbText
 10
12.5
 20
5.0
 30
0.0
 40
3.5
  1

  7
PVSLD_STD
100
AcDbAttributeDefinition
  3
Identificador
  2
TAG
 70
0
 71
1
 72
0
  0
ATTDEF
  5
4E
330
48
100
AcDbEntity
  8
E-ANNO-TAGS
100
AcDbText
 10
12.5
 20
0.5
 30
0.0
 40
2.5
  1
Módulo fotovoltaico
  7
PVSLD_STD
100
AcDbAttributeDefinition
  3
Descripción
  2
DESC
 70
0
 71
1
 72
0
  0
ATTDEF
  5
4F
330
48
100
AcDbEntity
  8
E-ANNO-TAGS
100
AcDbText
 10
0.0
 20
0.0
 30
0.0
 40
2.5
  1

  7
PVSLD_STD
100
AcDbAttributeDefinition
  3
Identificador en el modelo
  2
COMP_ID
 70
1
 71
1
 72
0
  0
ATTDEF
  5
50
330
48
100
AcDbEntity
  8
E-ANNO-TAGS
100
AcDbText
 10
0.0
 20
0.0
 30
0.0
 40
2.5
  1
IEC 60617 S00908
  7
PVSLD_STD
100
AcDbAttributeDefinition
  3
Referencia IEC 60617
  2
IEC_REF
 70
1
 71
1
 72
0
  0
ATTDEF
  5
51
330
48
100
AcDbEntity
  8
E-ANNO-TAGS
100
AcDbText
 10
0.0
 20
0.0
 30
0.0
 40
2.5
  1
NMX-J-136-ANCE-2019 4.2.265 (IEC S00908)
  7
PVSLD_STD
100
AcDbAttributeDefinition
  3
Referencia NMX-J-136-ANCE
  2
NMX_REF
 70
1
 71
1
 72
0
  0
ATTDEF
  5
52
330
48
100
AcDbEntity
  8
E-ANNO-TAGS
100
AcDbText
 10
0.0
 20
0.0
 30
0.0
 40
2.5
  1
CFE G0100-04 Apéndice C
  7
PVSLD_STD
100
AcDbAttributeDefinition
  3
Norma de origen del símbolo
  2
SOURCE_STANDARD
 70
1
 71
1
 72
0
  0
ATTDEF
  5
53
330
48
100
AcDbEntity
  8
E-ANNO-TAGS
100
AcDbText
 10
12.5
 20
-4.0
 30
0.0
 40
2.5
  1

  7
PVSLD_STD
100
AcDbAttributeDefinition
  3
Modelo del módulo
  2
MODEL
 70
0
 71
1
 72
0
  0
ATTDEF
  5
54
330
48
100
AcDbEntity
  8
E-ANNO-TAGS
100
AcDbText
 10
0.0
 20
0.0
 30
0.0
 40
2.5
  1

  7
PVSLD_STD
100
AcDbAttributeDefinition
  3
Fabricante del módulo
  2
MFR
 70
1
 71
1
 72
0
  0
ATTDEF
  5
55
330
48
100
AcDbEntity
  8
E-ANNO-TAGS
100
AcDbText
 10
0.0
 20
0.0
 30
0.0
 40
2.5
  1

  7
PVSLD_STD
100
AcDbAttributeDefinition
  3
Potencia del módulo (W)
  2
PMAX_W
 70
1
 71
1
 72
0
  0
ATTDEF
  5
56
330
48
100
AcDbEntity
  8
E-ANNO-TAGS
100
AcDbText
 10
0.0
 20
0.0
 30
0.0
 40
2.5
  1

  7
PVSLD_STD
100
AcDbAttributeDefinition
  3
Voc en STC (V)
  2
VOC_V
 70
1
 71
1
 72
0
  0
ATTDEF
  5
57
330
48
100
AcDbEntity
  8
E-ANNO-TAGS
100
AcDbText
 10
0.0
 20
0.0
 30
0.0
 40
2.5
  1

  7
PVSLD_STD
100
AcDbAttributeDefinition
  3
Vmp en STC (V)
  2
VMP_V
 70
1
 71
1
 72
0
  0
ATTDEF
  5
58
330
48
100
AcDbEntity
  8
E-ANNO-TAGS
100
AcDbText
 10
0.0
 20
0.0
 30
0.0
 40
2.5
  1

  7
PVSLD_STD
100
AcDbAttributeDefinition
  3
Isc del módulo (A)
  2
ISC_A
 70
1
 71
1
 72
0
  0
ATTDEF
  5
59
330
48
100
AcDbEntity
  8
E-ANNO-TAGS
100
AcDbText
 10
0.0
 20
0.0
 30
0.0
 40
2.5
  1

  7
PVSLD_STD
100
AcDbAttributeDefinition
  3
Imp del módulo (A)
  2
IMP_A
 70
1
 71
1
 72
0
  0
ENDBLK
  5
4A
330
48
100
AcDbEntity
  8
0
100
AcDbBlockEnd
  0
BLOCK
  5
5B
330
5A
100
AcDbEntity
  8
0
100
AcDbBlockBegin
  2
PVSLD_PV_STRING
 70
2
 10
0.0
 20
0.0
 30
0.0
  3
PVSLD_PV_STRING
  1

  0
LWPOLYLINE
  5
5D
330
5A
100
AcDbEntity
  8
E-PVDC-EQPM
100
AcDbPolyline
 90
4
 70
1
 10
0.0
 20
-10.0
 10
10.0
 20
-10.0
 10
10.0
 20
10.0
 10
0.0
 20
10.0
  0
LWPOLYLINE
  5
5E
330
5A
100
AcDbEntity
  8
E-PVDC-EQPM
100
AcDbPolyline
 90
3
 70
0
 10
0.0
 20
10.0
 10
5.0
 20
2.5
 10
10.0
 20
10.0
  0
LWPOLYLINE
  5
5F
330
5A
100
AcDbEntity
  8
E-PVDC-EQPM
100
AcDbPolyline
 90
4
 70
1
 10
20.0
 20
-10.0
 10
30.0
 20
-10.0
 10
30.0
 20
10.0
 10
20.0
 20
10.0
  0
LWPOLYLINE
  5
60
330
5A
100
AcDbEntity
  8
E-PVDC-EQPM
100
AcDbPolyline
 90
3
 70
0
 10
20.0
 20
10.0
 10
25.0
 20
2.5
 10
30.0
 20
10.0
  0
HATCH
  5
61
330
5A
100
AcDbEntity
  8
E-PVDC-EQPM
100
AcDbHatch
 10
0.0
 20
0.0
 30
0.0
210
0.0
220
0.0
230
1.0
  2
SOLID
 70
1
 71
0
 91
1
 92
3
 72
1
 73
1
 93
2
 10
11.9
 20
0.0
 42
1.0
 10
13.1
 20
0.0
 42
1.0
 97
0
 75
0
 76
1
 98
0
  0
HATCH
  5
62
330
5A
100
AcDbEntity
  8
E-PVDC-EQPM
100
AcDbHatch
 10
0.0
 20
0.0
 30
0.0
210
0.0
220
0.0
230
1.0
  2
SOLID
 70
1
 71
0
 91
1
 92
3
 72
1
 73
1
 93
2
 10
14.4
 20
0.0
 42
1.0
 10
15.6
 20
0.0
 42
1.0
 97
0
 75
0
 76
1
 98
0
  0
HATCH
  5
63
330
5A
100
AcDbEntity
  8
E-PVDC-EQPM
100
AcDbHatch
 10
0.0
 20
0.0
 30
0.0
210
0.0
220
0.0
230
1.0
  2
SOLID
 70
1
 71
0
 91
1
 92
3
 72
1
 73
1
 93
2
 10
16.9
 20
0.0
 42
1.0
 10
18.1
 20
0.0
 42
1.0
 97
0
 75
0
 76
1
 98
0
  0
ATTDEF
  5
64
330
5A
100
AcDbEntity
  8
E-ANNO-TAGS
100
AcDbText
 10
0.0
 20
12.5
 30
0.0
 40
3.5
  1

  7
PVSLD_STD
100
AcDbAttributeDefinition
  3
Identificador
  2
TAG
 70
0
 71
1
 72
0
  0
ATTDEF
  5
65
330
5A
100
AcDbEntity
  8
E-ANNO-TAGS
100
AcDbText
 10
0.0
 20
-14.5
 30
0.0
 40
2.5
  1
Rama de módulos fotovoltaicos en serie
  7
PVSLD_STD
100
AcDbAttributeDefinition
  3
Descripción
  2
DESC
 70
0
 71
1
 72
0
  0
ATTDEF
  5
66
330
5A
100
AcDbEntity
  8
E-ANNO-TAGS
100
AcDbText
 10
0.0
 20
0.0
 30
0.0
 40
2.5
  1

  7
PVSLD_STD
100
AcDbAttributeDefinition
  3
Identificador en el modelo
  2
COMP_ID
 70
1
 71
1
 72
0
  0
ATTDEF
  5
67
330
5A
100
AcDbEntity
  8
E-ANNO-TAGS
100
AcDbText
 10
0.0
 20
0.0
 30
0.0
 40
2.5
  1
IEC 60617 S00908
  7
PVSLD_STD
100
AcDbAttributeDefinition
  3
Referencia IEC 60617
  2
IEC_REF
 70
1
 71
1
 72
0
  0
ATTDEF
  5
68
330
5A
100
AcDbEntity
  8
E-ANNO-TAGS
100
AcDbText
 10
0.0
 20
0.0
 30
0.0
 40
2.5
  1
NMX-J-136-ANCE (pendiente)
  7
PVSLD_STD
100
AcDbAttributeDefinition
  3
Referencia NMX-J-136-ANCE
  2
NMX_REF
 70
1
 71
1
 72
0
  0
ATTDEF
  5
69
330
5A
100
AcDbEntity
  8
E-ANNO-TAGS
100
AcDbText
 10
0.0
 20
0.0
 30
0.0
 40
2.5
  1
CFE G0100-04 Apéndices C y D
  7
PVSLD_STD
100
AcDbAttributeDefinition
  3
Norma de origen del símbolo
  2
SOURCE_STANDARD
 70
1
 71
1
 72
0
  0
ATTDEF
  5
6A
330
5A
100
AcDbEntity
  8
E-ANNO-TAGS
100
AcDbText
 10
0.0
 20
-18.5
 30
0.0
 40
2.5
  1

  7
PVSLD_STD
100
AcDbAttributeDefinition
  3
Modelo del módulo
  2
MODEL
 70
0
 71
1
 72
0
  0
ATTDEF
  5
6B
330
5A
100
AcDbEntity
  8
E-ANNO-TAGS
100
AcDbText
 10
0.0
 20
0.0
 30
0.0
 40
2.5
  1

  7
PVSLD_STD
100
AcDbAttributeDefinition
  3
Fabricante del módulo
  2
MFR
 70
1
 71
1
 72
0
  0
ATTDEF
  5
6C
330
5A
100
AcDbEntity
  8
E-ANNO-TAGS
100
AcDbText
 10
0.0
 20
0.0
 30
0.0
 40
2.5
  1

  7
PVSLD_STD
100
AcDbAttributeDefinition
  3
Entrada MPPT del inversor
  2
MPPT
 70
1
 71
1
 72
0
  0
ATTDEF
  5
6D
330
5A
100
AcDbEntity
  8
E-ANNO-TAGS
100
AcDbText
 10
0.0
 20
0.0
 30
0.0
 40
2.5
  1

  7
PVSLD_STD
100
AcDbAttributeDefinition
  3
Potencia del módulo (W)
  2
PMAX_W
 70
1
 71
1
 72
0
  0
ATTDEF
  5
6E
330
5A
100
AcDbEntity
  8
E-ANNO-TAGS
100
AcDbText
 10
0.0
 20
0.0
 30
0.0
 40
2.5
  1

  7
PVSLD_STD
100
AcDbAttributeDefinition
  3
Módulos en serie
  2
N_SERIES
 70
1
 71
1
 72
0
  0
ATTDEF
  5
6F
330
5A
100
AcDbEntity
  8
E-ANNO-TAGS
100
AcDbText
 10
0.0
 20
0.0
 30
0.0
 40
2.5
  1

  7
PVSLD_STD
100
AcDbAttributeDefinition
  3
Potencia de la rama (kWp)
  2
KWP
 70
1
 71
1
 72
0
  0
ATTDEF
  5
70
330
5A
100
AcDbEntity
  8
E-ANNO-TAGS
100
AcDbText
 10
0.0
 20
0.0
 30
0.0
 40
2.5
  1

  7
PVSLD_STD
100
AcDbAttributeDefinition
  3
Voc máxima a T mín (V)
  2
VOC_MAX_V
 70
1
 71
1
 72
0
  0
ATTDEF
  5
71
330
5A
100
AcDbEntity
  8
E-ANNO-TAGS
100
AcDbText
 10
0.0
 20
0.0
 30
0.0
 40
2.5
  1

  7
PVSLD_STD
100
AcDbAttributeDefinition
  3
Vmp en STC de la rama (V)
  2
VMP_V
 70
1
 71
1
 72
0
  0
ATTDEF
  5
72
330
5A
100
AcDbEntity
  8
E-ANNO-TAGS
100
AcDbText
 10
0.0
 20
0.0
 30
0.0
 40
2.5
  1

  7
PVSLD_STD
100
AcDbAttributeDefinition
  3
Isc del módulo (A)
  2
ISC_A
 70
1
 71
1
 72
0
  0
ATTDEF
  5
73
330
5A
100
AcDbEntity
  8
E-ANNO-TAGS
100
AcDbText
 10
0.0
 20
0.0
 30
0.0
 40
2.5
  1

  7
PVSLD_STD
100
AcDbAttributeDefinition
  3
Imp del módulo (A)
  2
IMP_A
 70
1
 71
1
 72
0
  0
ENDBLK
  5
5C
330
5A
100
AcDbEntity
  8
0
100
AcDbBlockEnd
  0
BLOCK
  5
75
330
74
100
AcDbEntity
  8
0
100
AcDbBlockBegin
  2
PVSLD_DIODE
 70
2
 10
0.0
 20
0.0
 30
0.0
  3
PVSLD_DIODE
  1

  0
LINE
  5
77
330
74
100
AcDbEntity
  8
E-PVDC-EQPM
100
AcDbLine
 10
0.0
 20
0.0
 30
0.0
 11
0.0
 21
-5.0
 31
0.0
  0
LINE
  5
78
330
74
100
AcDbEntity
  8
E-PVDC-EQPM
100
AcDbLine
 10
-4.0
 20
-5.0
 30
0.0
 11
4.0
 21
-5.0
 31
0.0
  0
LWPOLYLINE
  5
79
330
74
100
AcDbEntity
  8
E-PVDC-EQPM
100
AcDbPolyline
 90
3
 70
1
 10
0.0
 20
-5.0
 10
-3.5
 20
-12.5
 10
3.5
 20
-12.5
  0
LINE
  5
7A
330
74
100
AcDbEntity
  8
E-PVDC-EQPM
100
AcDbLine
 10
0.0
 20
-12.5
 30
0.0
 11
0.0
 21
-17.5
 31
0.0
  0
ATTDEF
  5
7B
330
74
100
AcDbEntity
  8
E-ANNO-TAGS
100
AcDbText
 10
6.0
 20
-6.0
 30
0.0
 40
3.5
  1

  7
PVSLD_STD
100
AcDbAttributeDefinition
  3
Identificador
  2
TAG
 70
0
 71
1
 72
0
  0
ATTDEF
  5
7C
330
74
100
AcDbEntity
  8
E-ANNO-TAGS
100
AcDbText
 10
6.0
 20
-10.0
 30
0.0
 40
2.5
  1
Diodo de paso
  7
PVSLD_STD
100
AcDbAttributeDefinition
  3
Descripción
  2
DESC
 70
0
 71
1
 72
0
  0
ATTDEF
  5
7D
330
74
100
AcDbEntity
  8
E-ANNO-TAGS
100
AcDbText
 10
0.0
 20
0.0
 30
0.0
 40
2.5
  1

  7
PVSLD_STD
100
AcDbAttributeDefinition
  3
Identificador en el modelo
  2
COMP_ID
 70
1
 71
1
 72
0
  0
ATTDEF
  5
7E
330
74
100
AcDbEntity
  8
E-ANNO-TAGS
100
AcDbText
 10
0.0
 20
0.0
 30
0.0
 40
2.5
  1
-
  7
PVSLD_STD
100
AcDbAttributeDefinition
  3
Referencia IEC 60617
  2
IEC_REF
 70
1
 71
1
 72
0
  0
ATTDEF
  5
7F
330
74
100
AcDbEntity
  8
E-ANNO-TAGS
100
AcDbText
 10
0.0
 20
0.0
 30
0.0
 40
2.5
  1
NMX-J-136-ANCE-2019 4.2.96
  7
PVSLD_STD
100
AcDbAttributeDefinition
  3
Referencia NMX-J-136-ANCE
  2
NMX_REF
 70
1
 71
1
 72
0
  0
ATTDEF
  5
80
330
74
100
AcDbEntity
  8
E-ANNO-TAGS
100
AcDbText
 10
0.0
 20
0.0
 30
0.0
 40
2.5
  1
CFE G0100-04 Apéndice C
  7
PVSLD_STD
100
AcDbAttributeDefinition
  3
Norma de origen del símbolo
  2
SOURCE_STANDARD
 70
1
 71
1
 72
0
  0
ATTDEF
  5
81
330
74
100
AcDbEntity
  8
E-ANNO-TAGS
100
AcDbText
 10
0.0
 20
0.0
 30
0.0
 40
2.5
  1

  7
PVSLD_STD
100
AcDbAttributeDefinition
  3
Corriente nominal (A)
  2
RATING_A
 70
1
 71
1
 72
0
  0
ATTDEF
  5
82
330
74
100
AcDbEntity
  8
E-ANNO-TAGS
100
AcDbText
 10
0.0
 20
0.0
 30
0.0
 40
2.5
  1

  7
PVSLD_STD
100
AcDbAttributeDefinition
  3
Tensión inversa (V)
  2
VRRM_V
 70
1
 71
1
 72
0
  0
ENDBLK
  5
76
330
74
100
AcDbEntity
  8
0
100
AcDbBlockEnd
  0
BLOCK
  5
84
330
83
100
AcDbEntity
  8
0
100
AcDbBlockBegin
  2
PVSLD_COMBINER
 70
2
 10
0.0
 20
0.0
 30
0.0
  3
PVSLD_COMBINER
  1

  0
LWPOLYLINE
  5
86
330
83
100
AcDbEntity
  8
E-ANNO-ENCL
  6
DASHED
100
AcDbPolyline
 90
4
 70
1
 10
0.0
 20
-25.0
 10
60.0
 20
-25.0
 10
60.0
 20
15.0
 10
0.0
 20
15.0
  0
LINE
  5
87
330
83
100
AcDbEntity
  8
E-PVDC-EQPM
100
AcDbLine
 10
0.0
 20
7.5
 30
0.0
 11
5.0
 21
7.5
 31
0.0
  0
LINE
  5
88
330
83
100
AcDbEntity
  8
E-PVDC-EQPM
100
AcDbLine
 10
5.0
 20
7.5
 30
0.0
 11
8.5
 21
7.5
 31
0.0
  0
ARC
  5
89
330
83
100
AcDbEntity
  8
E-PVDC-EQPM
100
AcDbCircle
 10
11.0
 20
7.0545
 30
0.0
 40
3.4455
100
AcDbArc
 50
29.5
 51
150.5
  0
LINE
  5
8A
330
83
100
AcDbEntity
  8
E-PVDC-EQPM
100
AcDbLine
 10
13.0
 20
7.5
 30
0.0
 11
16.0
 21
7.5
 31
0.0
  0
CIRCLE
  5
8B
330
83
100
AcDbEntity
  8
E-PVDC-EQPM
100
AcDbCircle
 10
17.0
 20
7.5
 30
0.0
 40
1.0
  0
LINE
  5
8C
330
83
100
AcDbEntity
  8
E-PVDC-EQPM
100
AcDbLine
 10
18.0
 20
7.5
 30
0.0
 11
20.0
 21
7.5
 31
0.0
  0
LWPOLYLINE
  5
8D
330
83
100
AcDbEntity
  8
E-PVDC-EQPM
100
AcDbPolyline
 90
4
 70
0
 10
20.0
 20
7.5
 10
21.5
 20
9.0
 10
23.5
 20
6.0
 10
25.0
 20
7.5
  0
LINE
  5
8E
330
83
100
AcDbEntity
  8
E-PVDC-EQPM
100
AcDbLine
 10
25.0
 20
7.5
 30
0.0
 11
35.0
 21
7.5
 31
0.0
  0
LINE
  5
8F
330
83
100
AcDbEntity
  8
E-PVDC-EQPM
100
AcDbLine
 10
0.0
 20
-7.5
 30
0.0
 11
5.0
 21
-7.5
 31
0.0
  0
LINE
  5
90
330
83
100
AcDbEntity
  8
E-PVDC-EQPM
100
AcDbLine
 10
5.0
 20
-7.5
 30
0.0
 11
8.5
 21
-7.5
 31
0.0
  0
ARC
  5
91
330
83
100
AcDbEntity
  8
E-PVDC-EQPM
100
AcDbCircle
 10
11.0
 20
-7.9455
 30
0.0
 40
3.4455
100
AcDbArc
 50
29.5
 51
150.5
  0
LINE
  5
92
330
83
100
AcDbEntity
  8
E-PVDC-EQPM
100
AcDbLine
 10
13.0
 20
-7.5
 30
0.0
 11
16.0
 21
-7.5
 31
0.0
  0
CIRCLE
  5
93
330
83
100
AcDbEntity
  8
E-PVDC-EQPM
100
AcDbCircle
 10
17.0
 20
-7.5
 30
0.0
 40
1.0
  0
LINE
  5
94
330
83
100
AcDbEntity
  8
E-PVDC-EQPM
100
AcDbLine
 10
18.0
 20
-7.5
 30
0.0
 11
20.0
 21
-7.5
 31
0.0
  0
LWPOLYLINE
  5
95
330
83
100
AcDbEntity
  8
E-PVDC-EQPM
100
AcDbPolyline
 90
4
 70
0
 10
20.0
 20
-7.5
 10
21.5
 20
-6.0
 10
23.5
 20
-9.0
 10
25.0
 20
-7.5
  0
LINE
  5
96
330
83
100
AcDbEntity
  8
E-PVDC-EQPM
100
AcDbLine
 10
25.0
 20
-7.5
 30
0.0
 11
35.0
 21
-7.5
 31
0.0
  0
LINE
  5
97
330
83
100
AcDbEntity
  8
E-PVDC-EQPM
100
AcDbLine
 10
35.0
 20
7.5
 30
0.0
 11
35.0
 21
-7.5
 31
0.0
  0
HATCH
  5
98
330
83
100
AcDbEntity
  8
E-PVDC-COND
100
AcDbHatch
 10
0.0
 20
0.0
 30
0.0
210
0.0
220
0.0
230
1.0
  2
SOLID
 70
1
 71
0
 91
1
 92
3
 72
1
 73
1
 93
2
 10
34.2
 20
7.5
 42
1.0
 10
35.8
 20
7.5
 42
1.0
 97
0
 75
0
 76
1
 98
0
  0
HATCH
  5
99
330
83
100
AcDbEntity
  8
E-PVDC-COND
100
AcDbHatch
 10
0.0
 20
0.0
 30
0.0
210
0.0
220
0.0
230
1.0
  2
SOLID
 70
1
 71
0
 91
1
 92
3
 72
1
 73
1
 93
2
 10
34.2
 20
0.0
 42
1.0
 10
35.8
 20
0.0
 42
1.0
 97
0
 75
0
 76
1
 98
0
  0
HATCH
  5
9A
330
83
100
AcDbEntity
  8
E-PVDC-COND
100
AcDbHatch
 10
0.0
 20
0.0
 30
0.0
210
0.0
220
0.0
230
1.0
  2
SOLID
 70
1
 71
0
 91
1
 92
3
 72
1
 73
1
 93
2
 10
34.2
 20
-7.5
 42
1.0
 10
35.8
 20
-7.5
 42
1.0
 97
0
 75
0
 76
1
 98
0
  0
LINE
  5
9B
330
83
100
AcDbEntity
  8
E-PVDC-EQPM
100
AcDbLine
 10
35.0
 20
0.0
 30
0.0
 11
60.0
 21
0.0
 31
0.0
  0
HATCH
  5
9C
330
83
100
AcDbEntity
  8
E-PVDC-COND
100
AcDbHatch
 10
0.0
 20
0.0
 30
0.0
210
0.0
220
0.0
230
1.0
  2
SOLID
 70
1
 71
0
 91
1
 92
3
 72
1
 73
1
 93
2
 10
44.2
 20
0.0
 42
1.0
 10
45.8
 20
0.0
 42
1.0
 97
0
 75
0
 76
1
 98
0
  0
LINE
  5
9D
330
83
100
AcDbEntity
  8
E-PVDC-EQPM
100
AcDbLine
 10
45.0
 20
0.0
 30
0.0
 11
45.0
 21
-5.0
 31
0.0
  0
LWPOLYLINE
  5
9E
330
83
100
AcDbEntity
  8
E-PVDC-EQPM
100
AcDbPolyline
 90
4
 70
1
 10
42.5
 20
-15.0
 10
47.5
 20
-15.0
 10
47.5
 20
-5.0
 10
42.5
 20
-5.0
  0
LWPOLYLINE
  5
9F
330
83
100
AcDbEntity
  8
E-PVDC-EQPM
100
AcDbPolyline
 90
4
 70
0
 10
41.0
 20
-15.0
 10
41.0
 20
-11.5
 10
49.0
 20
-8.5
 10
49.0
 20
-5.0
  0
LINE
  5
A0
330
83
100
AcDbEntity
  8
E-PVDC-EQPM
100
AcDbLine
 10
45.0
 20
-15.0
 30
0.0
 11
45.0
 21
-25.0
 31
0.0
  0
ATTDEF
  5
A1
330
83
100
AcDbEntity
  8
E-ANNO-TAGS
100
AcDbText
 10
0.0
 20
17.5
 30
0.0
 40
3.5
  1

  7
PVSLD_STD
100
AcDbAttributeDefinition
  3
Identificador
  2
TAG
 70
0
 71
1
 72
0
  0
ATTDEF
  5
A2
330
83
100
AcDbEntity
  8
E-ANNO-TAGS
100
AcDbText
 10
0.0
 20
-29.5
 30
0.0
 40
2.5
  1
Caja combinadora de ramas (combiner)
  7
PVSLD_STD
100
AcDbAttributeDefinition
  3
Descripción
  2
DESC
 70
0
 71
1
 72
0
  0
ATTDEF
  5
A3
330
83
100
AcDbEntity
  8
E-ANNO-TAGS
100
AcDbText
 10
0.0
 20
0.0
 30
0.0
 40
2.5
  1

  7
PVSLD_STD
100
AcDbAttributeDefinition
  3
Identificador en el modelo
  2
COMP_ID
 70
1
 71
1
 72
0
  0
ATTDEF
  5
A4
330
83
100
AcDbEntity
  8
E-ANNO-TAGS
100
AcDbText
 10
0.0
 20
0.0
 30
0.0
 40
2.5
  1
-
  7
PVSLD_STD
100
AcDbAttributeDefinition
  3
Referencia IEC 60617
  2
IEC_REF
 70
1
 71
1
 72
0
  0
ATTDEF
  5
A5
330
83
100
AcDbEntity
  8
E-ANNO-TAGS
100
AcDbText
 10
0.0
 20
0.0
 30
0.0
 40
2.5
  1
NMX-J-136-ANCE (pendiente)
  7
PVSLD_STD
100
AcDbAttributeDefinition
  3
Referencia NMX-J-136-ANCE
  2
NMX_REF
 70
1
 71
1
 72
0
  0
ATTDEF
  5
A6
330
83
100
AcDbEntity
  8
E-ANNO-TAGS
100
AcDbText
 10
0.0
 20
0.0
 30
0.0
 40
2.5
  1
pvsld (composición) según CFE G0100-04 Apéndice D, figs. D1 y D2
  7
PVSLD_STD
100
AcDbAttributeDefinition
  3
Norma de origen del símbolo
  2
SOURCE_STANDARD
 70
1
 71
1
 72
0
  0
ATTDEF
  5
A7
330
83
100
AcDbEntity
  8
E-ANNO-TAGS
100
AcDbText
 10
0.0
 20
0.0
 30
0.0
 40
2.5
  1
2
  7
PVSLD_STD
100
AcDbAttributeDefinition
  3
Ramas conectadas
  2
N_STRINGS
 70
1
 71
1
 72
0
  0
ATTDEF
  5
A8
330
83
100
AcDbEntity
  8
E-ANNO-TAGS
100
AcDbText
 10
0.0
 20
0.0
 30
0.0
 40
2.5
  1

  7
PVSLD_STD
100
AcDbAttributeDefinition
  3
Corriente nominal de cada interruptor (A)
  2
RATING_A
 70
1
 71
1
 72
0
  0
ATTDEF
  5
A9
330
83
100
AcDbEntity
  8
E-ANNO-TAGS
100
AcDbText
 10
0.0
 20
0.0
 30
0.0
 40
2.5
  1

  7
PVSLD_STD
100
AcDbAttributeDefinition
  3
Tensión máxima CD (V)
  2
VOLT_V
 70
1
 71
1
 72
0
  0
ATTDEF
  5
AA
330
83
100
AcDbEntity
  8
E-ANNO-TAGS
100
AcDbText
 10
0.0
 20
0.0
 30
0.0
 40
2.5
  1

  7
PVSLD_STD
100
AcDbAttributeDefinition
  3
Tipo de DPS
  2
SPD_TYPE
 70
1
 71
1
 72
0
  0
ENDBLK
  5
85
330
83
100
AcDbEntity
  8
0
100
AcDbBlockEnd
  0
BLOCK
  5
AC
330
AB
100
AcDbEntity
  8
0
100
AcDbBlockBegin
  2
PVSLD_BATTERY
 70
2
 10
0.0
 20
0.0
 30
0.0
  3
PVSLD_BATTERY
  1

  0
LINE
  5
AE
330
AB
100
AcDbEntity
  8
E-BATT-EQPM
100
AcDbLine
 10
0.0
 20
0.0
 30
0.0
 11
5.0
 21
0.0
 31
0.0
  0
LINE
  5
AF
330
AB
100
AcDbEntity
  8
E-BATT-EQPM
370
50
100
AcDbLine
 10
5.0
 20
-3.5
 30
0.0
 11
5.0
 21
3.5
 31
0.0
  0
LINE
  5
B0
330
AB
100
AcDbEntity
  8
E-BATT-EQPM
370
50
100
AcDbLine
 10
7.5
 20
-6.25
 30
0.0
 11
7.5
 21
6.25
 31
0.0
  0
LINE
  5
B1
330
AB
100
AcDbEntity
  8
E-BATT-EQPM
370
50
100
AcDbLine
 10
10.0
 20
-3.5
 30
0.0
 11
10.0
 21
3.5
 31
0.0
  0
LINE
  5
B2
330
AB
100
AcDbEntity
  8
E-BATT-EQPM
370
50
100
AcDbLine
 10
12.5
 20
-6.25
 30
0.0
 11
12.5
 21
6.25
 31
0.0
  0
LINE
  5
B3
330
AB
100
AcDbEntity
  8
E-BATT-EQPM
370
50
100
AcDbLine
 10
15.0
 20
-3.5
 30
0.0
 11
15.0
 21
3.5
 31
0.0
  0
LINE
  5
B4
330
AB
100
AcDbEntity
  8
E-BATT-EQPM
370
50
100
AcDbLine
 10
17.5
 20
-6.25
 30
0.0
 11
17.5
 21
6.25
 31
0.0
  0
LINE
  5
B5
330
AB
100
AcDbEntity
  8
E-BATT-EQPM
370
50
100
AcDbLine
 10
20.0
 20
-3.5
 30
0.0
 11
20.0
 21
3.5
 31
0.0
  0
LINE
  5
B6
330
AB
100
AcDbEntity
  8
E-BATT-EQPM
370
50
100
AcDbLine
 10
22.5
 20
-6.25
 30
0.0
 11
22.5
 21
6.25
 31
0.0
  0
LINE
  5
B7
330
AB
100
AcDbEntity
  8
E-BATT-EQPM
100
AcDbLine
 10
22.5
 20
0.0
 30
0.0
 11
27.5
 21
0.0
 31
0.0
  0
LINE
  5
B8
330
AB
100
AcDbEntity
  8
E-BATT-EQPM
100
AcDbLine
 10
23.5
 20
9.5
 30
0.0
 11
26.5
 21
9.5
 31
0.0
  0
LINE
  5
B9
330
AB
100
AcDbEntity
  8
E-BATT-EQPM
100
AcDbLine
 10
25.0
 20
8.0
 30
0.0
 11
25.0
 21
11.0
 31
0.0
  0
ATTDEF
  5
BA
330
AB
100
AcDbEntity
  8
E-ANNO-TAGS
100
AcDbText
 10
0.0
 20
13.5
 30
0.0
 40
3.5
  1

  7
PVSLD_STD
100
AcDbAttributeDefinition
  3
Identificador
  2
TAG
 70
0
 71
1
 72
0
  0
ATTDEF
  5
BB
330
AB
100
AcDbEntity
  8
E-ANNO-TAGS
100
AcDbText
 10
0.0
 20
-10.75
 30
0.0
 40
2.5
  1
Batería o banco de baterías
  7
PVSLD_STD
100
AcDbAttributeDefinition
  3
Descripción
  2
DESC
 70
0
 71
1
 72
0
  0
ATTDEF
  5
BC
330
AB
100
AcDbEntity
  8
E-ANNO-TAGS
100
AcDbText
 10
0.0
 20
0.0
 30
0.0
 40
2.5
  1

  7
PVSLD_STD
100
AcDbAttributeDefinition
  3
Identificador en el modelo
  2
COMP_ID
 70
1
 71
1
 72
0
  0
ATTDEF
  5
BD
330
AB
100
AcDbEntity
  8
E-ANNO-TAGS
100
AcDbText
 10
0.0
 20
0.0
 30
0.0
 40
2.5
  1
-
  7
PVSLD_STD
100
AcDbAttributeDefinition
  3
Referencia IEC 60617
  2
IEC_REF
 70
1
 71
1
 72
0
  0
ATTDEF
  5
BE
330
AB
100
AcDbEntity
  8
E-ANNO-TAGS
100
AcDbText
 10
0.0
 20
0.0
 30
0.0
 40
2.5
  1
NMX-J-136-ANCE-2019 4.2.280 (IEC S01365)
  7
PVSLD_STD
100
AcDbAttributeDefinition
  3
Referencia NMX-J-136-ANCE
  2
NMX_REF
 70
1
 71
1
 72
0
  0
ATTDEF
  5
BF
330
AB
100
AcDbEntity
  8
E-ANNO-TAGS
100
AcDbText
 10
0.0
 20
0.0
 30
0.0
 40
2.5
  1
NMX-J-136-ANCE-2019 4.2.280 (batería de celdas, forma 1)
  7
PVSLD_STD
100
AcDbAttributeDefinition
  3
Norma de origen del símbolo
  2
SOURCE_STANDARD
 70
1
 71
1
 72
0
  0
ATTDEF
  5
C0
330
AB
100
AcDbEntity
  8
E-ANNO-TAGS
100
AcDbText
 10
0.0
 20
0.0
 30
0.0
 40
2.5
  1

  7
PVSLD_STD
100
AcDbAttributeDefinition
  3
Tecnología
  2
CHEMISTRY
 70
1
 71
1
 72
0
  0
ATTDEF
  5
C1
330
AB
100
AcDbEntity
  8
E-ANNO-TAGS
100
AcDbText
 10
0.0
 20
0.0
 30
0.0
 40
2.5
  1

  7
PVSLD_STD
100
AcDbAttributeDefinition
  3
Capacidad (kWh)
  2
CAPACITY_KWH
 70
1
 71
1
 72
0
  0
ATTDEF
  5
C2
330
AB
100
AcDbEntity
  8
E-ANNO-TAGS
100
AcDbText
 10
0.0
 20
0.0
 30
0.0
 40
2.5
  1

  7
PVSLD_STD
100
AcDbAttributeDefinition
  3
Tensión nominal (V)
  2
VOLT_V
 70
1
 71
1
 72
0
  0
ATTDEF
  5
C3
330
AB
100
AcDbEntity
  8
E-ANNO-TAGS
100
AcDbText
 10
0.0
 20
0.0
 30
0.0
 40
2.5
  1

  7
PVSLD_STD
100
AcDbAttributeDefinition
  3
Celdas o módulos en serie
  2
CELLS
 70
1
 71
1
 72
0
  0
ENDBLK
  5
AD
330
AB
100
AcDbEntity
  8
0
100
AcDbBlockEnd
  0
BLOCK
  5
C5
330
C4
100
AcDbEntity
  8
0
100
AcDbBlockBegin
  2
PVSLD_INV
 70
2
 10
0.0
 20
0.0
 30
0.0
  3
PVSLD_INV
  1

  0
LWPOLYLINE
  5
C7
330
C4
100
AcDbEntity
  8
E-PVAC-EQPM
100
AcDbPolyline
 90
4
 70
1
 10
0.0
 20
-22.5
 10
50.0
 20
-22.5
 10
50.0
 20
22.5
 10
0.0
 20
22.5
  0
LINE
  5
C8
330
C4
100
AcDbEntity
  8
E-PVAC-EQPM
100
AcDbLine
 10
0.0
 20
-22.5
 30
0.0
 11
50.0
 21
22.5
 31
0.0
  0
LINE
  5
C9
330
C4
100
AcDbEntity
  8
E-PVAC-EQPM
100
AcDbLine
 10
8.0
 20
15.0
 30
0.0
 11
18.0
 21
15.0
 31
0.0
  0
LINE
  5
CA
330
C4
100
AcDbEntity
  8
E-PVAC-EQPM
100
AcDbLine
 10
8.0
 20
12.0
 30
0.0
 11
18.0
 21
12.0
 31
0.0
  0
LWPOLYLINE
  5
CB
330
C4
100
AcDbEntity
  8
E-PVAC-EQPM
100
AcDbPolyline
 90
25
 70
0
 10
33.0
 20
-13.0
 10
33.4167
 20
-12.353
 10
33.8333
 20
-11.75
 10
34.25
 20
-11.2322
 10
34.6667
 20
-10.8349
 10
35.0833
 20
-10.5852
 10
35.5
 20
-10.5
 10
35.9167
 20
-10.5852
 10
36.3333
 20
-10.8349
 10
36.75
 20
-11.2322
 10
37.1667
 20
-11.75
 10
37.5833
 20
-12.353
 10
38.0
 20
-13.0
 10
38.4167
 20
-13.647
 10
38.8333
 20
-14.25
 10
39.25
 20
-14.7678
 10
39.6667
 20
-15.1651
 10
40.0833
 20
-15.4148
 10
40.5
 20
-15.5
 10
40.9167
 20
-15.4148
 10
41.3333
 20
-15.1651
 10
41.75
 20
-14.7678
 10
42.1667
 20
-14.25
 10
42.5833
 20
-13.647
 10
43.0
 20
-13.0
  0
TEXT
  5
CC
330
C4
100
AcDbEntity
  8
E-ANNO-TAGS
100
AcDbText
 10
1.5
 20
11.5
 30
0.0
 40
2.5
  1
A
  7
PVSLD_STD
 11
1.5
 21
11.5
 31
0.0
100
AcDbText
  0
TEXT
  5
CD
330
C4
100
AcDbEntity
  8
E-ANNO-TAGS
100
AcDbText
 10
1.5
 20
-14.0
 30
0.0
 40
2.5
  1
B
  7
PVSLD_STD
 11
1.5
 21
-14.0
 31
0.0
100
AcDbText
  0
ATTDEF
  5
CE
330
C4
100
AcDbEntity
  8
E-ANNO-TAGS
100
AcDbText
 10
0.0
 20
36.5
 30
0.0
 40
3.5
  1

  7
PVSLD_STD
100
AcDbAttributeDefinition
  3
Identificador
  2
TAG
 70
0
 71
1
 72
0
  0
ATTDEF
  5
CF
330
C4
100
AcDbEntity
  8
E-ANNO-TAGS
100
AcDbText
 10
0.0
 20
32.5
 30
0.0
 40
2.5
  1
Inversor de red de cadena
  7
PVSLD_STD
100
AcDbAttributeDefinition
  3
Descripción
  2
DESC
 70
0
 71
1
 72
0
  0
ATTDEF
  5
D0
330
C4
100
AcDbEntity
  8
E-ANNO-TAGS
100
AcDbText
 10
0.0
 20
0.0
 30
0.0
 40
2.5
  1

  7
PVSLD_STD
100
AcDbAttributeDefinition
  3
Identificador en el modelo
  2
COMP_ID
 70
1
 71
1
 72
0
  0
ATTDEF
  5
D1
330
C4
100
AcDbEntity
  8
E-ANNO-TAGS
100
AcDbText
 10
0.0
 20
0.0
 30
0.0
 40
2.5
  1
IEC 60617 S00896
  7
PVSLD_STD
100
AcDbAttributeDefinition
  3
Referencia IEC 60617
  2
IEC_REF
 70
1
 71
1
 72
0
  0
ATTDEF
  5
D2
330
C4
100
AcDbEntity
  8
E-ANNO-TAGS
100
AcDbText
 10
0.0
 20
0.0
 30
0.0
 40
2.5
  1
NMX-J-136-ANCE-2019 4.2.357
  7
PVSLD_STD
100
AcDbAttributeDefinition
  3
Referencia NMX-J-136-ANCE
  2
NMX_REF
 70
1
 71
1
 72
0
  0
ATTDEF
  5
D3
330
C4
100
AcDbEntity
  8
E-ANNO-TAGS
100
AcDbText
 10
0.0
 20
0.0
 30
0.0
 40
2.5
  1
CFE G0100-04 Apéndice C
  7
PVSLD_STD
100
AcDbAttributeDefinition
  3
Norma de origen del símbolo
  2
SOURCE_STANDARD
 70
1
 71
1
 72
0
  0
ATTDEF
  5
D4
330
C4
100
AcDbEntity
  8
E-ANNO-TAGS
100
AcDbText
 10
0.0
 20
28.5
 30
0.0
 40
2.5
  1

  7
PVSLD_STD
100
AcDbAttributeDefinition
  3
Fabricante
  2
MFR
 70
0
 71
1
 72
0
  0
ATTDEF
  5
D5
330
C4
100
AcDbEntity
  8
E-ANNO-TAGS
100
AcDbText
 10
0.0
 20
24.5
 30
0.0
 40
2.5
  1

  7
PVSLD_STD
100
AcDbAttributeDefinition
  3
Modelo
  2
MODEL
 70
0
 71
1
 72
0
  0
ATTDEF
  5
D6
330
C4
100
AcDbEntity
  8
E-ANNO-TAGS
100
AcDbText
 10
0.0
 20
0.0
 30
0.0
 40
2.5
  1

  7
PVSLD_STD
100
AcDbAttributeDefinition
  3
Potencia CA nominal (W)
  2
PAC_W
 70
1
 71
1
 72
0
  0
ATTDEF
  5
D7
330
C4
100
AcDbEntity
  8
E-ANNO-TAGS
100
AcDbText
 10
0.0
 20
0.0
 30
0.0
 40
2.5
  1

  7
PVSLD_STD
100
AcDbAttributeDefinition
  3
Tensión CA nominal (V)
  2
VAC_V
 70
1
 71
1
 72
0
  0
ATTDEF
  5
D8
330
C4
100
AcDbEntity
  8
E-ANNO-TAGS
100
AcDbText
 10
0.0
 20
0.0
 30
0.0
 40
2.5
  1

  7
PVSLD_STD
100
AcDbAttributeDefinition
  3
Conductores energizados
  2
PHASES
 70
1
 71
1
 72
0
  0
ATTDEF
  5
D9
330
C4
100
AcDbEntity
  8
E-ANNO-TAGS
100
AcDbText
 10
0.0
 20
0.0
 30
0.0
 40
2.5
  1

  7
PVSLD_STD
100
AcDbAttributeDefinition
  3
Corriente CA máxima (A)
  2
IAC_MAX_A
 70
1
 71
1
 72
0
  0
ATTDEF
  5
DA
330
C4
100
AcDbEntity
  8
E-ANNO-TAGS
100
AcDbText
 10
0.0
 20
0.0
 30
0.0
 40
2.5
  1

  7
PVSLD_STD
100
AcDbAttributeDefinition
  3
Tensión CD máxima (V)
  2
VDC_MAX_V
 70
1
 71
1
 72
0
  0
ATTDEF
  5
DB
330
C4
100
AcDbEntity
  8
E-ANNO-TAGS
100
AcDbText
 10
0.0
 20
0.0
 30
0.0
 40
2.5
  1

  7
PVSLD_STD
100
AcDbAttributeDefinition
  3
Número de MPPT
  2
MPPT_N
 70
1
 71
1
 72
0
  0
ATTDEF
  5
DC
330
C4
100
AcDbEntity
  8
E-ANNO-TAGS
100
AcDbText
 10
0.0
 20
0.0
 30
0.0
 40
2.5
  1

  7
PVSLD_STD
100
AcDbAttributeDefinition
  3
Protección máxima CA (A)
  2
OCPD_MAX_A
 70
1
 71
1
 72
0
  0
ATTDEF
  5
DD
330
C4
100
AcDbEntity
  8
E-ANNO-TAGS
100
AcDbText
 10
0.0
 20
0.0
 30
0.0
 40
2.5
  1

  7
PVSLD_STD
100
AcDbAttributeDefinition
  3
Aislamiento
  2
ISOLATION
 70
1
 71
1
 72
0
  0
ATTDEF
  5
DE
330
C4
100
AcDbEntity
  8
E-ANNO-TAGS
100
AcDbText
 10
0.0
 20
0.0
 30
0.0
 40
2.5
  1

  7
PVSLD_STD
100
AcDbAttributeDefinition
  3
Desconectador CD integrado
  2
DC_SWITCH
 70
1
 71
1
 72
0
  0
ATTDEF
  5
DF
330
C4
100
AcDbEntity
  8
E-ANNO-TAGS
100
AcDbText
 10
0.0
 20
0.0
 30
0.0
 40
2.5
  1

  7
PVSLD_STD
100
AcDbAttributeDefinition
  3
DPS CD integrado
  2
DC_SPD
 70
1
 71
1
 72
0
  0
ENDBLK
  5
C6
330
C4
100
AcDbEntity
  8
0
100
AcDbBlockEnd
  0
BLOCK
  5
E1
330
E0
100
AcDbEntity
  8
0
100
AcDbBlockBegin
  2
PVSLD_INV_HYBRID
 70
2
 10
0.0
 20
0.0
 30
0.0
  3
PVSLD_INV_HYBRID
  1

  0
LWPOLYLINE
  5
E3
330
E0
100
AcDbEntity
  8
E-PVAC-EQPM
100
AcDbPolyline
 90
4
 70
1
 10
0.0
 20
-22.5
 10
50.0
 20
-22.5
 10
50.0
 20
22.5
 10
0.0
 20
22.5
  0
LINE
  5
E4
330
E0
100
AcDbEntity
  8
E-PVAC-EQPM
100
AcDbLine
 10
0.0
 20
-22.5
 30
0.0
 11
50.0
 21
22.5
 31
0.0
  0
LINE
  5
E5
330
E0
100
AcDbEntity
  8
E-PVAC-EQPM
100
AcDbLine
 10
8.0
 20
15.0
 30
0.0
 11
18.0
 21
15.0
 31
0.0
  0
LINE
  5
E6
330
E0
100
AcDbEntity
  8
E-PVAC-EQPM
100
AcDbLine
 10
8.0
 20
12.0
 30
0.0
 11
18.0
 21
12.0
 31
0.0
  0
LWPOLYLINE
  5
E7
330
E0
100
AcDbEntity
  8
E-PVAC-EQPM
100
AcDbPolyline
 90
25
 70
0
 10
33.0
 20
-13.0
 10
33.4167
 20
-12.353
 10
33.8333
 20
-11.75
 10
34.25
 20
-11.2322
 10
34.6667
 20
-10.8349
 10
35.0833
 20
-10.5852
 10
35.5
 20
-10.5
 10
35.9167
 20
-10.5852
 10
36.3333
 20
-10.8349
 10
36.75
 20
-11.2322
 10
37.1667
 20
-11.75
 10
37.5833
 20
-12.353
 10
38.0
 20
-13.0
 10
38.4167
 20
-13.647
 10
38.8333
 20
-14.25
 10
39.25
 20
-14.7678
 10
39.6667
 20
-15.1651
 10
40.0833
 20
-15.4148
 10
40.5
 20
-15.5
 10
40.9167
 20
-15.4148
 10
41.3333
 20
-15.1651
 10
41.75
 20
-14.7678
 10
42.1667
 20
-14.25
 10
42.5833
 20
-13.647
 10
43.0
 20
-13.0
  0
TEXT
  5
E8
330
E0
100
AcDbEntity
  8
E-ANNO-TAGS
100
AcDbText
 10
1.5
 20
11.5
 30
0.0
 40
2.5
  1
FV
  7
PVSLD_STD
 11
1.5
 21
11.5
 31
0.0
100
AcDbText
  0
TEXT
  5
E9
330
E0
100
AcDbEntity
  8
E-ANNO-TAGS
100
AcDbText
 10
1.5
 20
-14.0
 30
0.0
 40
2.5
  1
BAT
  7
PVSLD_STD
 11
1.5
 21
-14.0
 31
0.0
100
AcDbText
  0
ATTDEF
  5
EA
330
E0
100
AcDbEntity
  8
E-ANNO-TAGS
100
AcDbText
 10
0.0
 20
36.5
 30
0.0
 40
3.5
  1

  7
PVSLD_STD
100
AcDbAttributeDefinition
  3
Identificador
  2
TAG
 70
0
 71
1
 72
0
  0
ATTDEF
  5
EB
330
E0
100
AcDbEntity
  8
E-ANNO-TAGS
100
AcDbText
 10
0.0
 20
32.5
 30
0.0
 40
2.5
  1
Inversor híbrido (con puerto de batería)
  7
PVSLD_STD
100
AcDbAttributeDefinition
  3
Descripción
  2
DESC
 70
0
 71
1
 72
0
  0
ATTDEF
  5
EC
330
E0
100
AcDbEntity
  8
E-ANNO-TAGS
100
AcDbText
 10
0.0
 20
0.0
 30
0.0
 40
2.5
  1

  7
PVSLD_STD
100
AcDbAttributeDefinition
  3
Identificador en el modelo
  2
COMP_ID
 70
1
 71
1
 72
0
  0
ATTDEF
  5
ED
330
E0
100
AcDbEntity
  8
E-ANNO-TAGS
100
AcDbText
 10
0.0
 20
0.0
 30
0.0
 40
2.5
  1
-
  7
PVSLD_STD
100
AcDbAttributeDefinition
  3
Referencia IEC 60617
  2
IEC_REF
 70
1
 71
1
 72
0
  0
ATTDEF
  5
EE
330
E0
100
AcDbEntity
  8
E-ANNO-TAGS
100
AcDbText
 10
0.0
 20
0.0
 30
0.0
 40
2.5
  1
NMX-J-136-ANCE (pendiente)
  7
PVSLD_STD
100
AcDbAttributeDefinition
  3
Referencia NMX-J-136-ANCE
  2
NMX_REF
 70
1
 71
1
 72
0
  0
ATTDEF
  5
EF
330
E0
100
AcDbEntity
  8
E-ANNO-TAGS
100
AcDbText
 10
0.0
 20
0.0
 30
0.0
 40
2.5
  1
pvsld (composición) sobre CFE G0100-04 Apéndice C (inversor); ref. DGE 06-63-06
  7
PVSLD_STD
100
AcDbAttributeDefinition
  3
Norma de origen del símbolo
  2
SOURCE_STANDARD
 70
1
 71
1
 72
0
  0
ATTDEF
  5
F0
330
E0
100
AcDbEntity
  8
E-ANNO-TAGS
100
AcDbText
 10
0.0
 20
28.5
 30
0.0
 40
2.5
  1

  7
PVSLD_STD
100
AcDbAttributeDefinition
  3
Fabricante
  2
MFR
 70
0
 71
1
 72
0
  0
ATTDEF
  5
F1
330
E0
100
AcDbEntity
  8
E-ANNO-TAGS
100
AcDbText
 10
0.0
 20
24.5
 30
0.0
 40
2.5
  1

  7
PVSLD_STD
100
AcDbAttributeDefinition
  3
Modelo
  2
MODEL
 70
0
 71
1
 72
0
  0
ATTDEF
  5
F2
330
E0
100
AcDbEntity
  8
E-ANNO-TAGS
100
AcDbText
 10
0.0
 20
0.0
 30
0.0
 40
2.5
  1

  7
PVSLD_STD
100
AcDbAttributeDefinition
  3
Potencia CA nominal (W)
  2
PAC_W
 70
1
 71
1
 72
0
  0
ATTDEF
  5
F3
330
E0
100
AcDbEntity
  8
E-ANNO-TAGS
100
AcDbText
 10
0.0
 20
0.0
 30
0.0
 40
2.5
  1

  7
PVSLD_STD
100
AcDbAttributeDefinition
  3
Tensión CA nominal (V)
  2
VAC_V
 70
1
 71
1
 72
0
  0
ATTDEF
  5
F4
330
E0
100
AcDbEntity
  8
E-ANNO-TAGS
100
AcDbText
 10
0.0
 20
0.0
 30
0.0
 40
2.5
  1

  7
PVSLD_STD
100
AcDbAttributeDefinition
  3
Conductores energizados
  2
PHASES
 70
1
 71
1
 72
0
  0
ATTDEF
  5
F5
330
E0
100
AcDbEntity
  8
E-ANNO-TAGS
100
AcDbText
 10
0.0
 20
0.0
 30
0.0
 40
2.5
  1

  7
PVSLD_STD
100
AcDbAttributeDefinition
  3
Corriente CA máxima (A)
  2
IAC_MAX_A
 70
1
 71
1
 72
0
  0
ATTDEF
  5
F6
330
E0
100
AcDbEntity
  8
E-ANNO-TAGS
100
AcDbText
 10
0.0
 20
0.0
 30
0.0
 40
2.5
  1

  7
PVSLD_STD
100
AcDbAttributeDefinition
  3
Tensión CD máxima (V)
  2
VDC_MAX_V
 70
1
 71
1
 72
0
  0
ATTDEF
  5
F7
330
E0
100
AcDbEntity
  8
E-ANNO-TAGS
100
AcDbText
 10
0.0
 20
0.0
 30
0.0
 40
2.5
  1

  7
PVSLD_STD
100
AcDbAttributeDefinition
  3
Número de MPPT
  2
MPPT_N
 70
1
 71
1
 72
0
  0
ATTDEF
  5
F8
330
E0
100
AcDbEntity
  8
E-ANNO-TAGS
100
AcDbText
 10
0.0
 20
0.0
 30
0.0
 40
2.5
  1

  7
PVSLD_STD
100
AcDbAttributeDefinition
  3
Tensión de batería (V)
  2
BAT_VOLT_V
 70
1
 71
1
 72
0
  0
ATTDEF
  5
F9
330
E0
100
AcDbEntity
  8
E-ANNO-TAGS
100
AcDbText
 10
0.0
 20
0.0
 30
0.0
 40
2.5
  1

  7
PVSLD_STD
100
AcDbAttributeDefinition
  3
Potencia de carga (W)
  2
BAT_PCHARGE_W
 70
1
 71
1
 72
0
  0
ATTDEF
  5
FA
330
E0
100
AcDbEntity
  8
E-ANNO-TAGS
100
AcDbText
 10
0.0
 20
0.0
 30
0.0
 40
2.5
  1

  7
PVSLD_STD
100
AcDbAttributeDefinition
  3
Protección máxima CA (A)
  2
OCPD_MAX_A
 70
1
 71
1
 72
0
  0
ATTDEF
  5
FB
330
E0
100
AcDbEntity
  8
E-ANNO-TAGS
100
AcDbText
 10
0.0
 20
0.0
 30
0.0
 40
2.5
  1

  7
PVSLD_STD
100
AcDbAttributeDefinition
  3
Aislamiento
  2
ISOLATION
 70
1
 71
1
 72
0
  0
ENDBLK
  5
E2
330
E0
100
AcDbEntity
  8
0
100
AcDbBlockEnd
  0
BLOCK
  5
FD
330
FC
100
AcDbEntity
  8
0
100
AcDbBlockBegin
  2
PVSLD_MICROINV
 70
2
 10
0.0
 20
0.0
 30
0.0
  3
PVSLD_MICROINV
  1

  0
LWPOLYLINE
  5
FF
330
FC
100
AcDbEntity
  8
E-PVAC-EQPM
100
AcDbPolyline
 90
4
 70
1
 10
0.0
 20
-7.5
 10
15.0
 20
-7.5
 10
15.0
 20
7.5
 10
0.0
 20
7.5
  0
LINE
  5
100
330
FC
100
AcDbEntity
  8
E-PVAC-EQPM
100
AcDbLine
 10
0.0
 20
-7.5
 30
0.0
 11
15.0
 21
7.5
 31
0.0
  0
LINE
  5
101
330
FC
100
AcDbEntity
  8
E-PVAC-EQPM
100
AcDbLine
 10
2.0
 20
4.5
 30
0.0
 11
6.5
 21
4.5
 31
0.0
  0
LINE
  5
102
330
FC
100
AcDbEntity
  8
E-PVAC-EQPM
100
AcDbLine
 10
2.0
 20
3.0
 30
0.0
 11
6.5
 21
3.0
 31
0.0
  0
LWPOLYLINE
  5
103
330
FC
100
AcDbEntity
  8
E-PVAC-EQPM
100
AcDbPolyline
 90
13
 70
0
 10
8.75
 20
-3.8
 10
9.125
 20
-3.2
 10
9.5
 20
-2.7608
 10
9.875
 20
-2.6
 10
10.25
 20
-2.7608
 10
10.625
 20
-3.2
 10
11.0
 20
-3.8
 10
11.375
 20
-4.4
 10
11.75
 20
-4.8392
 10
12.125
 20
-5.0
 10
12.5
 20
-4.8392
 10
12.875
 20
-4.4
 10
13.25
 20
-3.8
  0
TEXT
  5
104
330
FC
100
AcDbEntity
  8
E-ANNO-TAGS
100
AcDbText
 10
2.5
 20
-12.5
 30
0.0
 40
2.5
  1
uINV
  7
PVSLD_STD
 11
2.5
 21
-12.5
 31
0.0
100
AcDbText
  0
ATTDEF
  5
105
330
FC
100
AcDbEntity
  8
E-ANNO-TAGS
100
AcDbText
 10
0.0
 20
10.0
 30
0.0
 40
3.5
  1

  7
PVSLD_STD
100
AcDbAttributeDefinition
  3
Identificador
  2
TAG
 70
0
 71
1
 72
0
  0
ATTDEF
  5
106
330
FC
100
AcDbEntity
  8
E-ANNO-TAGS
100
AcDbText
 10
0.0
 20
-17.0
 30
0.0
 40
2.5
  1
Microinversor (por módulo)
  7
PVSLD_STD
100
AcDbAttributeDefinition
  3
Descripción
  2
DESC
 70
0
 71
1
 72
0
  0
ATTDEF
  5
107
330
FC
100
AcDbEntity
  8
E-ANNO-TAGS
100
AcDbText
 10
0.0
 20
0.0
 30
0.0
 40
2.5
  1

  7
PVSLD_STD
100
AcDbAttributeDefinition
  3
Identificador en el modelo
  2
COMP_ID
 70
1
 71
1
 72
0
  0
ATTDEF
  5
108
330
FC
100
AcDbEntity
  8
E-ANNO-TAGS
100
AcDbText
 10
0.0
 20
0.0
 30
0.0
 40
2.5
  1
-
  7
PVSLD_STD
100
AcDbAttributeDefinition
  3
Referencia IEC 60617
  2
IEC_REF
 70
1
 71
1
 72
0
  0
ATTDEF
  5
109
330
FC
100
AcDbEntity
  8
E-ANNO-TAGS
100
AcDbText
 10
0.0
 20
0.0
 30
0.0
 40
2.5
  1
NMX-J-136-ANCE (pendiente)
  7
PVSLD_STD
100
AcDbAttributeDefinition
  3
Referencia NMX-J-136-ANCE
  2
NMX_REF
 70
1
 71
1
 72
0
  0
ATTDEF
  5
10A
330
FC
100
AcDbEntity
  8
E-ANNO-TAGS
100
AcDbText
 10
0.0
 20
0.0
 30
0.0
 40
2.5
  1
pvsld (composición) sobre CFE G0100-04 Apéndice C (inversor)
  7
PVSLD_STD
100
AcDbAttributeDefinition
  3
Norma de origen del símbolo
  2
SOURCE_STANDARD
 70
1
 71
1
 72
0
  0
ATTDEF
  5
10B
330
FC
100
AcDbEntity
  8
E-ANNO-TAGS
100
AcDbText
 10
0.0
 20
0.0
 30
0.0
 40
2.5
  1

  7
PVSLD_STD
100
AcDbAttributeDefinition
  3
Fabricante
  2
MFR
 70
1
 71
1
 72
0
  0
ATTDEF
  5
10C
330
FC
100
AcDbEntity
  8
E-ANNO-TAGS
100
AcDbText
 10
0.0
 20
0.0
 30
0.0
 40
2.5
  1

  7
PVSLD_STD
100
AcDbAttributeDefinition
  3
Modelo
  2
MODEL
 70
1
 71
1
 72
0
  0
ATTDEF
  5
10D
330
FC
100
AcDbEntity
  8
E-ANNO-TAGS
100
AcDbText
 10
0.0
 20
0.0
 30
0.0
 40
2.5
  1

  7
PVSLD_STD
100
AcDbAttributeDefinition
  3
Potencia CA nominal (W)
  2
PAC_W
 70
1
 71
1
 72
0
  0
ATTDEF
  5
10E
330
FC
100
AcDbEntity
  8
E-ANNO-TAGS
100
AcDbText
 10
0.0
 20
0.0
 30
0.0
 40
2.5
  1

  7
PVSLD_STD
100
AcDbAttributeDefinition
  3
Tensión CA nominal (V)
  2
VAC_V
 70
1
 71
1
 72
0
  0
ATTDEF
  5
10F
330
FC
100
AcDbEntity
  8
E-ANNO-TAGS
100
AcDbText
 10
0.0
 20
0.0
 30
0.0
 40
2.5
  1

  7
PVSLD_STD
100
AcDbAttributeDefinition
  3
Módulos conectados
  2
MODULES_N
 70
1
 71
1
 72
0
  0
ENDBLK
  5
FE
330
FC
100
AcDbEntity
  8
0
100
AcDbBlockEnd
  0
BLOCK
  5
111
330
110
100
AcDbEntity
  8
0
100
AcDbBlockBegin
  2
PVSLD_OPTIMIZER
 70
2
 10
0.0
 20
0.0
 30
0.0
  3
PVSLD_OPTIMIZER
  1

  0
LWPOLYLINE
  5
113
330
110
100
AcDbEntity
  8
E-PVDC-EQPM
100
AcDbPolyline
 90
4
 70
1
 10
0.0
 20
-7.5
 10
15.0
 20
-7.5
 10
15.0
 20
7.5
 10
0.0
 20
7.5
  0
LINE
  5
114
330
110
100
AcDbEntity
  8
E-PVDC-EQPM
100
AcDbLine
 10
0.0
 20
-7.5
 30
0.0
 11
15.0
 21
7.5
 31
0.0
  0
LINE
  5
115
330
110
100
AcDbEntity
  8
E-PVDC-EQPM
100
AcDbLine
 10
2.0
 20
4.5
 30
0.0
 11
6.5
 21
4.5
 31
0.0
  0
LINE
  5
116
330
110
100
AcDbEntity
  8
E-PVDC-EQPM
100
AcDbLine
 10
2.0
 20
3.0
 30
0.0
 11
6.5
 21
3.0
 31
0.0
  0
LINE
  5
117
330
110
100
AcDbEntity
  8
E-PVDC-EQPM
100
AcDbLine
 10
8.5
 20
-3.0
 30
0.0
 11
13.0
 21
-3.0
 31
0.0
  0
LINE
  5
118
330
110
100
AcDbEntity
  8
E-PVDC-EQPM
100
AcDbLine
 10
8.5
 20
-4.5
 30
0.0
 11
10.2
 21
-4.5
 31
0.0
  0
LINE
  5
119
330
110
100
AcDbEntity
  8
E-PVDC-EQPM
100
AcDbLine
 10
11.3
 20
-4.5
 30
0.0
 11
13.0
 21
-4.5
 31
0.0
  0
TEXT
  5
11A
330
110
100
AcDbEntity
  8
E-ANNO-TAGS
100
AcDbText
 10
2.5
 20
-12.5
 30
0.0
 40
2.5
  1
OPT
  7
PVSLD_STD
 11
2.5
 21
-12.5
 31
0.0
100
AcDbText
  0
ATTDEF
  5
11B
330
110
100
AcDbEntity
  8
E-ANNO-TAGS
100
AcDbText
 10
0.0
 20
10.0
 30
0.0
 40
3.5
  1

  7
PVSLD_STD
100
AcDbAttributeDefinition
  3
Identificador
  2
TAG
 70
0
 71
1
 72
0
  0
ATTDEF
  5
11C
330
110
100
AcDbEntity
  8
E-ANNO-TAGS
100
AcDbText
 10
0.0
 20
-17.0
 30
0.0
 40
2.5
  1
Optimizador de potencia (convertidor CD/CD)
  7
PVSLD_STD
100
AcDbAttributeDefinition
  3
Descripción
  2
DESC
 70
0
 71
1
 72
0
  0
ATTDEF
  5
11D
330
110
100
AcDbEntity
  8
E-ANNO-TAGS
100
AcDbText
 10
0.0
 20
0.0
 30
0.0
 40
2.5
  1

  7
PVSLD_STD
100
AcDbAttributeDefinition
  3
Identificador en el modelo
  2
COMP_ID
 70
1
 71
1
 72
0
  0
ATTDEF
  5
11E
330
110
100
AcDbEntity
  8
E-ANNO-TAGS
100
AcDbText
 10
0.0
 20
0.0
 30
0.0
 40
2.5
  1
-
  7
PVSLD_STD
100
AcDbAttributeDefinition
  3
Referencia IEC 60617
  2
IEC_REF
 70
1
 71
1
 72
0
  0
ATTDEF
  5
11F
330
110
100
AcDbEntity
  8
E-ANNO-TAGS
100
AcDbText
 10
0.0
 20
0.0
 30
0.0
 40
2.5
  1
NMX-J-136-ANCE (pendiente)
  7
PVSLD_STD
100
AcDbAttributeDefinition
  3
Referencia NMX-J-136-ANCE
  2
NMX_REF
 70
1
 71
1
 72
0
  0
ATTDEF
  5
120
330
110
100
AcDbEntity
  8
E-ANNO-TAGS
100
AcDbText
 10
0.0
 20
0.0
 30
0.0
 40
2.5
  1
pvsld (composición); convertidor CD/CD de DGE (basada en IEC 60617) 06-63-02
  7
PVSLD_STD
100
AcDbAttributeDefinition
  3
Norma de origen del símbolo
  2
SOURCE_STANDARD
 70
1
 71
1
 72
0
  0
ATTDEF
  5
121
330
110
100
AcDbEntity
  8
E-ANNO-TAGS
100
AcDbText
 10
0.0
 20
0.0
 30
0.0
 40
2.5
  1

  7
PVSLD_STD
100
AcDbAttributeDefinition
  3
Fabricante
  2
MFR
 70
1
 71
1
 72
0
  0
ATTDEF
  5
122
330
110
100
AcDbEntity
  8
E-ANNO-TAGS
100
AcDbText
 10
0.0
 20
0.0
 30
0.0
 40
2.5
  1

  7
PVSLD_STD
100
AcDbAttributeDefinition
  3
Modelo
  2
MODEL
 70
1
 71
1
 72
0
  0
ATTDEF
  5
123
330
110
100
AcDbEntity
  8
E-ANNO-TAGS
100
AcDbText
 10
0.0
 20
0.0
 30
0.0
 40
2.5
  1

  7
PVSLD_STD
100
AcDbAttributeDefinition
  3
Potencia (W)
  2
PMAX_W
 70
1
 71
1
 72
0
  0
ATTDEF
  5
124
330
110
100
AcDbEntity
  8
E-ANNO-TAGS
100
AcDbText
 10
0.0
 20
0.0
 30
0.0
 40
2.5
  1

  7
PVSLD_STD
100
AcDbAttributeDefinition
  3
Tensión de salida máxima (V)
  2
VOUT_MAX_V
 70
1
 71
1
 72
0
  0
ENDBLK
  5
112
330
110
100
AcDbEntity
  8
0
100
AcDbBlockEnd
  0
BLOCK
  5
126
330
125
100
AcDbEntity
  8
0
100
AcDbBlockBegin
  2
PVSLD_CHARGE_CTRL
 70
2
 10
0.0
 20
0.0
 30
0.0
  3
PVSLD_CHARGE_CTRL
  1

  0
LWPOLYLINE
  5
128
330
125
100
AcDbEntity
  8
E-PVDC-EQPM
100
AcDbPolyline
 90
4
 70
1
 10
0.0
 20
-7.5
 10
15.0
 20
-7.5
 10
15.0
 20
7.5
 10
0.0
 20
7.5
  0
LINE
  5
129
330
125
100
AcDbEntity
  8
E-PVDC-EQPM
100
AcDbLine
 10
0.0
 20
-7.5
 30
0.0
 11
15.0
 21
7.5
 31
0.0
  0
LINE
  5
12A
330
125
100
AcDbEntity
  8
E-PVDC-EQPM
100
AcDbLine
 10
2.0
 20
4.5
 30
0.0
 11
6.5
 21
4.5
 31
0.0
  0
LINE
  5
12B
330
125
100
AcDbEntity
  8
E-PVDC-EQPM
100
AcDbLine
 10
2.0
 20
3.0
 30
0.0
 11
6.5
 21
3.0
 31
0.0
  0
LINE
  5
12C
330
125
100
AcDbEntity
  8
E-PVDC-EQPM
100
AcDbLine
 10
8.5
 20
-3.0
 30
0.0
 11
13.0
 21
-3.0
 31
0.0
  0
LINE
  5
12D
330
125
100
AcDbEntity
  8
E-PVDC-EQPM
100
AcDbLine
 10
8.5
 20
-4.5
 30
0.0
 11
10.2
 21
-4.5
 31
0.0
  0
LINE
  5
12E
330
125
100
AcDbEntity
  8
E-PVDC-EQPM
100
AcDbLine
 10
11.3
 20
-4.5
 30
0.0
 11
13.0
 21
-4.5
 31
0.0
  0
TEXT
  5
12F
330
125
100
AcDbEntity
  8
E-ANNO-TAGS
100
AcDbText
 10
2.5
 20
-12.5
 30
0.0
 40
2.5
  1
MPPT
  7
PVSLD_STD
 11
2.5
 21
-12.5
 31
0.0
100
AcDbText
  0
ATTDEF
  5
130
330
125
100
AcDbEntity
  8
E-ANNO-TAGS
100
AcDbText
 10
0.0
 20
10.0
 30
0.0
 40
3.5
  1

  7
PVSLD_STD
100
AcDbAttributeDefinition
  3
Identificador
  2
TAG
 70
0
 71
1
 72
0
  0
ATTDEF
  5
131
330
125
100
AcDbEntity
  8
E-ANNO-TAGS
100
AcDbText
 10
0.0
 20
-17.0
 30
0.0
 40
2.5
  1
Controlador de carga (MPPT)
  7
PVSLD_STD
100
AcDbAttributeDefinition
  3
Descripción
  2
DESC
 70
0
 71
1
 72
0
  0
ATTDEF
  5
132
330
125
100
AcDbEntity
  8
E-ANNO-TAGS
100
AcDbText
 10
0.0
 20
0.0
 30
0.0
 40
2.5
  1

  7
PVSLD_STD
100
AcDbAttributeDefinition
  3
Identificador en el modelo
  2
COMP_ID
 70
1
 71
1
 72
0
  0
ATTDEF
  5
133
330
125
100
AcDbEntity
  8
E-ANNO-TAGS
100
AcDbText
 10
0.0
 20
0.0
 30
0.0
 40
2.5
  1
-
  7
PVSLD_STD
100
AcDbAttributeDefinition
  3
Referencia IEC 60617
  2
IEC_REF
 70
1
 71
1
 72
0
  0
ATTDEF
  5
134
330
125
100
AcDbEntity
  8
E-ANNO-TAGS
100
AcDbText
 10
0.0
 20
0.0
 30
0.0
 40
2.5
  1
NMX-J-136-ANCE (pendiente)
  7
PVSLD_STD
100
AcDbAttributeDefinition
  3
Referencia NMX-J-136-ANCE
  2
NMX_REF
 70
1
 71
1
 72
0
  0
ATTDEF
  5
135
330
125
100
AcDbEntity
  8
E-ANNO-TAGS
100
AcDbText
 10
0.0
 20
0.0
 30
0.0
 40
2.5
  1
pvsld (composición); convertidor CD/CD de DGE (basada en IEC 60617) 06-63-02
  7
PVSLD_STD
100
AcDbAttributeDefinition
  3
Norma de origen del símbolo
  2
SOURCE_STANDARD
 70
1
 71
1
 72
0
  0
ATTDEF
  5
136
330
125
100
AcDbEntity
  8
E-ANNO-TAGS
100
AcDbText
 10
0.0
 20
0.0
 30
0.0
 40
2.5
  1

  7
PVSLD_STD
100
AcDbAttributeDefinition
  3
Fabricante
  2
MFR
 70
1
 71
1
 72
0
  0
ATTDEF
  5
137
330
125
100
AcDbEntity
  8
E-ANNO-TAGS
100
AcDbText
 10
0.0
 20
0.0
 30
0.0
 40
2.5
  1

  7
PVSLD_STD
100
AcDbAttributeDefinition
  3
Modelo
  2
MODEL
 70
1
 71
1
 72
0
  0
ATTDEF
  5
138
330
125
100
AcDbEntity
  8
E-ANNO-TAGS
100
AcDbText
 10
0.0
 20
0.0
 30
0.0
 40
2.5
  1

  7
PVSLD_STD
100
AcDbAttributeDefinition
  3
Corriente de carga (A)
  2
IOUT_A
 70
1
 71
1
 72
0
  0
ATTDEF
  5
139
330
125
100
AcDbEntity
  8
E-ANNO-TAGS
100
AcDbText
 10
0.0
 20
0.0
 30
0.0
 40
2.5
  1

  7
PVSLD_STD
100
AcDbAttributeDefinition
  3
Voc máxima de entrada (V)
  2
VOC_MAX_V
 70
1
 71
1
 72
0
  0
ATTDEF
  5
13A
330
125
100
AcDbEntity
  8
E-ANNO-TAGS
100
AcDbText
 10
0.0
 20
0.0
 30
0.0
 40
2.5
  1

  7
PVSLD_STD
100
AcDbAttributeDefinition
  3
Tensión de batería (V)
  2
BAT_VOLT_V
 70
1
 71
1
 72
0
  0
ENDBLK
  5
127
330
125
100
AcDbEntity
  8
0
100
AcDbBlockEnd
  0
BLOCK
  5
13C
330
13B
100
AcDbEntity
  8
0
100
AcDbBlockBegin
  2
PVSLD_XFMR_ISO
 70
2
 10
0.0
 20
0.0
 30
0.0
  3
PVSLD_XFMR_ISO
  1

  0
LINE
  5
13E
330
13B
100
AcDbEntity
  8
E-PVAC-EQPM
100
AcDbLine
 10
0.0
 20
0.0
 30
0.0
 11
7.5
 21
0.0
 31
0.0
  0
LINE
  5
13F
330
13B
100
AcDbEntity
  8
E-PVAC-EQPM
100
AcDbLine
 10
0.0
 20
-20.0
 30
0.0
 11
7.5
 21
-20.0
 31
0.0
  0
LINE
  5
140
330
13B
100
AcDbEntity
  8
E-PVAC-EQPM
100
AcDbLine
 10
17.5
 20
0.0
 30
0.0
 11
25.0
 21
0.0
 31
0.0
  0
LINE
  5
141
330
13B
100
AcDbEntity
  8
E-PVAC-EQPM
100
AcDbLine
 10
17.5
 20
-20.0
 30
0.0
 11
25.0
 21
-20.0
 31
0.0
  0
ARC
  5
142
330
13B
100
AcDbEntity
  8
E-PVAC-EQPM
100
AcDbCircle
 10
6.9375
 20
-2.5
 30
0.0
 40
2.5625
100
AcDbArc
 50
-77.3196
 51
77.3196
  0
ARC
  5
143
330
13B
100
AcDbEntity
  8
E-PVAC-EQPM
100
AcDbCircle
 10
6.9375
 20
-7.5
 30
0.0
 40
2.5625
100
AcDbArc
 50
-77.3196
 51
77.3196
  0
ARC
  5
144
330
13B
100
AcDbEntity
  8
E-PVAC-EQPM
100
AcDbCircle
 10
6.9375
 20
-12.5
 30
0.0
 40
2.5625
100
AcDbArc
 50
-77.3196
 51
77.3196
  0
ARC
  5
145
330
13B
100
AcDbEntity
  8
E-PVAC-EQPM
100
AcDbCircle
 10
6.9375
 20
-17.5
 30
0.0
 40
2.5625
100
AcDbArc
 50
-77.3196
 51
77.3196
  0
ARC
  5
146
330
13B
100
AcDbEntity
  8
E-PVAC-EQPM
100
AcDbCircle
 10
18.0625
 20
-2.5
 30
0.0
 40
2.5625
100
AcDbArc
 50
102.6804
 51
257.3196
  0
ARC
  5
147
330
13B
100
AcDbEntity
  8
E-PVAC-EQPM
100
AcDbCircle
 10
18.0625
 20
-7.5
 30
0.0
 40
2.5625
100
AcDbArc
 50
102.6804
 51
257.3196
  0
ARC
  5
148
330
13B
100
AcDbEntity
  8
E-PVAC-EQPM
100
AcDbCircle
 10
18.0625
 20
-12.5
 30
0.0
 40
2.5625
100
AcDbArc
 50
102.6804
 51
257.3196
  0
ARC
  5
149
330
13B
100
AcDbEntity
  8
E-PVAC-EQPM
100
AcDbCircle
 10
18.0625
 20
-17.5
 30
0.0
 40
2.5625
100
AcDbArc
 50
102.6804
 51
257.3196
  0
LINE
  5
14A
330
13B
100
AcDbEntity
  8
E-PVAC-EQPM
100
AcDbLine
 10
11.25
 20
0.0
 30
0.0
 11
11.25
 21
-20.0
 31
0.0
  0
LINE
  5
14B
330
13B
100
AcDbEntity
  8
E-PVAC-EQPM
100
AcDbLine
 10
13.75
 20
0.0
 30
0.0
 11
13.75
 21
-20.0
 31
0.0
  0
ATTDEF
  5
14C
330
13B
100
AcDbEntity
  8
E-ANNO-TAGS
100
AcDbText
 10
0.0
 20
4.0
 30
0.0
 40
3.5
  1

  7
PVSLD_STD
100
AcDbAttributeDefinition
  3
Identificador
  2
TAG
 70
0
 71
1
 72
0
  0
ATTDEF
  5
14D
330
13B
100
AcDbEntity
  8
E-ANNO-TAGS
100
AcDbText
 10
0.0
 20
-24.0
 30
0.0
 40
2.5
  1
Transformador de aislamiento
  7
PVSLD_STD
100
AcDbAttributeDefinition
  3
Descripción
  2
DESC
 70
0
 71
1
 72
0
  0
ATTDEF
  5
14E
330
13B
100
AcDbEntity
  8
E-ANNO-TAGS
100
AcDbText
 10
0.0
 20
0.0
 30
0.0
 40
2.5
  1

  7
PVSLD_STD
100
AcDbAttributeDefinition
  3
Identificador en el modelo
  2
COMP_ID
 70
1
 71
1
 72
0
  0
ATTDEF
  5
14F
330
13B
100
AcDbEntity
  8
E-ANNO-TAGS
100
AcDbText
 10
0.0
 20
0.0
 30
0.0
 40
2.5
  1
-
  7
PVSLD_STD
100
AcDbAttributeDefinition
  3
Referencia IEC 60617
  2
IEC_REF
 70
1
 71
1
 72
0
  0
ATTDEF
  5
150
330
13B
100
AcDbEntity
  8
E-ANNO-TAGS
100
AcDbText
 10
0.0
 20
0.0
 30
0.0
 40
2.5
  1
NMX-J-136-ANCE-2019 4.2.69 (sin núcleo)
  7
PVSLD_STD
100
AcDbAttributeDefinition
  3
Referencia NMX-J-136-ANCE
  2
NMX_REF
 70
1
 71
1
 72
0
  0
ATTDEF
  5
151
330
13B
100
AcDbEntity
  8
E-ANNO-TAGS
100
AcDbText
 10
0.0
 20
0.0
 30
0.0
 40
2.5
  1
CFE G0100-04 Apéndice C
  7
PVSLD_STD
100
AcDbAttributeDefinition
  3
Norma de origen del símbolo
  2
SOURCE_STANDARD
 70
1
 71
1
 72
0
  0
ATTDEF
  5
152
330
13B
100
AcDbEntity
  8
E-ANNO-TAGS
100
AcDbText
 10
0.0
 20
-28.0
 30
0.0
 40
2.5
  1

  7
PVSLD_STD
100
AcDbAttributeDefinition
  3
Potencia y relación
  2
SPEC
 70
0
 71
1
 72
0
  0
ATTDEF
  5
153
330
13B
100
AcDbEntity
  8
E-ANNO-TAGS
100
AcDbText
 10
0.0
 20
0.0
 30
0.0
 40
2.5
  1

  7
PVSLD_STD
100
AcDbAttributeDefinition
  3
Potencia (kVA)
  2
KVA
 70
1
 71
1
 72
0
  0
ATTDEF
  5
154
330
13B
100
AcDbEntity
  8
E-ANNO-TAGS
100
AcDbText
 10
0.0
 20
0.0
 30
0.0
 40
2.5
  1

  7
PVSLD_STD
100
AcDbAttributeDefinition
  3
Tensión primaria (V)
  2
VOLT_PRI_V
 70
1
 71
1
 72
0
  0
ATTDEF
  5
155
330
13B
100
AcDbEntity
  8
E-ANNO-TAGS
100
AcDbText
 10
0.0
 20
0.0
 30
0.0
 40
2.5
  1

  7
PVSLD_STD
100
AcDbAttributeDefinition
  3
Tensión secundaria (V)
  2
VOLT_SEC_V
 70
1
 71
1
 72
0
  0
ATTDEF
  5
156
330
13B
100
AcDbEntity
  8
E-ANNO-TAGS
100
AcDbText
 10
0.0
 20
0.0
 30
0.0
 40
2.5
  1

  7
PVSLD_STD
100
AcDbAttributeDefinition
  3
Frecuencia (Hz)
  2
FREQ_HZ
 70
1
 71
1
 72
0
  0
ENDBLK
  5
13D
330
13B
100
AcDbEntity
  8
0
100
AcDbBlockEnd
  0
BLOCK
  5
158
330
157
100
AcDbEntity
  8
0
100
AcDbBlockBegin
  2
PVSLD_CB
 70
2
 10
0.0
 20
0.0
 30
0.0
  3
PVSLD_CB
  1

  0
LINE
  5
15A
330
157
100
AcDbEntity
  8
E-PVAC-EQPM
100
AcDbLine
 10
0.0
 20
0.0
 30
0.0
 11
3.5
 21
0.0
 31
0.0
  0
ARC
  5
15B
330
157
100
AcDbEntity
  8
E-PVAC-EQPM
100
AcDbCircle
 10
6.0
 20
-0.4455
 30
0.0
 40
3.4455
100
AcDbArc
 50
29.5
 51
150.5
  0
LINE
  5
15C
330
157
100
AcDbEntity
  8
E-PVAC-EQPM
100
AcDbLine
 10
8.0
 20
0.0
 30
0.0
 11
11.0
 21
0.0
 31
0.0
  0
CIRCLE
  5
15D
330
157
100
AcDbEntity
  8
E-PVAC-EQPM
100
AcDbCircle
 10
12.0
 20
0.0
 30
0.0
 40
1.0
  0
LINE
  5
15E
330
157
100
AcDbEntity
  8
E-PVAC-EQPM
100
AcDbLine
 10
13.0
 20
0.0
 30
0.0
 11
15.0
 21
0.0
 31
0.0
  0
LWPOLYLINE
  5
15F
330
157
100
AcDbEntity
  8
E-PVAC-EQPM
100
AcDbPolyline
 90
4
 70
0
 10
15.0
 20
0.0
 10
16.5
 20
1.5
 10
18.5
 20
-1.5
 10
20.0
 20
0.0
  0
ATTDEF
  5
160
330
157
100
AcDbEntity
  8
E-ANNO-TAGS
100
AcDbText
 10
0.0
 20
9.5
 30
0.0
 40
3.5
  1

  7
PVSLD_STD
100
AcDbAttributeDefinition
  3
Identificador
  2
TAG
 70
0
 71
1
 72
0
  0
ATTDEF
  5
161
330
157
100
AcDbEntity
  8
E-ANNO-TAGS
100
AcDbText
 10
0.0
 20
-6.0
 30
0.0
 40
2.5
  1
Interruptor termomagnético (ITM)
  7
PVSLD_STD
100
AcDbAttributeDefinition
  3
Descripción
  2
DESC
 70
0
 71
1
 72
0
  0
ATTDEF
  5
162
330
157
100
AcDbEntity
  8
E-ANNO-TAGS
100
AcDbText
 10
0.0
 20
0.0
 30
0.0
 40
2.5
  1

  7
PVSLD_STD
100
AcDbAttributeDefinition
  3
Identificador en el modelo
  2
COMP_ID
 70
1
 71
1
 72
0
  0
ATTDEF
  5
163
330
157
100
AcDbEntity
  8
E-ANNO-TAGS
100
AcDbText
 10
0.0
 20
0.0
 30
0.0
 40
2.5
  1
IEC 60617 S00287
  7
PVSLD_STD
100
AcDbAttributeDefinition
  3
Referencia IEC 60617
  2
IEC_REF
 70
1
 71
1
 72
0
  0
ATTDEF
  5
164
330
157
100
AcDbEntity
  8
E-ANNO-TAGS
100
AcDbText
 10
0.0
 20
0.0
 30
0.0
 40
2.5
  1
NMX-J-136-ANCE-2019 4.2.15 (forma distinta)
  7
PVSLD_STD
100
AcDbAttributeDefinition
  3
Referencia NMX-J-136-ANCE
  2
NMX_REF
 70
1
 71
1
 72
0
  0
ATTDEF
  5
165
330
157
100
AcDbEntity
  8
E-ANNO-TAGS
100
AcDbText
 10
0.0
 20
0.0
 30
0.0
 40
2.5
  1
CFE G0100-04 Apéndice C
  7
PVSLD_STD
100
AcDbAttributeDefinition
  3
Norma de origen del símbolo
  2
SOURCE_STANDARD
 70
1
 71
1
 72
0
  0
ATTDEF
  5
166
330
157
100
AcDbEntity
  8
E-ANNO-TAGS
100
AcDbText
 10
0.0
 20
5.5
 30
0.0
 40
2.5
  1

  7
PVSLD_STD
100
AcDbAttributeDefinition
  3
Función (I1, I2)
  2
ROLE
 70
0
 71
1
 72
0
  0
ATTDEF
  5
167
330
157
100
AcDbEntity
  8
E-ANNO-TAGS
100
AcDbText
 10
0.0
 20
0.0
 30
0.0
 40
2.5
  1

  7
PVSLD_STD
100
AcDbAttributeDefinition
  3
Polos
  2
POLES
 70
1
 71
1
 72
0
  0
ATTDEF
  5
168
330
157
100
AcDbEntity
  8
E-ANNO-TAGS
100
AcDbText
 10
0.0
 20
0.0
 30
0.0
 40
2.5
  1

  7
PVSLD_STD
100
AcDbAttributeDefinition
  3
Corriente nominal (A)
  2
RATING_A
 70
1
 71
1
 72
0
  0
ATTDEF
  5
169
330
157
100
AcDbEntity
  8
E-ANNO-TAGS
100
AcDbText
 10
0.0
 20
0.0
 30
0.0
 40
2.5
  1

  7
PVSLD_STD
100
AcDbAttributeDefinition
  3
Tensión (V)
  2
VOLT_V
 70
1
 71
1
 72
0
  0
ATTDEF
  5
16A
330
157
100
AcDbEntity
  8
E-ANNO-TAGS
100
AcDbText
 10
0.0
 20
0.0
 30
0.0
 40
2.5
  1

  7
PVSLD_STD
100
AcDbAttributeDefinition
  3
Capacidad interruptiva (kA)
  2
KAIC_KA
 70
1
 71
1
 72
0
  0
ATTDEF
  5
16B
330
157
100
AcDbEntity
  8
E-ANNO-TAGS
100
AcDbText
 10
0.0
 20
0.0
 30
0.0
 40
2.5
  1

  7
PVSLD_STD
100
AcDbAttributeDefinition
  3
Alimentado en sentido inverso
  2
BACKFED
 70
1
 71
1
 72
0
  0
ENDBLK
  5
159
330
157
100
AcDbEntity
  8
0
100
AcDbBlockEnd
  0
BLOCK
  5
16D
330
16C
100
AcDbEntity
  8
0
100
AcDbBlockBegin
  2
PVSLD_CB_IEC
 70
2
 10
0.0
 20
0.0
 30
0.0
  3
PVSLD_CB_IEC
  1

  0
LINE
  5
16F
330
16C
100
AcDbEntity
  8
E-PVAC-EQPM
100
AcDbLine
 10
0.0
 20
0.0
 30
0.0
 11
2.75
 21
0.0
 31
0.0
  0
CIRCLE
  5
170
330
16C
100
AcDbEntity
  8
E-PVAC-EQPM
100
AcDbCircle
 10
3.33
 20
0.0
 30
0.0
 40
0.58
  0
LINE
  5
171
330
16C
100
AcDbEntity
  8
E-PVAC-EQPM
100
AcDbLine
 10
8.67
 20
0.0
 30
0.0
 11
3.33
 21
-2.7
 31
0.0
  0
LINE
  5
172
330
16C
100
AcDbEntity
  8
E-PVAC-EQPM
100
AcDbLine
 10
8.67
 20
0.0
 30
0.0
 11
11.55
 21
0.0
 31
0.0
  0
LWPOLYLINE
  5
173
330
16C
100
AcDbEntity
  8
E-PVAC-EQPM
100
AcDbPolyline
 90
4
 70
1
 10
22.75
 20
-2.7
 10
22.75
 20
2.75
 10
11.55
 20
2.75
 10
11.55
 20
-2.7
  0
LINE
  5
174
330
16C
100
AcDbEntity
  8
E-PVAC-EQPM
100
AcDbLine
 10
17.1
 20
-2.7
 30
0.0
 11
17.1
 21
2.75
 31
0.0
  0
LWPOLYLINE
  5
175
330
16C
100
AcDbEntity
  8
E-PVAC-EQPM
100
AcDbPolyline
 90
6
 70
0
 10
11.55
 20
0.0
 10
13.1
 20
0.0
 10
13.1
 20
-1.7
 10
15.55
 20
-1.7
 10
15.55
 20
0.0
 10
17.1
 20
0.0
  0
TEXT
  5
176
330
16C
100
AcDbEntity
  8
E-ANNO-TAGS
100
AcDbText
 10
20.9
 20
-1.4
 30
0.0
 40
2.2
  1
I>
  7
PVSLD_STD
 11
20.9
 21
-1.4
 31
0.0
100
AcDbText
  0
LINE
  5
177
330
16C
100
AcDbEntity
  8
E-PVAC-EQPM
100
AcDbLine
 10
22.75
 20
0.0
 30
0.0
 11
25.0
 21
0.0
 31
0.0
  0
LINE
  5
178
330
16C
100
AcDbEntity
  8
E-PVAC-EQPM
100
AcDbLine
 10
4.9
 20
-8.6
 30
0.0
 11
7.1
 21
-8.6
 31
0.0
  0
LINE
  5
179
330
16C
100
AcDbEntity
  8
E-PVAC-EQPM
100
AcDbLine
 10
6.0
 20
-8.6
 30
0.0
 11
6.0
 21
-6.35
 31
0.0
  0
LWPOLYLINE
  5
17A
330
16C
100
AcDbEntity
  8
E-PVAC-EQPM
100
AcDbPolyline
 90
4
 70
1
 10
7.1
 20
-6.35
 10
7.1
 20
-4.1
 10
4.9
 20
-4.1
 10
4.9
 20
-6.35
  0
LINE
  5
17B
330
16C
100
AcDbEntity
  8
E-PVAC-EQPM
100
AcDbLine
 10
6.0
 20
-6.35
 30
0.0
 11
6.0
 21
-4.1
 31
0.0
  0
LINE
  5
17C
330
16C
100
AcDbEntity
  8
E-PVAC-EQPM
100
AcDbLine
 10
4.9
 20
-5.225
 30
0.0
 11
7.1
 21
-5.225
 31
0.0
  0
LINE
  5
17D
330
16C
100
AcDbEntity
  8
E-PVAC-EQPM
  6
DASHED_S
100
AcDbLine
 10
6.0
 20
-4.1
 30
0.0
 11
6.0
 21
-1.35
 31
0.0
  0
LINE
  5
17E
330
16C
100
AcDbEntity
  8
E-PVAC-EQPM
  6
DASHED_S
100
AcDbLine
 10
7.1
 20
-5.2
 30
0.0
 11
19.9
 21
-5.2
 31
0.0
  0
LINE
  5
17F
330
16C
100
AcDbEntity
  8
E-PVAC-EQPM
  6
DASHED_S
100
AcDbLine
 10
14.3
 20
-5.2
 30
0.0
 11
14.3
 21
-2.7
 31
0.0
  0
LINE
  5
180
330
16C
100
AcDbEntity
  8
E-PVAC-EQPM
  6
DASHED_S
100
AcDbLine
 10
19.9
 20
-5.2
 30
0.0
 11
19.9
 21
-2.7
 31
0.0
  0
ATTDEF
  5
181
330
16C
100
AcDbEntity
  8
E-ANNO-TAGS
100
AcDbText
 10
0.0
 20
5.25
 30
0.0
 40
3.5
  1

  7
PVSLD_STD
100
AcDbAttributeDefinition
  3
Identificador
  2
TAG
 70
0
 71
1
 72
0
  0
ATTDEF
  5
182
330
16C
100
AcDbEntity
  8
E-ANNO-TAGS
100
AcDbText
 10
0.0
 20
-13.1
 30
0.0
 40
2.5
  1
Interruptor termomagnético (forma IEC/UNE)
  7
PVSLD_STD
100
AcDbAttributeDefinition
  3
Descripción
  2
DESC
 70
0
 71
1
 72
0
  0
ATTDEF
  5
183
330
16C
100
AcDbEntity
  8
E-ANNO-TAGS
100
AcDbText
 10
0.0
 20
0.0
 30
0.0
 40
2.5
  1

  7
PVSLD_STD
100
AcDbAttributeDefinition
  3
Identificador en el modelo
  2
COMP_ID
 70
1
 71
1
 72
0
  0
ATTDEF
  5
184
330
16C
100
AcDbEntity
  8
E-ANNO-TAGS
100
AcDbText
 10
0.0
 20
0.0
 30
0.0
 40
2.5
  1
IEC 60617 S00287
  7
PVSLD_STD
100
AcDbAttributeDefinition
  3
Referencia IEC 60617
  2
IEC_REF
 70
1
 71
1
 72
0
  0
ATTDEF
  5
185
330
16C
100
AcDbEntity
  8
E-ANNO-TAGS
100
AcDbText
 10
0.0
 20
0.0
 30
0.0
 40
2.5
  1
NMX-J-136-ANCE-2019 4.2.15 y 4.2.169
  7
PVSLD_STD
100
AcDbAttributeDefinition
  3
Referencia NMX-J-136-ANCE
  2
NMX_REF
 70
1
 71
1
 72
0
  0
ATTDEF
  5
186
330
16C
100
AcDbEntity
  8
E-ANNO-TAGS
100
AcDbText
 10
0.0
 20
0.0
 30
0.0
 40
2.5
  1
UNE-EN 60617 (hoja del propietario, p. 4); cf. NMX-J-136-ANCE-2019 4.2.169 (IEC S00287)
  7
PVSLD_STD
100
AcDbAttributeDefinition
  3
Norma de origen del símbolo
  2
SOURCE_STANDARD
 70
1
 71
1
 72
0
  0
ATTDEF
  5
187
330
16C
100
AcDbEntity
  8
E-ANNO-TAGS
100
AcDbText
 10
0.0
 20
9.5
 30
0.0
 40
2.5
  1

  7
PVSLD_STD
100
AcDbAttributeDefinition
  3
Función (I1, I2)
  2
ROLE
 70
0
 71
1
 72
0
  0
ATTDEF
  5
188
330
16C
100
AcDbEntity
  8
E-ANNO-TAGS
100
AcDbText
 10
0.0
 20
0.0
 30
0.0
 40
2.5
  1

  7
PVSLD_STD
100
AcDbAttributeDefinition
  3
Polos
  2
POLES
 70
1
 71
1
 72
0
  0
ATTDEF
  5
189
330
16C
100
AcDbEntity
  8
E-ANNO-TAGS
100
AcDbText
 10
0.0
 20
0.0
 30
0.0
 40
2.5
  1

  7
PVSLD_STD
100
AcDbAttributeDefinition
  3
Corriente nominal (A)
  2
RATING_A
 70
1
 71
1
 72
0
  0
ATTDEF
  5
18A
330
16C
100
AcDbEntity
  8
E-ANNO-TAGS
100
AcDbText
 10
0.0
 20
0.0
 30
0.0
 40
2.5
  1

  7
PVSLD_STD
100
AcDbAttributeDefinition
  3
Tensión (V)
  2
VOLT_V
 70
1
 71
1
 72
0
  0
ATTDEF
  5
18B
330
16C
100
AcDbEntity
  8
E-ANNO-TAGS
100
AcDbText
 10
0.0
 20
0.0
 30
0.0
 40
2.5
  1

  7
PVSLD_STD
100
AcDbAttributeDefinition
  3
Capacidad interruptiva (kA)
  2
KAIC_KA
 70
1
 71
1
 72
0
  0
ATTDEF
  5
18C
330
16C
100
AcDbEntity
  8
E-ANNO-TAGS
100
AcDbText
 10
0.0
 20
0.0
 30
0.0
 40
2.5
  1

  7
PVSLD_STD
100
AcDbAttributeDefinition
  3
Curva de disparo
  2
CURVE
 70
1
 71
1
 72
0
  0
ATTDEF
  5
18D
330
16C
100
AcDbEntity
  8
E-ANNO-TAGS
100
AcDbText
 10
0.0
 20
0.0
 30
0.0
 40
2.5
  1

  7
PVSLD_STD
100
AcDbAttributeDefinition
  3
Alimentado en sentido inverso
  2
BACKFED
 70
1
 71
1
 72
0
  0
ENDBLK
  5
16E
330
16C
100
AcDbEntity
  8
0
100
AcDbBlockEnd
  0
BLOCK
  5
18F
330
18E
100
AcDbEntity
  8
0
100
AcDbBlockBegin
  2
PVSLD_RCD
 70
2
 10
0.0
 20
0.0
 30
0.0
  3
PVSLD_RCD
  1

  0
LINE
  5
191
330
18E
100
AcDbEntity
  8
E-PVAC-EQPM
100
AcDbLine
 10
0.0
 20
0.0
 30
0.0
 11
1.5
 21
0.0
 31
0.0
  0
CIRCLE
  5
192
330
18E
100
AcDbEntity
  8
E-PVAC-EQPM
100
AcDbCircle
 10
2.17
 20
0.0
 30
0.0
 40
0.67
  0
LINE
  5
193
330
18E
100
AcDbEntity
  8
E-PVAC-EQPM
100
AcDbLine
 10
8.83
 20
0.0
 30
0.0
 11
2.17
 21
-3.27
 31
0.0
  0
LINE
  5
194
330
18E
100
AcDbEntity
  8
E-PVAC-EQPM
100
AcDbLine
 10
8.83
 20
0.0
 30
0.0
 11
20.0
 21
0.0
 31
0.0
  0
LINE
  5
195
330
18E
100
AcDbEntity
  8
E-PVAC-EQPM
100
AcDbLine
 10
12.2
 20
-10.4
 30
0.0
 11
12.2
 21
3.15
 31
0.0
  0
ARC
  5
196
330
18E
100
AcDbEntity
  8
E-PVAC-EQPM
100
AcDbCircle
 10
14.95
 20
3.15
 30
0.0
 40
2.75
100
AcDbArc
 50
0.0
 51
180.0
  0
LINE
  5
197
330
18E
100
AcDbEntity
  8
E-PVAC-EQPM
100
AcDbLine
 10
17.7
 20
3.15
 30
0.0
 11
17.7
 21
-10.4
 31
0.0
  0
LINE
  5
198
330
18E
100
AcDbEntity
  8
E-PVAC-EQPM
100
AcDbLine
 10
17.7
 20
-10.4
 30
0.0
 11
12.2
 21
-10.4
 31
0.0
  0
LWPOLYLINE
  5
199
330
18E
100
AcDbEntity
  8
E-PVAC-EQPM
100
AcDbPolyline
 90
24
 70
1
 10
14.95
 20
-3.05
 10
14.2512
 20
-3.0977
 10
13.6
 20
-3.2376
 10
13.0408
 20
-3.4601
 10
12.6117
 20
-3.75
 10
12.342
 20
-4.0877
 10
12.25
 20
-4.45
 10
12.342
 20
-4.8123
 10
12.6117
 20
-5.15
 10
13.0408
 20
-5.4399
 10
13.6
 20
-5.6624
 10
14.2512
 20
-5.8023
 10
14.95
 20
-5.85
 10
15.6488
 20
-5.8023
 10
16.3
 20
-5.6624
 10
16.8592
 20
-5.4399
 10
17.2883
 20
-5.15
 10
17.558
 20
-4.8123
 10
17.65
 20
-4.45
 10
17.558
 20
-4.0877
 10
17.2883
 20
-3.75
 10
16.8592
 20
-3.4601
 10
16.3
 20
-3.2376
 10
15.6488
 20
-3.0977
  0
LWPOLYLINE
  5
19A
330
18E
100
AcDbEntity
  8
E-PVAC-EQPM
100
AcDbPolyline
 90
4
 70
1
 10
16.3
 20
-13.1
 10
16.3
 20
-7.8
 10
13.5
 20
-7.8
 10
13.5
 20
-13.1
  0
LINE
  5
19B
330
18E
100
AcDbEntity
  8
E-PVAC-EQPM
100
AcDbLine
 10
4.2
 20
-10.4
 30
0.0
 11
6.8
 21
-10.4
 31
0.0
  0
LINE
  5
19C
330
18E
100
AcDbEntity
  8
E-PVAC-EQPM
100
AcDbLine
 10
5.5
 20
-10.4
 30
0.0
 11
5.5
 21
-7.77
 31
0.0
  0
LWPOLYLINE
  5
19D
330
18E
100
AcDbEntity
  8
E-PVAC-EQPM
100
AcDbPolyline
 90
4
 70
1
 10
6.83
 20
-7.77
 10
6.83
 20
-5.1
 10
4.17
 20
-5.1
 10
4.17
 20
-7.77
  0
LINE
  5
19E
330
18E
100
AcDbEntity
  8
E-PVAC-EQPM
100
AcDbLine
 10
5.5
 20
-7.77
 30
0.0
 11
5.5
 21
-5.1
 31
0.0
  0
LINE
  5
19F
330
18E
100
AcDbEntity
  8
E-PVAC-EQPM
100
AcDbLine
 10
4.17
 20
-6.43
 30
0.0
 11
6.83
 21
-6.43
 31
0.0
  0
LINE
  5
1A0
330
18E
100
AcDbEntity
  8
E-PVAC-EQPM
  6
DASHED_S
100
AcDbLine
 10
5.5
 20
-5.1
 30
0.0
 11
5.5
 21
-1.63
 31
0.0
  0
LINE
  5
1A1
330
18E
100
AcDbEntity
  8
E-PVAC-EQPM
  6
DASHED_S
100
AcDbLine
 10
6.83
 20
-6.43
 30
0.0
 11
15.0
 21
-6.43
 31
0.0
  0
LINE
  5
1A2
330
18E
100
AcDbEntity
  8
E-PVAC-EQPM
100
AcDbLine
 10
15.0
 20
-6.43
 30
0.0
 11
15.0
 21
-7.8
 31
0.0
  0
ATTDEF
  5
1A3
330
18E
100
AcDbEntity
  8
E-ANNO-TAGS
100
AcDbText
 10
0.0
 20
8.4
 30
0.0
 40
3.5
  1

  7
PVSLD_STD
100
AcDbAttributeDefinition
  3
Identificador
  2
TAG
 70
0
 71
1
 72
0
  0
ATTDEF
  5
1A4
330
18E
100
AcDbEntity
  8
E-ANNO-TAGS
100
AcDbText
 10
0.0
 20
-17.6
 30
0.0
 40
2.5
  1
Interruptor diferencial (protección de corriente residual)
  7
PVSLD_STD
100
AcDbAttributeDefinition
  3
Descripción
  2
DESC
 70
0
 71
1
 72
0
  0
ATTDEF
  5
1A5
330
18E
100
AcDbEntity
  8
E-ANNO-TAGS
100
AcDbText
 10
0.0
 20
0.0
 30
0.0
 40
2.5
  1

  7
PVSLD_STD
100
AcDbAttributeDefinition
  3
Identificador en el modelo
  2
COMP_ID
 70
1
 71
1
 72
0
  0
ATTDEF
  5
1A6
330
18E
100
AcDbEntity
  8
E-ANNO-TAGS
100
AcDbText
 10
0.0
 20
0.0
 30
0.0
 40
2.5
  1
-
  7
PVSLD_STD
100
AcDbAttributeDefinition
  3
Referencia IEC 60617
  2
IEC_REF
 70
1
 71
1
 72
0
  0
ATTDEF
  5
1A7
330
18E
100
AcDbEntity
  8
E-ANNO-TAGS
100
AcDbText
 10
0.0
 20
0.0
 30
0.0
 40
2.5
  1
NMX-J-136-ANCE (pendiente)
  7
PVSLD_STD
100
AcDbAttributeDefinition
  3
Referencia NMX-J-136-ANCE
  2
NMX_REF
 70
1
 71
1
 72
0
  0
ATTDEF
  5
1A8
330
18E
100
AcDbEntity
  8
E-ANNO-TAGS
100
AcDbText
 10
0.0
 20
0.0
 30
0.0
 40
2.5
  1
UNE-EN 60617 (hoja del propietario, p. 4, interruptor diferencial); sin símbolo en NMX-J-136-ANCE-2019
  7
PVSLD_STD
100
AcDbAttributeDefinition
  3
Norma de origen del símbolo
  2
SOURCE_STANDARD
 70
1
 71
1
 72
0
  0
ATTDEF
  5
1A9
330
18E
100
AcDbEntity
  8
E-ANNO-TAGS
100
AcDbText
 10
0.0
 20
9.5
 30
0.0
 40
2.5
  1

  7
PVSLD_STD
100
AcDbAttributeDefinition
  3
Función
  2
ROLE
 70
0
 71
1
 72
0
  0
ATTDEF
  5
1AA
330
18E
100
AcDbEntity
  8
E-ANNO-TAGS
100
AcDbText
 10
0.0
 20
0.0
 30
0.0
 40
2.5
  1

  7
PVSLD_STD
100
AcDbAttributeDefinition
  3
Polos
  2
POLES
 70
1
 71
1
 72
0
  0
ATTDEF
  5
1AB
330
18E
100
AcDbEntity
  8
E-ANNO-TAGS
100
AcDbText
 10
0.0
 20
0.0
 30
0.0
 40
2.5
  1

  7
PVSLD_STD
100
AcDbAttributeDefinition
  3
Corriente nominal (A)
  2
RATING_A
 70
1
 71
1
 72
0
  0
ATTDEF
  5
1AC
330
18E
100
AcDbEntity
  8
E-ANNO-TAGS
100
AcDbText
 10
0.0
 20
0.0
 30
0.0
 40
2.5
  1

  7
PVSLD_STD
100
AcDbAttributeDefinition
  3
Tensión (V)
  2
VOLT_V
 70
1
 71
1
 72
0
  0
ATTDEF
  5
1AD
330
18E
100
AcDbEntity
  8
E-ANNO-TAGS
100
AcDbText
 10
0.0
 20
0.0
 30
0.0
 40
2.5
  1

  7
PVSLD_STD
100
AcDbAttributeDefinition
  3
Sensibilidad (mA)
  2
IDN_MA
 70
1
 71
1
 72
0
  0
ATTDEF
  5
1AE
330
18E
100
AcDbEntity
  8
E-ANNO-TAGS
100
AcDbText
 10
0.0
 20
0.0
 30
0.0
 40
2.5
  1

  7
PVSLD_STD
100
AcDbAttributeDefinition
  3
Tipo (AC, A, B)
  2
RCD_TYPE
 70
1
 71
1
 72
0
  0
ENDBLK
  5
190
330
18E
100
AcDbEntity
  8
0
100
AcDbBlockEnd
  0
BLOCK
  5
1B0
330
1AF
100
AcDbEntity
  8
0
100
AcDbBlockBegin
  2
PVSLD_FUSE
 70
2
 10
0.0
 20
0.0
 30
0.0
  3
PVSLD_FUSE
  1

  0
LINE
  5
1B2
330
1AF
100
AcDbEntity
  8
E-PVDC-EQPM
100
AcDbLine
 10
0.0
 20
0.0
 30
0.0
 11
5.0
 21
0.0
 31
0.0
  0
LWPOLYLINE
  5
1B3
330
1AF
100
AcDbEntity
  8
E-PVDC-EQPM
100
AcDbPolyline
 90
4
 70
1
 10
5.0
 20
-3.75
 10
17.5
 20
-3.75
 10
17.5
 20
3.75
 10
5.0
 20
3.75
  0
LINE
  5
1B4
330
1AF
100
AcDbEntity
  8
E-PVDC-EQPM
100
AcDbLine
 10
7.5
 20
-3.75
 30
0.0
 11
7.5
 21
3.75
 31
0.0
  0
LINE
  5
1B5
330
1AF
100
AcDbEntity
  8
E-PVDC-EQPM
100
AcDbLine
 10
15.0
 20
-3.75
 30
0.0
 11
15.0
 21
3.75
 31
0.0
  0
LINE
  5
1B6
330
1AF
100
AcDbEntity
  8
E-PVDC-EQPM
100
AcDbLine
 10
17.5
 20
0.0
 30
0.0
 11
22.5
 21
0.0
 31
0.0
  0
ATTDEF
  5
1B7
330
1AF
100
AcDbEntity
  8
E-ANNO-TAGS
100
AcDbText
 10
0.0
 20
6.25
 30
0.0
 40
3.5
  1

  7
PVSLD_STD
100
AcDbAttributeDefinition
  3
Identificador
  2
TAG
 70
0
 71
1
 72
0
  0
ATTDEF
  5
1B8
330
1AF
100
AcDbEntity
  8
E-ANNO-TAGS
100
AcDbText
 10
0.0
 20
-8.25
 30
0.0
 40
2.5
  1
Fusible (CD)
  7
PVSLD_STD
100
AcDbAttributeDefinition
  3
Descripción
  2
DESC
 70
0
 71
1
 72
0
  0
ATTDEF
  5
1B9
330
1AF
100
AcDbEntity
  8
E-ANNO-TAGS
100
AcDbText
 10
0.0
 20
0.0
 30
0.0
 40
2.5
  1

  7
PVSLD_STD
100
AcDbAttributeDefinition
  3
Identificador en el modelo
  2
COMP_ID
 70
1
 71
1
 72
0
  0
ATTDEF
  5
1BA
330
1AF
100
AcDbEntity
  8
E-ANNO-TAGS
100
AcDbText
 10
0.0
 20
0.0
 30
0.0
 40
2.5
  1
-
  7
PVSLD_STD
100
AcDbAttributeDefinition
  3
Referencia IEC 60617
  2
IEC_REF
 70
1
 71
1
 72
0
  0
ATTDEF
  5
1BB
330
1AF
100
AcDbEntity
  8
E-ANNO-TAGS
100
AcDbText
 10
0.0
 20
0.0
 30
0.0
 40
2.5
  1
NMX-J-136-ANCE-2019 4.2.21 (alt. 4.2.174, IEC S00362)
  7
PVSLD_STD
100
AcDbAttributeDefinition
  3
Referencia NMX-J-136-ANCE
  2
NMX_REF
 70
1
 71
1
 72
0
  0
ATTDEF
  5
1BC
330
1AF
100
AcDbEntity
  8
E-ANNO-TAGS
100
AcDbText
 10
0.0
 20
0.0
 30
0.0
 40
2.5
  1
NMX-J-136-ANCE-2019 4.2.21 (FUS, forma nacional 1)
  7
PVSLD_STD
100
AcDbAttributeDefinition
  3
Norma de origen del símbolo
  2
SOURCE_STANDARD
 70
1
 71
1
 72
0
  0
ATTDEF
  5
1BD
330
1AF
100
AcDbEntity
  8
E-ANNO-TAGS
100
AcDbText
 10
0.0
 20
0.0
 30
0.0
 40
2.5
  1

  7
PVSLD_STD
100
AcDbAttributeDefinition
  3
Corriente nominal (A)
  2
RATING_A
 70
1
 71
1
 72
0
  0
ATTDEF
  5
1BE
330
1AF
100
AcDbEntity
  8
E-ANNO-TAGS
100
AcDbText
 10
0.0
 20
0.0
 30
0.0
 40
2.5
  1

  7
PVSLD_STD
100
AcDbAttributeDefinition
  3
Tensión (V)
  2
VOLT_V
 70
1
 71
1
 72
0
  0
ATTDEF
  5
1BF
330
1AF
100
AcDbEntity
  8
E-ANNO-TAGS
100
AcDbText
 10
0.0
 20
0.0
 30
0.0
 40
2.5
  1

  7
PVSLD_STD
100
AcDbAttributeDefinition
  3
Clase (gPV, gG)
  2
FUSE_CLASS
 70
1
 71
1
 72
0
  0
ATTDEF
  5
1C0
330
1AF
100
AcDbEntity
  8
E-ANNO-TAGS
100
AcDbText
 10
0.0
 20
0.0
 30
0.0
 40
2.5
  1

  7
PVSLD_STD
100
AcDbAttributeDefinition
  3
Capacidad interruptiva (kA)
  2
KAIC_KA
 70
1
 71
1
 72
0
  0
ENDBLK
  5
1B1
330
1AF
100
AcDbEntity
  8
0
100
AcDbBlockEnd
  0
BLOCK
  5
1C2
330
1C1
100
AcDbEntity
  8
0
100
AcDbBlockBegin
  2
PVSLD_FUSE_AC
 70
2
 10
0.0
 20
0.0
 30
0.0
  3
PVSLD_FUSE_AC
  1

  0
LINE
  5
1C4
330
1C1
100
AcDbEntity
  8
E-PVAC-EQPM
100
AcDbLine
 10
0.0
 20
0.0
 30
0.0
 11
5.0
 21
0.0
 31
0.0
  0
LWPOLYLINE
  5
1C5
330
1C1
100
AcDbEntity
  8
E-PVAC-EQPM
100
AcDbPolyline
 90
4
 70
1
 10
5.0
 20
-3.75
 10
17.5
 20
-3.75
 10
17.5
 20
3.75
 10
5.0
 20
3.75
  0
LINE
  5
1C6
330
1C1
100
AcDbEntity
  8
E-PVAC-EQPM
100
AcDbLine
 10
7.5
 20
-3.75
 30
0.0
 11
7.5
 21
3.75
 31
0.0
  0
LINE
  5
1C7
330
1C1
100
AcDbEntity
  8
E-PVAC-EQPM
100
AcDbLine
 10
15.0
 20
-3.75
 30
0.0
 11
15.0
 21
3.75
 31
0.0
  0
LINE
  5
1C8
330
1C1
100
AcDbEntity
  8
E-PVAC-EQPM
100
AcDbLine
 10
17.5
 20
0.0
 30
0.0
 11
22.5
 21
0.0
 31
0.0
  0
ATTDEF
  5
1C9
330
1C1
100
AcDbEntity
  8
E-ANNO-TAGS
100
AcDbText
 10
0.0
 20
6.25
 30
0.0
 40
3.5
  1

  7
PVSLD_STD
100
AcDbAttributeDefinition
  3
Identificador
  2
TAG
 70
0
 71
1
 72
0
  0
ATTDEF
  5
1CA
330
1C1
100
AcDbEntity
  8
E-ANNO-TAGS
100
AcDbText
 10
0.0
 20
-8.25
 30
0.0
 40
2.5
  1
Fusible (CA)
  7
PVSLD_STD
100
AcDbAttributeDefinition
  3
Descripción
  2
DESC
 70
0
 71
1
 72
0
  0
ATTDEF
  5
1CB
330
1C1
100
AcDbEntity
  8
E-ANNO-TAGS
100
AcDbText
 10
0.0
 20
0.0
 30
0.0
 40
2.5
  1

  7
PVSLD_STD
100
AcDbAttributeDefinition
  3
Identificador en el modelo
  2
COMP_ID
 70
1
 71
1
 72
0
  0
ATTDEF
  5
1CC
330
1C1
100
AcDbEntity
  8
E-ANNO-TAGS
100
AcDbText
 10
0.0
 20
0.0
 30
0.0
 40
2.5
  1
-
  7
PVSLD_STD
100
AcDbAttributeDefinition
  3
Referencia IEC 60617
  2
IEC_REF
 70
1
 71
1
 72
0
  0
ATTDEF
  5
1CD
330
1C1
100
AcDbEntity
  8
E-ANNO-TAGS
100
AcDbText
 10
0.0
 20
0.0
 30
0.0
 40
2.5
  1
NMX-J-136-ANCE-2019 4.2.21 (alt. 4.2.174, IEC S00362)
  7
PVSLD_STD
100
AcDbAttributeDefinition
  3
Referencia NMX-J-136-ANCE
  2
NMX_REF
 70
1
 71
1
 72
0
  0
ATTDEF
  5
1CE
330
1C1
100
AcDbEntity
  8
E-ANNO-TAGS
100
AcDbText
 10
0.0
 20
0.0
 30
0.0
 40
2.5
  1
NMX-J-136-ANCE-2019 4.2.21 (FUS, forma nacional 1)
  7
PVSLD_STD
100
AcDbAttributeDefinition
  3
Norma de origen del símbolo
  2
SOURCE_STANDARD
 70
1
 71
1
 72
0
  0
ATTDEF
  5
1CF
330
1C1
100
AcDbEntity
  8
E-ANNO-TAGS
100
AcDbText
 10
0.0
 20
0.0
 30
0.0
 40
2.5
  1

  7
PVSLD_STD
100
AcDbAttributeDefinition
  3
Corriente nominal (A)
  2
RATING_A
 70
1
 71
1
 72
0
  0
ATTDEF
  5
1D0
330
1C1
100
AcDbEntity
  8
E-ANNO-TAGS
100
AcDbText
 10
0.0
 20
0.0
 30
0.0
 40
2.5
  1

  7
PVSLD_STD
100
AcDbAttributeDefinition
  3
Tensión (V)
  2
VOLT_V
 70
1
 71
1
 72
0
  0
ATTDEF
  5
1D1
330
1C1
100
AcDbEntity
  8
E-ANNO-TAGS
100
AcDbText
 10
0.0
 20
0.0
 30
0.0
 40
2.5
  1

  7
PVSLD_STD
100
AcDbAttributeDefinition
  3
Clase (gG, gL)
  2
FUSE_CLASS
 70
1
 71
1
 72
0
  0
ATTDEF
  5
1D2
330
1C1
100
AcDbEntity
  8
E-ANNO-TAGS
100
AcDbText
 10
0.0
 20
0.0
 30
0.0
 40
2.5
  1

  7
PVSLD_STD
100
AcDbAttributeDefinition
  3
Capacidad interruptiva (kA)
  2
KAIC_KA
 70
1
 71
1
 72
0
  0
ENDBLK
  5
1C3
330
1C1
100
AcDbEntity
  8
0
100
AcDbBlockEnd
  0
BLOCK
  5
1D4
330
1D3
100
AcDbEntity
  8
0
100
AcDbBlockBegin
  2
PVSLD_SPD
 70
2
 10
0.0
 20
0.0
 30
0.0
  3
PVSLD_SPD
  1

  0
LINE
  5
1D6
330
1D3
100
AcDbEntity
  8
E-PVDC-EQPM
100
AcDbLine
 10
0.0
 20
0.0
 30
0.0
 11
0.0
 21
-5.0
 31
0.0
  0
LWPOLYLINE
  5
1D7
330
1D3
100
AcDbEntity
  8
E-PVDC-EQPM
100
AcDbPolyline
 90
4
 70
1
 10
-2.5
 20
-15.0
 10
2.5
 20
-15.0
 10
2.5
 20
-5.0
 10
-2.5
 20
-5.0
  0
LINE
  5
1D8
330
1D3
100
AcDbEntity
  8
E-PVDC-EQPM
100
AcDbLine
 10
0.0
 20
-15.0
 30
0.0
 11
0.0
 21
-20.0
 31
0.0
  0
LWPOLYLINE
  5
1D9
330
1D3
100
AcDbEntity
  8
E-PVDC-EQPM
100
AcDbPolyline
 90
4
 70
0
 10
-4.0
 20
-15.0
 10
-4.0
 20
-11.5
 10
4.0
 20
-8.5
 10
4.0
 20
-5.0
  0
ATTDEF
  5
1DA
330
1D3
100
AcDbEntity
  8
E-ANNO-TAGS
100
AcDbText
 10
7.0
 20
-6.0
 30
0.0
 40
3.5
  1

  7
PVSLD_STD
100
AcDbAttributeDefinition
  3
Identificador
  2
TAG
 70
0
 71
1
 72
0
  0
ATTDEF
  5
1DB
330
1D3
100
AcDbEntity
  8
E-ANNO-TAGS
100
AcDbText
 10
7.0
 20
-10.0
 30
0.0
 40
2.5
  1
Varistor (dispositivo de protección contra sobretensiones)
  7
PVSLD_STD
100
AcDbAttributeDefinition
  3
Descripción
  2
DESC
 70
0
 71
1
 72
0
  0
ATTDEF
  5
1DC
330
1D3
100
AcDbEntity
  8
E-ANNO-TAGS
100
AcDbText
 10
0.0
 20
0.0
 30
0.0
 40
2.5
  1

  7
PVSLD_STD
100
AcDbAttributeDefinition
  3
Identificador en el modelo
  2
COMP_ID
 70
1
 71
1
 72
0
  0
ATTDEF
  5
1DD
330
1D3
100
AcDbEntity
  8
E-ANNO-TAGS
100
AcDbText
 10
0.0
 20
0.0
 30
0.0
 40
2.5
  1
-
  7
PVSLD_STD
100
AcDbAttributeDefinition
  3
Referencia IEC 60617
  2
IEC_REF
 70
1
 71
1
 72
0
  0
ATTDEF
  5
1DE
330
1D3
100
AcDbEntity
  8
E-ANNO-TAGS
100
AcDbText
 10
0.0
 20
0.0
 30
0.0
 40
2.5
  1
NMX-J-136-ANCE-2019 4.2.308 (SPD, forma distinta)
  7
PVSLD_STD
100
AcDbAttributeDefinition
  3
Referencia NMX-J-136-ANCE
  2
NMX_REF
 70
1
 71
1
 72
0
  0
ATTDEF
  5
1DF
330
1D3
100
AcDbEntity
  8
E-ANNO-TAGS
100
AcDbText
 10
0.0
 20
0.0
 30
0.0
 40
2.5
  1
CFE G0100-04 Apéndice C
  7
PVSLD_STD
100
AcDbAttributeDefinition
  3
Norma de origen del símbolo
  2
SOURCE_STANDARD
 70
1
 71
1
 72
0
  0
ATTDEF
  5
1E0
330
1D3
100
AcDbEntity
  8
E-ANNO-TAGS
100
AcDbText
 10
7.0
 20
-14.0
 30
0.0
 40
2.5
  1

  7
PVSLD_STD
100
AcDbAttributeDefinition
  3
Datos del varistor
  2
SPEC
 70
0
 71
1
 72
0
  0
ATTDEF
  5
1E1
330
1D3
100
AcDbEntity
  8
E-ANNO-TAGS
100
AcDbText
 10
0.0
 20
0.0
 30
0.0
 40
2.5
  1

  7
PVSLD_STD
100
AcDbAttributeDefinition
  3
Tipo (1, 2, 3)
  2
SPD_TYPE
 70
1
 71
1
 72
0
  0
ATTDEF
  5
1E2
330
1D3
100
AcDbEntity
  8
E-ANNO-TAGS
100
AcDbText
 10
0.0
 20
0.0
 30
0.0
 40
2.5
  1

  7
PVSLD_STD
100
AcDbAttributeDefinition
  3
Tensión máxima de operación continua (V)
  2
UC_V
 70
1
 71
1
 72
0
  0
ATTDEF
  5
1E3
330
1D3
100
AcDbEntity
  8
E-ANNO-TAGS
100
AcDbText
 10
0.0
 20
0.0
 30
0.0
 40
2.5
  1

  7
PVSLD_STD
100
AcDbAttributeDefinition
  3
Nivel de protección (kV)
  2
UP_KV
 70
1
 71
1
 72
0
  0
ATTDEF
  5
1E4
330
1D3
100
AcDbEntity
  8
E-ANNO-TAGS
100
AcDbText
 10
0.0
 20
0.0
 30
0.0
 40
2.5
  1

  7
PVSLD_STD
100
AcDbAttributeDefinition
  3
Corriente nominal de descarga (kA)
  2
IN_KA
 70
1
 71
1
 72
0
  0
ENDBLK
  5
1D5
330
1D3
100
AcDbEntity
  8
0
100
AcDbBlockEnd
  0
BLOCK
  5
1E6
330
1E5
100
AcDbEntity
  8
0
100
AcDbBlockBegin
  2
PVSLD_SPD_AC
 70
2
 10
0.0
 20
0.0
 30
0.0
  3
PVSLD_SPD_AC
  1

  0
LINE
  5
1E8
330
1E5
100
AcDbEntity
  8
E-PVAC-EQPM
100
AcDbLine
 10
0.0
 20
0.0
 30
0.0
 11
0.0
 21
-5.0
 31
0.0
  0
LWPOLYLINE
  5
1E9
330
1E5
100
AcDbEntity
  8
E-PVAC-EQPM
100
AcDbPolyline
 90
4
 70
1
 10
-2.5
 20
-15.0
 10
2.5
 20
-15.0
 10
2.5
 20
-5.0
 10
-2.5
 20
-5.0
  0
LINE
  5
1EA
330
1E5
100
AcDbEntity
  8
E-PVAC-EQPM
100
AcDbLine
 10
0.0
 20
-15.0
 30
0.0
 11
0.0
 21
-20.0
 31
0.0
  0
LWPOLYLINE
  5
1EB
330
1E5
100
AcDbEntity
  8
E-PVAC-EQPM
100
AcDbPolyline
 90
4
 70
0
 10
-4.0
 20
-15.0
 10
-4.0
 20
-11.5
 10
4.0
 20
-8.5
 10
4.0
 20
-5.0
  0
ATTDEF
  5
1EC
330
1E5
100
AcDbEntity
  8
E-ANNO-TAGS
100
AcDbText
 10
7.0
 20
-6.0
 30
0.0
 40
3.5
  1

  7
PVSLD_STD
100
AcDbAttributeDefinition
  3
Identificador
  2
TAG
 70
0
 71
1
 72
0
  0
ATTDEF
  5
1ED
330
1E5
100
AcDbEntity
  8
E-ANNO-TAGS
100
AcDbText
 10
7.0
 20
-10.0
 30
0.0
 40
2.5
  1
Varistor en CA (dispositivo de protección contra sobretensiones)
  7
PVSLD_STD
100
AcDbAttributeDefinition
  3
Descripción
  2
DESC
 70
0
 71
1
 72
0
  0
ATTDEF
  5
1EE
330
1E5
100
AcDbEntity
  8
E-ANNO-TAGS
100
AcDbText
 10
0.0
 20
0.0
 30
0.0
 40
2.5
  1

  7
PVSLD_STD
100
AcDbAttributeDefinition
  3
Identificador en el modelo
  2
COMP_ID
 70
1
 71
1
 72
0
  0
ATTDEF
  5
1EF
330
1E5
100
AcDbEntity
  8
E-ANNO-TAGS
100
AcDbText
 10
0.0
 20
0.0
 30
0.0
 40
2.5
  1
-
  7
PVSLD_STD
100
AcDbAttributeDefinition
  3
Referencia IEC 60617
  2
IEC_REF
 70
1
 71
1
 72
0
  0
ATTDEF
  5
1F0
330
1E5
100
AcDbEntity
  8
E-ANNO-TAGS
100
AcDbText
 10
0.0
 20
0.0
 30
0.0
 40
2.5
  1
NMX-J-136-ANCE-2019 4.2.308 (SPD, forma distinta)
  7
PVSLD_STD
100
AcDbAttributeDefinition
  3
Referencia NMX-J-136-ANCE
  2
NMX_REF
 70
1
 71
1
 72
0
  0
ATTDEF
  5
1F1
330
1E5
100
AcDbEntity
  8
E-ANNO-TAGS
100
AcDbText
 10
0.0
 20
0.0
 30
0.0
 40
2.5
  1
CFE G0100-04 Apéndice C (varistor), usado en CA en Apéndice D
  7
PVSLD_STD
100
AcDbAttributeDefinition
  3
Norma de origen del símbolo
  2
SOURCE_STANDARD
 70
1
 71
1
 72
0
  0
ATTDEF
  5
1F2
330
1E5
100
AcDbEntity
  8
E-ANNO-TAGS
100
AcDbText
 10
7.0
 20
-14.0
 30
0.0
 40
2.5
  1

  7
PVSLD_STD
100
AcDbAttributeDefinition
  3
Datos del varistor
  2
SPEC
 70
0
 71
1
 72
0
  0
ATTDEF
  5
1F3
330
1E5
100
AcDbEntity
  8
E-ANNO-TAGS
100
AcDbText
 10
0.0
 20
0.0
 30
0.0
 40
2.5
  1

  7
PVSLD_STD
100
AcDbAttributeDefinition
  3
Tipo (1, 2, 3)
  2
SPD_TYPE
 70
1
 71
1
 72
0
  0
ATTDEF
  5
1F4
330
1E5
100
AcDbEntity
  8
E-ANNO-TAGS
100
AcDbText
 10
0.0
 20
0.0
 30
0.0
 40
2.5
  1

  7
PVSLD_STD
100
AcDbAttributeDefinition
  3
Tensión máxima de operación continua (V)
  2
UC_V
 70
1
 71
1
 72
0
  0
ATTDEF
  5
1F5
330
1E5
100
AcDbEntity
  8
E-ANNO-TAGS
100
AcDbText
 10
0.0
 20
0.0
 30
0.0
 40
2.5
  1

  7
PVSLD_STD
100
AcDbAttributeDefinition
  3
Nivel de protección (kV)
  2
UP_KV
 70
1
 71
1
 72
0
  0
ATTDEF
  5
1F6
330
1E5
100
AcDbEntity
  8
E-ANNO-TAGS
100
AcDbText
 10
0.0
 20
0.0
 30
0.0
 40
2.5
  1

  7
PVSLD_STD
100
AcDbAttributeDefinition
  3
Corriente nominal de descarga (kA)
  2
IN_KA
 70
1
 71
1
 72
0
  0
ENDBLK
  5
1E7
330
1E5
100
AcDbEntity
  8
0
100
AcDbBlockEnd
  0
BLOCK
  5
1F8
330
1F7
100
AcDbEntity
  8
0
100
AcDbBlockBegin
  2
PVSLD_GFDI
 70
2
 10
0.0
 20
0.0
 30
0.0
  3
PVSLD_GFDI
  1

  0
LWPOLYLINE
  5
1FA
330
1F7
100
AcDbEntity
  8
E-PVDC-EQPM
100
AcDbPolyline
 90
4
 70
1
 10
0.0
 20
-15.0
 10
30.0
 20
-15.0
 10
30.0
 20
0.0
 10
0.0
 20
0.0
  0
TEXT
  5
1FB
330
1F7
100
AcDbEntity
  8
E-ANNO-TAGS
100
AcDbText
 10
2.5
 20
-4.75
 30
0.0
 40
2.5
  1
Detector
  7
PVSLD_STD
 11
2.5
 21
-4.75
 31
0.0
100
AcDbText
  0
TEXT
  5
1FC
330
1F7
100
AcDbEntity
  8
E-ANNO-TAGS
100
AcDbText
 10
2.5
 20
-8.75
 30
0.0
 40
2.5
  1
de falla a
  7
PVSLD_STD
 11
2.5
 21
-8.75
 31
0.0
100
AcDbText
  0
TEXT
  5
1FD
330
1F7
100
AcDbEntity
  8
E-ANNO-TAGS
100
AcDbText
 10
2.5
 20
-12.75
 30
0.0
 40
2.5
  1
tierra
  7
PVSLD_STD
 11
2.5
 21
-12.75
 31
0.0
100
AcDbText
  0
ATTDEF
  5
1FE
330
1F7
100
AcDbEntity
  8
E-ANNO-TAGS
100
AcDbText
 10
0.0
 20
2.5
 30
0.0
 40
3.5
  1

  7
PVSLD_STD
100
AcDbAttributeDefinition
  3
Identificador
  2
TAG
 70
0
 71
1
 72
0
  0
ATTDEF
  5
1FF
330
1F7
100
AcDbEntity
  8
E-ANNO-TAGS
100
AcDbText
 10
0.0
 20
-19.5
 30
0.0
 40
2.5
  1
Detector de falla a tierra
  7
PVSLD_STD
100
AcDbAttributeDefinition
  3
Descripción
  2
DESC
 70
0
 71
1
 72
0
  0
ATTDEF
  5
200
330
1F7
100
AcDbEntity
  8
E-ANNO-TAGS
100
AcDbText
 10
0.0
 20
0.0
 30
0.0
 40
2.5
  1

  7
PVSLD_STD
100
AcDbAttributeDefinition
  3
Identificador en el modelo
  2
COMP_ID
 70
1
 71
1
 72
0
  0
ATTDEF
  5
201
330
1F7
100
AcDbEntity
  8
E-ANNO-TAGS
100
AcDbText
 10
0.0
 20
0.0
 30
0.0
 40
2.5
  1
-
  7
PVSLD_STD
100
AcDbAttributeDefinition
  3
Referencia IEC 60617
  2
IEC_REF
 70
1
 71
1
 72
0
  0
ATTDEF
  5
202
330
1F7
100
AcDbEntity
  8
E-ANNO-TAGS
100
AcDbText
 10
0.0
 20
0.0
 30
0.0
 40
2.5
  1
NMX-J-136-ANCE (pendiente)
  7
PVSLD_STD
100
AcDbAttributeDefinition
  3
Referencia NMX-J-136-ANCE
  2
NMX_REF
 70
1
 71
1
 72
0
  0
ATTDEF
  5
203
330
1F7
100
AcDbEntity
  8
E-ANNO-TAGS
100
AcDbText
 10
0.0
 20
0.0
 30
0.0
 40
2.5
  1
CFE G0100-04 Apéndice D, fig. D1 (detector de falla a tierra)
  7
PVSLD_STD
100
AcDbAttributeDefinition
  3
Norma de origen del símbolo
  2
SOURCE_STANDARD
 70
1
 71
1
 72
0
  0
ATTDEF
  5
204
330
1F7
100
AcDbEntity
  8
E-ANNO-TAGS
100
AcDbText
 10
0.0
 20
0.0
 30
0.0
 40
2.5
  1

  7
PVSLD_STD
100
AcDbAttributeDefinition
  3
Umbral de disparo (mA)
  2
TRIP_MA
 70
1
 71
1
 72
0
  0
ATTDEF
  5
205
330
1F7
100
AcDbEntity
  8
E-ANNO-TAGS
100
AcDbText
 10
0.0
 20
0.0
 30
0.0
 40
2.5
  1

  7
PVSLD_STD
100
AcDbAttributeDefinition
  3
Tipo
  2
GFDI_TYPE
 70
1
 71
1
 72
0
  0
ENDBLK
  5
1F9
330
1F7
100
AcDbEntity
  8
0
100
AcDbBlockEnd
  0
BLOCK
  5
207
330
206
100
AcDbEntity
  8
0
100
AcDbBlockBegin
  2
PVSLD_INS_MONITOR
 70
2
 10
0.0
 20
0.0
 30
0.0
  3
PVSLD_INS_MONITOR
  1

  0
LWPOLYLINE
  5
209
330
206
100
AcDbEntity
  8
E-PVDC-EQPM
100
AcDbPolyline
 90
4
 70
1
 10
0.0
 20
-15.0
 10
30.0
 20
-15.0
 10
30.0
 20
0.0
 10
0.0
 20
0.0
  0
TEXT
  5
20A
330
206
100
AcDbEntity
  8
E-ANNO-TAGS
100
AcDbText
 10
2.5
 20
-4.75
 30
0.0
 40
2.5
  1
Monitor
  7
PVSLD_STD
 11
2.5
 21
-4.75
 31
0.0
100
AcDbText
  0
TEXT
  5
20B
330
206
100
AcDbEntity
  8
E-ANNO-TAGS
100
AcDbText
 10
2.5
 20
-8.75
 30
0.0
 40
2.5
  1
de
  7
PVSLD_STD
 11
2.5
 21
-8.75
 31
0.0
100
AcDbText
  0
TEXT
  5
20C
330
206
100
AcDbEntity
  8
E-ANNO-TAGS
100
AcDbText
 10
2.5
 20
-12.75
 30
0.0
 40
2.5
  1
aislamiento
  7
PVSLD_STD
 11
2.5
 21
-12.75
 31
0.0
100
AcDbText
  0
ATTDEF
  5
20D
330
206
100
AcDbEntity
  8
E-ANNO-TAGS
100
AcDbText
 10
0.0
 20
2.5
 30
0.0
 40
3.5
  1

  7
PVSLD_STD
100
AcDbAttributeDefinition
  3
Identificador
  2
TAG
 70
0
 71
1
 72
0
  0
ATTDEF
  5
20E
330
206
100
AcDbEntity
  8
E-ANNO-TAGS
100
AcDbText
 10
0.0
 20
-19.5
 30
0.0
 40
2.5
  1
Monitor de aislamiento
  7
PVSLD_STD
100
AcDbAttributeDefinition
  3
Descripción
  2
DESC
 70
0
 71
1
 72
0
  0
ATTDEF
  5
20F
330
206
100
AcDbEntity
  8
E-ANNO-TAGS
100
AcDbText
 10
0.0
 20
0.0
 30
0.0
 40
2.5
  1

  7
PVSLD_STD
100
AcDbAttributeDefinition
  3
Identificador en el modelo
  2
COMP_ID
 70
1
 71
1
 72
0
  0
ATTDEF
  5
210
330
206
100
AcDbEntity
  8
E-ANNO-TAGS
100
AcDbText
 10
0.0
 20
0.0
 30
0.0
 40
2.5
  1
-
  7
PVSLD_STD
100
AcDbAttributeDefinition
  3
Referencia IEC 60617
  2
IEC_REF
 70
1
 71
1
 72
0
  0
ATTDEF
  5
211
330
206
100
AcDbEntity
  8
E-ANNO-TAGS
100
AcDbText
 10
0.0
 20
0.0
 30
0.0
 40
2.5
  1
NMX-J-136-ANCE (pendiente)
  7
PVSLD_STD
100
AcDbAttributeDefinition
  3
Referencia NMX-J-136-ANCE
  2
NMX_REF
 70
1
 71
1
 72
0
  0
ATTDEF
  5
212
330
206
100
AcDbEntity
  8
E-ANNO-TAGS
100
AcDbText
 10
0.0
 20
0.0
 30
0.0
 40
2.5
  1
CFE G0100-04 Apéndice D, fig. D2 (monitor de aislamiento)
  7
PVSLD_STD
100
AcDbAttributeDefinition
  3
Norma de origen del símbolo
  2
SOURCE_STANDARD
 70
1
 71
1
 72
0
  0
ATTDEF
  5
213
330
206
100
AcDbEntity
  8
E-ANNO-TAGS
100
AcDbText
 10
0.0
 20
0.0
 30
0.0
 40
2.5
  1

  7
PVSLD_STD
100
AcDbAttributeDefinition
  3
Umbral de alarma (kΩ)
  2
TRIP_KOHM
 70
1
 71
1
 72
0
  0
ENDBLK
  5
208
330
206
100
AcDbEntity
  8
0
100
AcDbBlockEnd
  0
BLOCK
  5
215
330
214
100
AcDbEntity
  8
0
100
AcDbBlockBegin
  2
PVSLD_AFCI
 70
2
 10
0.0
 20
0.0
 30
0.0
  3
PVSLD_AFCI
  1

  0
LWPOLYLINE
  5
217
330
214
100
AcDbEntity
  8
E-PVDC-EQPM
100
AcDbPolyline
 90
4
 70
1
 10
0.0
 20
-15.0
 10
30.0
 20
-15.0
 10
30.0
 20
0.0
 10
0.0
 20
0.0
  0
TEXT
  5
218
330
214
100
AcDbEntity
  8
E-ANNO-TAGS
100
AcDbText
 10
2.5
 20
-4.75
 30
0.0
 40
2.5
  1
AFCI
  7
PVSLD_STD
 11
2.5
 21
-4.75
 31
0.0
100
AcDbText
  0
TEXT
  5
219
330
214
100
AcDbEntity
  8
E-ANNO-TAGS
100
AcDbText
 10
2.5
 20
-8.75
 30
0.0
 40
2.5
  1
Detector de
  7
PVSLD_STD
 11
2.5
 21
-8.75
 31
0.0
100
AcDbText
  0
TEXT
  5
21A
330
214
100
AcDbEntity
  8
E-ANNO-TAGS
100
AcDbText
 10
2.5
 20
-12.75
 30
0.0
 40
2.5
  1
falla por arco
  7
PVSLD_STD
 11
2.5
 21
-12.75
 31
0.0
100
AcDbText
  0
ATTDEF
  5
21B
330
214
100
AcDbEntity
  8
E-ANNO-TAGS
100
AcDbText
 10
0.0
 20
2.5
 30
0.0
 40
3.5
  1

  7
PVSLD_STD
100
AcDbAttributeDefinition
  3
Identificador
  2
TAG
 70
0
 71
1
 72
0
  0
ATTDEF
  5
21C
330
214
100
AcDbEntity
  8
E-ANNO-TAGS
100
AcDbText
 10
0.0
 20
-19.5
 30
0.0
 40
2.5
  1
Detector de falla por arco (AFCI)
  7
PVSLD_STD
100
AcDbAttributeDefinition
  3
Descripción
  2
DESC
 70
0
 71
1
 72
0
  0
ATTDEF
  5
21D
330
214
100
AcDbEntity
  8
E-ANNO-TAGS
100
AcDbText
 10
0.0
 20
0.0
 30
0.0
 40
2.5
  1

  7
PVSLD_STD
100
AcDbAttributeDefinition
  3
Identificador en el modelo
  2
COMP_ID
 70
1
 71
1
 72
0
  0
ATTDEF
  5
21E
330
214
100
AcDbEntity
  8
E-ANNO-TAGS
100
AcDbText
 10
0.0
 20
0.0
 30
0.0
 40
2.5
  1
-
  7
PVSLD_STD
100
AcDbAttributeDefinition
  3
Referencia IEC 60617
  2
IEC_REF
 70
1
 71
1
 72
0
  0
ATTDEF
  5
21F
330
214
100
AcDbEntity
  8
E-ANNO-TAGS
100
AcDbText
 10
0.0
 20
0.0
 30
0.0
 40
2.5
  1
NMX-J-136-ANCE (pendiente)
  7
PVSLD_STD
100
AcDbAttributeDefinition
  3
Referencia NMX-J-136-ANCE
  2
NMX_REF
 70
1
 71
1
 72
0
  0
ATTDEF
  5
220
330
214
100
AcDbEntity
  8
E-ANNO-TAGS
100
AcDbText
 10
0.0
 20
0.0
 30
0.0
 40
2.5
  1
pvsld (composición); bloque rotulado al estilo de CFE G0100-04 Apéndice D
  7
PVSLD_STD
100
AcDbAttributeDefinition
  3
Norma de origen del símbolo
  2
SOURCE_STANDARD
 70
1
 71
1
 72
0
  0
ATTDEF
  5
221
330
214
100
AcDbEntity
  8
E-ANNO-TAGS
100
AcDbText
 10
0.0
 20
0.0
 30
0.0
 40
2.5
  1

  7
PVSLD_STD
100
AcDbAttributeDefinition
  3
Tipo (integrado, externo)
  2
AFCI_TYPE
 70
1
 71
1
 72
0
  0
ENDBLK
  5
216
330
214
100
AcDbEntity
  8
0
100
AcDbBlockEnd
  0
BLOCK
  5
223
330
222
100
AcDbEntity
  8
0
100
AcDbBlockBegin
  2
PVSLD_RELAY
 70
2
 10
0.0
 20
0.0
 30
0.0
  3
PVSLD_RELAY
  1

  0
LWPOLYLINE
  5
225
330
222
100
AcDbEntity
  8
E-UTIL-EQPM
100
AcDbPolyline
 90
4
 70
1
 10
0.0
 20
-15.0
 10
25.0
 20
-15.0
 10
25.0
 20
0.0
 10
0.0
 20
0.0
  0
ATTDEF
  5
226
330
222
100
AcDbEntity
  8
E-ANNO-TAGS
100
AcDbText
 10
0.0
 20
3.0
 30
0.0
 40
3.5
  1

  7
PVSLD_STD
100
AcDbAttributeDefinition
  3
Identificador
  2
TAG
 70
0
 71
1
 72
0
  0
ATTDEF
  5
227
330
222
100
AcDbEntity
  8
E-ANNO-TAGS
100
AcDbText
 10
0.0
 20
-19.0
 30
0.0
 40
2.5
  1
Relevador de protección
  7
PVSLD_STD
100
AcDbAttributeDefinition
  3
Descripción
  2
DESC
 70
0
 71
1
 72
0
  0
ATTDEF
  5
228
330
222
100
AcDbEntity
  8
E-ANNO-TAGS
100
AcDbText
 10
0.0
 20
0.0
 30
0.0
 40
2.5
  1

  7
PVSLD_STD
100
AcDbAttributeDefinition
  3
Identificador en el modelo
  2
COMP_ID
 70
1
 71
1
 72
0
  0
ATTDEF
  5
229
330
222
100
AcDbEntity
  8
E-ANNO-TAGS
100
AcDbText
 10
0.0
 20
0.0
 30
0.0
 40
2.5
  1
-
  7
PVSLD_STD
100
AcDbAttributeDefinition
  3
Referencia IEC 60617
  2
IEC_REF
 70
1
 71
1
 72
0
  0
ATTDEF
  5
22A
330
222
100
AcDbEntity
  8
E-ANNO-TAGS
100
AcDbText
 10
0.0
 20
0.0
 30
0.0
 40
2.5
  1
NMX-J-136-ANCE-2019 Tabla 2 (números de dispositivo, solo texto)
  7
PVSLD_STD
100
AcDbAttributeDefinition
  3
Referencia NMX-J-136-ANCE
  2
NMX_REF
 70
1
 71
1
 72
0
  0
ATTDEF
  5
22B
330
222
100
AcDbEntity
  8
E-ANNO-TAGS
100
AcDbText
 10
0.0
 20
0.0
 30
0.0
 40
2.5
  1
DGE (basada en IEC 60617) 07-73-01; números ANSI de NMX-J-136-ANCE-2019, Tabla 2
  7
PVSLD_STD
100
AcDbAttributeDefinition
  3
Norma de origen del símbolo
  2
SOURCE_STANDARD
 70
1
 71
1
 72
0
  0
ATTDEF
  5
22C
330
222
100
AcDbEntity
  8
E-ANNO-TAGS
100
AcDbText
 10
3.0
 20
-7.0
 30
0.0
 40
4.0
  1

  7
PVSLD_STD
100
AcDbAttributeDefinition
  3
Función medida (U<, U>, f<, f>)
  2
FUNCTION
 70
0
 71
1
 72
0
  0
ATTDEF
  5
22D
330
222
100
AcDbEntity
  8
E-ANNO-TAGS
100
AcDbText
 10
3.0
 20
-12.5
 30
0.0
 40
2.5
  1

  7
PVSLD_STD
100
AcDbAttributeDefinition
  3
Número de dispositivo ANSI (27, 59, 81)
  2
ANSI_NO
 70
0
 71
1
 72
0
  0
ATTDEF
  5
22E
330
222
100
AcDbEntity
  8
E-ANNO-TAGS
100
AcDbText
 10
0.0
 20
0.0
 30
0.0
 40
2.5
  1

  7
PVSLD_STD
100
AcDbAttributeDefinition
  3
Ajuste
  2
SETTING
 70
1
 71
1
 72
0
  0
ATTDEF
  5
22F
330
222
100
AcDbEntity
  8
E-ANNO-TAGS
100
AcDbText
 10
0.0
 20
0.0
 30
0.0
 40
2.5
  1

  7
PVSLD_STD
100
AcDbAttributeDefinition
  3
Retardo (s)
  2
DELAY_S
 70
1
 71
1
 72
0
  0
ENDBLK
  5
224
330
222
100
AcDbEntity
  8
0
100
AcDbBlockEnd
  0
BLOCK
  5
231
330
230
100
AcDbEntity
  8
0
100
AcDbBlockBegin
  2
PVSLD_SWITCH
 70
2
 10
0.0
 20
0.0
 30
0.0
  3
PVSLD_SWITCH
  1

  0
LINE
  5
233
330
230
100
AcDbEntity
  8
E-PVAC-EQPM
100
AcDbLine
 10
0.0
 20
0.0
 30
0.0
 11
5.0
 21
0.0
 31
0.0
  0
LINE
  5
234
330
230
100
AcDbEntity
  8
E-PVAC-EQPM
100
AcDbLine
 10
5.0
 20
0.0
 30
0.0
 11
12.5
 21
7.5
 31
0.0
  0
LINE
  5
235
330
230
100
AcDbEntity
  8
E-PVAC-EQPM
100
AcDbLine
 10
12.5
 20
0.0
 30
0.0
 11
25.0
 21
0.0
 31
0.0
  0
LINE
  5
236
330
230
100
AcDbEntity
  8
E-PVAC-EQPM
  6
DOTTED
100
AcDbLine
 10
8.75
 20
3.75
 30
0.0
 11
5.0
 21
8.75
 31
0.0
  0
LINE
  5
237
330
230
100
AcDbEntity
  8
E-PVAC-EQPM
  6
DOTTED
100
AcDbLine
 10
8.75
 20
3.75
 30
0.0
 11
8.75
 21
-6.25
 31
0.0
  0
LINE
  5
238
330
230
100
AcDbEntity
  8
E-PVAC-EQPM
100
AcDbLine
 10
5.0
 20
8.75
 30
0.0
 11
8.75
 21
8.0
 31
0.0
  0
LINE
  5
239
330
230
100
AcDbEntity
  8
E-PVAC-EQPM
100
AcDbLine
 10
5.0
 20
8.75
 30
0.0
 11
5.25
 21
4.75
 31
0.0
  0
ATTDEF
  5
23A
330
230
100
AcDbEntity
  8
E-ANNO-TAGS
100
AcDbText
 10
15.0
 20
5.0
 30
0.0
 40
3.5
  1

  7
PVSLD_STD
100
AcDbAttributeDefinition
  3
Identificador
  2
TAG
 70
0
 71
1
 72
0
  0
ATTDEF
  5
23B
330
230
100
AcDbEntity
  8
E-ANNO-TAGS
100
AcDbText
 10
0.0
 20
-10.0
 30
0.0
 40
2.5
  1
Interruptor manual
  7
PVSLD_STD
100
AcDbAttributeDefinition
  3
Descripción
  2
DESC
 70
0
 71
1
 72
0
  0
ATTDEF
  5
23C
330
230
100
AcDbEntity
  8
E-ANNO-TAGS
100
AcDbText
 10
0.0
 20
0.0
 30
0.0
 40
2.5
  1

  7
PVSLD_STD
100
AcDbAttributeDefinition
  3
Identificador en el modelo
  2
COMP_ID
 70
1
 71
1
 72
0
  0
ATTDEF
  5
23D
330
230
100
AcDbEntity
  8
E-ANNO-TAGS
100
AcDbText
 10
0.0
 20
0.0
 30
0.0
 40
2.5
  1
-
  7
PVSLD_STD
100
AcDbAttributeDefinition
  3
Referencia IEC 60617
  2
IEC_REF
 70
1
 71
1
 72
0
  0
ATTDEF
  5
23E
330
230
100
AcDbEntity
  8
E-ANNO-TAGS
100
AcDbText
 10
0.0
 20
0.0
 30
0.0
 40
2.5
  1
NMX-J-136-ANCE-2019 4.2.94 y 4.2.121
  7
PVSLD_STD
100
AcDbAttributeDefinition
  3
Referencia NMX-J-136-ANCE
  2
NMX_REF
 70
1
 71
1
 72
0
  0
ATTDEF
  5
23F
330
230
100
AcDbEntity
  8
E-ANNO-TAGS
100
AcDbText
 10
0.0
 20
0.0
 30
0.0
 40
2.5
  1
CFE G0100-04 Apéndice C
  7
PVSLD_STD
100
AcDbAttributeDefinition
  3
Norma de origen del símbolo
  2
SOURCE_STANDARD
 70
1
 71
1
 72
0
  0
ATTDEF
  5
240
330
230
100
AcDbEntity
  8
E-ANNO-TAGS
100
AcDbText
 10
15.0
 20
9.0
 30
0.0
 40
2.5
  1

  7
PVSLD_STD
100
AcDbAttributeDefinition
  3
Función
  2
ROLE
 70
0
 71
1
 72
0
  0
ATTDEF
  5
241
330
230
100
AcDbEntity
  8
E-ANNO-TAGS
100
AcDbText
 10
0.0
 20
0.0
 30
0.0
 40
2.5
  1

  7
PVSLD_STD
100
AcDbAttributeDefinition
  3
Polos
  2
POLES
 70
1
 71
1
 72
0
  0
ATTDEF
  5
242
330
230
100
AcDbEntity
  8
E-ANNO-TAGS
100
AcDbText
 10
0.0
 20
0.0
 30
0.0
 40
2.5
  1

  7
PVSLD_STD
100
AcDbAttributeDefinition
  3
Corriente nominal (A)
  2
RATING_A
 70
1
 71
1
 72
0
  0
ATTDEF
  5
243
330
230
100
AcDbEntity
  8
E-ANNO-TAGS
100
AcDbText
 10
0.0
 20
0.0
 30
0.0
 40
2.5
  1

  7
PVSLD_STD
100
AcDbAttributeDefinition
  3
Tensión (V)
  2
VOLT_V
 70
1
 71
1
 72
0
  0
ENDBLK
  5
232
330
230
100
AcDbEntity
  8
0
100
AcDbBlockEnd
  0
BLOCK
  5
245
330
244
100
AcDbEntity
  8
0
100
AcDbBlockBegin
  2
PVSLD_DC_DISCONNECT
 70
2
 10
0.0
 20
0.0
 30
0.0
  3
PVSLD_DC_DISCONNECT
  1

  0
LINE
  5
247
330
244
100
AcDbEntity
  8
E-PVDC-EQPM
100
AcDbLine
 10
0.0
 20
0.0
 30
0.0
 11
5.0
 21
0.0
 31
0.0
  0
LINE
  5
248
330
244
100
AcDbEntity
  8
E-PVDC-EQPM
100
AcDbLine
 10
5.0
 20
0.0
 30
0.0
 11
12.5
 21
7.5
 31
0.0
  0
LINE
  5
249
330
244
100
AcDbEntity
  8
E-PVDC-EQPM
100
AcDbLine
 10
12.5
 20
0.0
 30
0.0
 11
25.0
 21
0.0
 31
0.0
  0
LINE
  5
24A
330
244
100
AcDbEntity
  8
E-PVDC-EQPM
  6
DOTTED
100
AcDbLine
 10
8.75
 20
3.75
 30
0.0
 11
5.0
 21
8.75
 31
0.0
  0
LINE
  5
24B
330
244
100
AcDbEntity
  8
E-PVDC-EQPM
  6
DOTTED
100
AcDbLine
 10
8.75
 20
3.75
 30
0.0
 11
8.75
 21
-6.25
 31
0.0
  0
LINE
  5
24C
330
244
100
AcDbEntity
  8
E-PVDC-EQPM
100
AcDbLine
 10
5.0
 20
8.75
 30
0.0
 11
8.75
 21
8.0
 31
0.0
  0
LINE
  5
24D
330
244
100
AcDbEntity
  8
E-PVDC-EQPM
100
AcDbLine
 10
5.0
 20
8.75
 30
0.0
 11
5.25
 21
4.75
 31
0.0
  0
ATTDEF
  5
24E
330
244
100
AcDbEntity
  8
E-ANNO-TAGS
100
AcDbText
 10
15.0
 20
5.0
 30
0.0
 40
3.5
  1

  7
PVSLD_STD
100
AcDbAttributeDefinition
  3
Identificador
  2
TAG
 70
0
 71
1
 72
0
  0
ATTDEF
  5
24F
330
244
100
AcDbEntity
  8
E-ANNO-TAGS
100
AcDbText
 10
0.0
 20
-10.0
 30
0.0
 40
2.5
  1
Desconectador de CD (interruptor manual con carga)
  7
PVSLD_STD
100
AcDbAttributeDefinition
  3
Descripción
  2
DESC
 70
0
 71
1
 72
0
  0
ATTDEF
  5
250
330
244
100
AcDbEntity
  8
E-ANNO-TAGS
100
AcDbText
 10
0.0
 20
0.0
 30
0.0
 40
2.5
  1

  7
PVSLD_STD
100
AcDbAttributeDefinition
  3
Identificador en el modelo
  2
COMP_ID
 70
1
 71
1
 72
0
  0
ATTDEF
  5
251
330
244
100
AcDbEntity
  8
E-ANNO-TAGS
100
AcDbText
 10
0.0
 20
0.0
 30
0.0
 40
2.5
  1
-
  7
PVSLD_STD
100
AcDbAttributeDefinition
  3
Referencia IEC 60617
  2
IEC_REF
 70
1
 71
1
 72
0
  0
ATTDEF
  5
252
330
244
100
AcDbEntity
  8
E-ANNO-TAGS
100
AcDbText
 10
0.0
 20
0.0
 30
0.0
 40
2.5
  1
NMX-J-136-ANCE-2019 4.2.94 y 4.2.119 (con carga)
  7
PVSLD_STD
100
AcDbAttributeDefinition
  3
Referencia NMX-J-136-ANCE
  2
NMX_REF
 70
1
 71
1
 72
0
  0
ATTDEF
  5
253
330
244
100
AcDbEntity
  8
E-ANNO-TAGS
100
AcDbText
 10
0.0
 20
0.0
 30
0.0
 40
2.5
  1
CFE G0100-04 Apéndice C (interruptor manual), usado como desconectador de CD en Apéndice D, fig. D1
  7
PVSLD_STD
100
AcDbAttributeDefinition
  3
Norma de origen del símbolo
  2
SOURCE_STANDARD
 70
1
 71
1
 72
0
  0
ATTDEF
  5
254
330
244
100
AcDbEntity
  8
E-ANNO-TAGS
100
AcDbText
 10
15.0
 20
9.0
 30
0.0
 40
2.5
  1

  7
PVSLD_STD
100
AcDbAttributeDefinition
  3
Función
  2
ROLE
 70
0
 71
1
 72
0
  0
ATTDEF
  5
255
330
244
100
AcDbEntity
  8
E-ANNO-TAGS
100
AcDbText
 10
0.0
 20
0.0
 30
0.0
 40
2.5
  1

  7
PVSLD_STD
100
AcDbAttributeDefinition
  3
Polos
  2
POLES
 70
1
 71
1
 72
0
  0
ATTDEF
  5
256
330
244
100
AcDbEntity
  8
E-ANNO-TAGS
100
AcDbText
 10
0.0
 20
0.0
 30
0.0
 40
2.5
  1

  7
PVSLD_STD
100
AcDbAttributeDefinition
  3
Corriente nominal (A)
  2
RATING_A
 70
1
 71
1
 72
0
  0
ATTDEF
  5
257
330
244
100
AcDbEntity
  8
E-ANNO-TAGS
100
AcDbText
 10
0.0
 20
0.0
 30
0.0
 40
2.5
  1

  7
PVSLD_STD
100
AcDbAttributeDefinition
  3
Tensión (V)
  2
VOLT_V
 70
1
 71
1
 72
0
  0
ATTDEF
  5
258
330
244
100
AcDbEntity
  8
E-ANNO-TAGS
100
AcDbText
 10
0.0
 20
0.0
 30
0.0
 40
2.5
  1

  7
PVSLD_STD
100
AcDbAttributeDefinition
  3
Con capacidad de corte con carga
  2
LOAD_BREAK
 70
1
 71
1
 72
0
  0
ENDBLK
  5
246
330
244
100
AcDbEntity
  8
0
100
AcDbBlockEnd
  0
BLOCK
  5
25A
330
259
100
AcDbEntity
  8
0
100
AcDbBlockBegin
  2
PVSLD_FUSE_DISC
 70
2
 10
0.0
 20
0.0
 30
0.0
  3
PVSLD_FUSE_DISC
  1

  0
LINE
  5
25C
330
259
100
AcDbEntity
  8
E-PVAC-EQPM
100
AcDbLine
 10
0.0
 20
0.0
 30
0.0
 11
5.0
 21
0.0
 31
0.0
  0
LINE
  5
25D
330
259
100
AcDbEntity
  8
E-PVAC-EQPM
100
AcDbLine
 10
17.5
 20
0.0
 30
0.0
 11
5.0
 21
-5.5
 31
0.0
  0
LWPOLYLINE
  5
25E
330
259
100
AcDbEntity
  8
E-PVAC-EQPM
100
AcDbPolyline
 90
4
 70
1
 10
14.2534
 20
-2.7941
 10
9.0034
 20
-5.1041
 10
7.9966
 20
-2.8159
 10
13.2466
 20
-0.5059
  0
LINE
  5
25F
330
259
100
AcDbEntity
  8
E-PVAC-EQPM
100
AcDbLine
 10
17.5
 20
0.0
 30
0.0
 11
25.0
 21
0.0
 31
0.0
  0
LINE
  5
260
330
259
100
AcDbEntity
  8
E-PVAC-EQPM
100
AcDbLine
 10
5.0
 20
-2.5
 30
0.0
 11
5.0
 21
2.5
 31
0.0
  0
ATTDEF
  5
261
330
259
100
AcDbEntity
  8
E-ANNO-TAGS
100
AcDbText
 10
0.0
 20
5.0
 30
0.0
 40
3.5
  1

  7
PVSLD_STD
100
AcDbAttributeDefinition
  3
Identificador
  2
TAG
 70
0
 71
1
 72
0
  0
ATTDEF
  5
262
330
259
100
AcDbEntity
  8
E-ANNO-TAGS
100
AcDbText
 10
0.0
 20
-10.0
 30
0.0
 40
2.5
  1
Fusible-seccionador
  7
PVSLD_STD
100
AcDbAttributeDefinition
  3
Descripción
  2
DESC
 70
0
 71
1
 72
0
  0
ATTDEF
  5
263
330
259
100
AcDbEntity
  8
E-ANNO-TAGS
100
AcDbText
 10
0.0
 20
0.0
 30
0.0
 40
2.5
  1

  7
PVSLD_STD
100
AcDbAttributeDefinition
  3
Identificador en el modelo
  2
COMP_ID
 70
1
 71
1
 72
0
  0
ATTDEF
  5
264
330
259
100
AcDbEntity
  8
E-ANNO-TAGS
100
AcDbText
 10
0.0
 20
0.0
 30
0.0
 40
2.5
  1
IEC 60617 S00369
  7
PVSLD_STD
100
AcDbAttributeDefinition
  3
Referencia IEC 60617
  2
IEC_REF
 70
1
 71
1
 72
0
  0
ATTDEF
  5
265
330
259
100
AcDbEntity
  8
E-ANNO-TAGS
100
AcDbText
 10
0.0
 20
0.0
 30
0.0
 40
2.5
  1
NMX-J-136-ANCE-2019 4.2.176 (alt. 4.2.177, S00370)
  7
PVSLD_STD
100
AcDbAttributeDefinition
  3
Referencia NMX-J-136-ANCE
  2
NMX_REF
 70
1
 71
1
 72
0
  0
ATTDEF
  5
266
330
259
100
AcDbEntity
  8
E-ANNO-TAGS
100
AcDbText
 10
0.0
 20
0.0
 30
0.0
 40
2.5
  1
NMX-J-136-ANCE-2019 4.2.176 (FUS-SECC, IEC S00369)
  7
PVSLD_STD
100
AcDbAttributeDefinition
  3
Norma de origen del símbolo
  2
SOURCE_STANDARD
 70
1
 71
1
 72
0
  0
ATTDEF
  5
267
330
259
100
AcDbEntity
  8
E-ANNO-TAGS
100
AcDbText
 10
0.0
 20
0.0
 30
0.0
 40
2.5
  1

  7
PVSLD_STD
100
AcDbAttributeDefinition
  3
Polos
  2
POLES
 70
1
 71
1
 72
0
  0
ATTDEF
  5
268
330
259
100
AcDbEntity
  8
E-ANNO-TAGS
100
AcDbText
 10
0.0
 20
0.0
 30
0.0
 40
2.5
  1

  7
PVSLD_STD
100
AcDbAttributeDefinition
  3
Corriente nominal (A)
  2
RATING_A
 70
1
 71
1
 72
0
  0
ATTDEF
  5
269
330
259
100
AcDbEntity
  8
E-ANNO-TAGS
100
AcDbText
 10
0.0
 20
0.0
 30
0.0
 40
2.5
  1

  7
PVSLD_STD
100
AcDbAttributeDefinition
  3
Tensión (V)
  2
VOLT_V
 70
1
 71
1
 72
0
  0
ATTDEF
  5
26A
330
259
100
AcDbEntity
  8
E-ANNO-TAGS
100
AcDbText
 10
0.0
 20
0.0
 30
0.0
 40
2.5
  1

  7
PVSLD_STD
100
AcDbAttributeDefinition
  3
Fusible (A)
  2
FUSE_A
 70
1
 71
1
 72
0
  0
ENDBLK
  5
25B
330
259
100
AcDbEntity
  8
0
100
AcDbBlockEnd
  0
BLOCK
  5
26C
330
26B
100
AcDbEntity
  8
0
100
AcDbBlockBegin
  2
PVSLD_SAFETY_SWITCH
 70
2
 10
0.0
 20
0.0
 30
0.0
  3
PVSLD_SAFETY_SWITCH
  1

  0
LWPOLYLINE
  5
26E
330
26B
100
AcDbEntity
  8
E-PVAC-EQPM
100
AcDbPolyline
 90
4
 70
1
 10
3.75
 20
-5.0
 10
26.25
 20
-5.0
 10
26.25
 20
5.0
 10
3.75
 20
5.0
  0
LINE
  5
26F
330
26B
100
AcDbEntity
  8
E-PVAC-EQPM
100
AcDbLine
 10
0.0
 20
0.0
 30
0.0
 11
7.5
 21
0.0
 31
0.0
  0
HATCH
  5
270
330
26B
100
AcDbEntity
  8
E-PVAC-EQPM
100
AcDbHatch
 10
0.0
 20
0.0
 30
0.0
210
0.0
220
0.0
230
1.0
  2
SOLID
 70
1
 71
0
 91
1
 92
3
 72
1
 73
1
 93
2
 10
6.7
 20
0.0
 42
1.0
 10
8.3
 20
0.0
 42
1.0
 97
0
 75
0
 76
1
 98
0
  0
HATCH
  5
271
330
26B
100
AcDbEntity
  8
E-PVAC-EQPM
100
AcDbHatch
 10
0.0
 20
0.0
 30
0.0
210
0.0
220
0.0
230
1.0
  2
SOLID
 70
1
 71
0
 91
1
 92
3
 72
1
 73
1
 93
2
 10
10.45
 20
0.0
 42
1.0
 10
12.05
 20
0.0
 42
1.0
 97
0
 75
0
 76
1
 98
0
  0
LINE
  5
272
330
26B
100
AcDbEntity
  8
E-PVAC-EQPM
100
AcDbLine
 10
11.25
 20
0.0
 30
0.0
 11
8.5
 21
3.25
 31
0.0
  0
LINE
  5
273
330
26B
100
AcDbEntity
  8
E-PVAC-EQPM
100
AcDbLine
 10
11.25
 20
0.0
 30
0.0
 11
15.0
 21
0.0
 31
0.0
  0
ARC
  5
274
330
26B
100
AcDbEntity
  8
E-PVAC-EQPM
100
AcDbCircle
 10
16.25
 20
0.0
 30
0.0
 40
1.25
100
AcDbArc
 50
0.0
 51
180.0
  0
ARC
  5
275
330
26B
100
AcDbEntity
  8
E-PVAC-EQPM
100
AcDbCircle
 10
18.75
 20
0.0
 30
0.0
 40
1.25
100
AcDbArc
 50
180.0
 51
360.0
  0
LINE
  5
276
330
26B
100
AcDbEntity
  8
E-PVAC-EQPM
100
AcDbLine
 10
20.0
 20
0.0
 30
0.0
 11
30.0
 21
0.0
 31
0.0
  0
ATTDEF
  5
277
330
26B
100
AcDbEntity
  8
E-ANNO-TAGS
100
AcDbText
 10
0.0
 20
7.5
 30
0.0
 40
3.5
  1

  7
PVSLD_STD
100
AcDbAttributeDefinition
  3
Identificador
  2
TAG
 70
0
 71
1
 72
0
  0
ATTDEF
  5
278
330
26B
100
AcDbEntity
  8
E-ANNO-TAGS
100
AcDbText
 10
0.0
 20
-9.5
 30
0.0
 40
2.5
  1
Interruptor de seguridad con fusibles (CA)
  7
PVSLD_STD
100
AcDbAttributeDefinition
  3
Descripción
  2
DESC
 70
0
 71
1
 72
0
  0
ATTDEF
  5
279
330
26B
100
AcDbEntity
  8
E-ANNO-TAGS
100
AcDbText
 10
0.0
 20
0.0
 30
0.0
 40
2.5
  1

  7
PVSLD_STD
100
AcDbAttributeDefinition
  3
Identificador en el modelo
  2
COMP_ID
 70
1
 71
1
 72
0
  0
ATTDEF
  5
27A
330
26B
100
AcDbEntity
  8
E-ANNO-TAGS
100
AcDbText
 10
0.0
 20
0.0
 30
0.0
 40
2.5
  1
-
  7
PVSLD_STD
100
AcDbAttributeDefinition
  3
Referencia IEC 60617
  2
IEC_REF
 70
1
 71
1
 72
0
  0
ATTDEF
  5
27B
330
26B
100
AcDbEntity
  8
E-ANNO-TAGS
100
AcDbText
 10
0.0
 20
0.0
 30
0.0
 40
2.5
  1
NMX-J-136-ANCE-2019 4.2.128 (IS, forma unifilar)
  7
PVSLD_STD
100
AcDbAttributeDefinition
  3
Referencia NMX-J-136-ANCE
  2
NMX_REF
 70
1
 71
1
 72
0
  0
ATTDEF
  5
27C
330
26B
100
AcDbEntity
  8
E-ANNO-TAGS
100
AcDbText
 10
0.0
 20
0.0
 30
0.0
 40
2.5
  1
NMX-J-136-ANCE-2019 4.2.128 (IS, forma unifilar)
  7
PVSLD_STD
100
AcDbAttributeDefinition
  3
Norma de origen del símbolo
  2
SOURCE_STANDARD
 70
1
 71
1
 72
0
  0
ATTDEF
  5
27D
330
26B
100
AcDbEntity
  8
E-ANNO-TAGS
100
AcDbText
 10
0.0
 20
0.0
 30
0.0
 40
2.5
  1

  7
PVSLD_STD
100
AcDbAttributeDefinition
  3
Polos
  2
POLES
 70
1
 71
1
 72
0
  0
ATTDEF
  5
27E
330
26B
100
AcDbEntity
  8
E-ANNO-TAGS
100
AcDbText
 10
0.0
 20
0.0
 30
0.0
 40
2.5
  1

  7
PVSLD_STD
100
AcDbAttributeDefinition
  3
Corriente nominal (A)
  2
RATING_A
 70
1
 71
1
 72
0
  0
ATTDEF
  5
27F
330
26B
100
AcDbEntity
  8
E-ANNO-TAGS
100
AcDbText
 10
0.0
 20
0.0
 30
0.0
 40
2.5
  1

  7
PVSLD_STD
100
AcDbAttributeDefinition
  3
Tensión (V)
  2
VOLT_V
 70
1
 71
1
 72
0
  0
ATTDEF
  5
280
330
26B
100
AcDbEntity
  8
E-ANNO-TAGS
100
AcDbText
 10
0.0
 20
0.0
 30
0.0
 40
2.5
  1

  7
PVSLD_STD
100
AcDbAttributeDefinition
  3
Fusibles (A)
  2
FUSE_A
 70
1
 71
1
 72
0
  0
ENDBLK
  5
26D
330
26B
100
AcDbEntity
  8
0
100
AcDbBlockEnd
  0
BLOCK
  5
282
330
281
100
AcDbEntity
  8
0
100
AcDbBlockBegin
  2
PVSLD_TRANSFER_SW
 70
2
 10
0.0
 20
0.0
 30
0.0
  3
PVSLD_TRANSFER_SW
  1

  0
LINE
  5
284
330
281
100
AcDbEntity
  8
E-PVAC-EQPM
100
AcDbLine
 10
-5.0
 20
0.0
 30
0.0
 11
-5.0
 21
-7.5
 31
0.0
  0
LINE
  5
285
330
281
100
AcDbEntity
  8
E-PVAC-EQPM
100
AcDbLine
 10
-5.0
 20
-7.5
 30
0.0
 11
-2.5
 21
-7.5
 31
0.0
  0
LINE
  5
286
330
281
100
AcDbEntity
  8
E-PVAC-EQPM
100
AcDbLine
 10
0.0
 20
0.0
 30
0.0
 11
0.0
 21
-7.5
 31
0.0
  0
LINE
  5
287
330
281
100
AcDbEntity
  8
E-PVAC-EQPM
100
AcDbLine
 10
0.0
 20
-15.0
 30
0.0
 11
-3.75
 21
-7.5
 31
0.0
  0
LINE
  5
288
330
281
100
AcDbEntity
  8
E-PVAC-EQPM
100
AcDbLine
 10
0.0
 20
-15.0
 30
0.0
 11
0.0
 21
-22.5
 31
0.0
  0
ATTDEF
  5
289
330
281
100
AcDbEntity
  8
E-ANNO-TAGS
100
AcDbText
 10
3.0
 20
-12.0
 30
0.0
 40
3.5
  1

  7
PVSLD_STD
100
AcDbAttributeDefinition
  3
Identificador
  2
TAG
 70
0
 71
1
 72
0
  0
ATTDEF
  5
28A
330
281
100
AcDbEntity
  8
E-ANNO-TAGS
100
AcDbText
 10
3.0
 20
-16.0
 30
0.0
 40
2.5
  1
Interruptor de transferencia
  7
PVSLD_STD
100
AcDbAttributeDefinition
  3
Descripción
  2
DESC
 70
0
 71
1
 72
0
  0
ATTDEF
  5
28B
330
281
100
AcDbEntity
  8
E-ANNO-TAGS
100
AcDbText
 10
0.0
 20
0.0
 30
0.0
 40
2.5
  1

  7
PVSLD_STD
100
AcDbAttributeDefinition
  3
Identificador en el modelo
  2
COMP_ID
 70
1
 71
1
 72
0
  0
ATTDEF
  5
28C
330
281
100
AcDbEntity
  8
E-ANNO-TAGS
100
AcDbText
 10
0.0
 20
0.0
 30
0.0
 40
2.5
  1
-
  7
PVSLD_STD
100
AcDbAttributeDefinition
  3
Referencia IEC 60617
  2
IEC_REF
 70
1
 71
1
 72
0
  0
ATTDEF
  5
28D
330
281
100
AcDbEntity
  8
E-ANNO-TAGS
100
AcDbText
 10
0.0
 20
0.0
 30
0.0
 40
2.5
  1
NMX-J-136-ANCE-2019 Tabla 2, dispositivos 43 y 83 (solo texto)
  7
PVSLD_STD
100
AcDbAttributeDefinition
  3
Referencia NMX-J-136-ANCE
  2
NMX_REF
 70
1
 71
1
 72
0
  0
ATTDEF
  5
28E
330
281
100
AcDbEntity
  8
E-ANNO-TAGS
100
AcDbText
 10
0.0
 20
0.0
 30
0.0
 40
2.5
  1
DGE (basada en IEC 60617) 07-71-03; dispositivos 43 y 83 de NMX-J-136-ANCE-2019, Tabla 2
  7
PVSLD_STD
100
AcDbAttributeDefinition
  3
Norma de origen del símbolo
  2
SOURCE_STANDARD
 70
1
 71
1
 72
0
  0
ATTDEF
  5
28F
330
281
100
AcDbEntity
  8
E-ANNO-TAGS
100
AcDbText
 10
3.0
 20
-20.0
 30
0.0
 40
2.5
  1

  7
PVSLD_STD
100
AcDbAttributeDefinition
  3
Función (ATS, 43)
  2
ROLE
 70
0
 71
1
 72
0
  0
ATTDEF
  5
290
330
281
100
AcDbEntity
  8
E-ANNO-TAGS
100
AcDbText
 10
0.0
 20
0.0
 30
0.0
 40
2.5
  1

  7
PVSLD_STD
100
AcDbAttributeDefinition
  3
Polos
  2
POLES
 70
1
 71
1
 72
0
  0
ATTDEF
  5
291
330
281
100
AcDbEntity
  8
E-ANNO-TAGS
100
AcDbText
 10
0.0
 20
0.0
 30
0.0
 40
2.5
  1

  7
PVSLD_STD
100
AcDbAttributeDefinition
  3
Corriente nominal (A)
  2
RATING_A
 70
1
 71
1
 72
0
  0
ATTDEF
  5
292
330
281
100
AcDbEntity
  8
E-ANNO-TAGS
100
AcDbText
 10
0.0
 20
0.0
 30
0.0
 40
2.5
  1

  7
PVSLD_STD
100
AcDbAttributeDefinition
  3
Tensión (V)
  2
VOLT_V
 70
1
 71
1
 72
0
  0
ENDBLK
  5
283
330
281
100
AcDbEntity
  8
0
100
AcDbBlockEnd
  0
BLOCK
  5
294
330
293
100
AcDbEntity
  8
0
100
AcDbBlockBegin
  2
PVSLD_CONTACTOR
 70
2
 10
0.0
 20
0.0
 30
0.0
  3
PVSLD_CONTACTOR
  1

  0
LINE
  5
296
330
293
100
AcDbEntity
  8
E-PVAC-EQPM
100
AcDbLine
 10
0.0
 20
0.0
 30
0.0
 11
7.5
 21
0.0
 31
0.0
  0
ARC
  5
297
330
293
100
AcDbEntity
  8
E-PVAC-EQPM
100
AcDbCircle
 10
5.75
 20
0.0
 30
0.0
 40
1.75
100
AcDbArc
 50
180.0
 51
0.0
  0
LINE
  5
298
330
293
100
AcDbEntity
  8
E-PVAC-EQPM
100
AcDbLine
 10
15.0
 20
0.0
 30
0.0
 11
7.5
 21
-5.0
 31
0.0
  0
LINE
  5
299
330
293
100
AcDbEntity
  8
E-PVAC-EQPM
100
AcDbLine
 10
15.0
 20
0.0
 30
0.0
 11
22.5
 21
0.0
 31
0.0
  0
ATTDEF
  5
29A
330
293
100
AcDbEntity
  8
E-ANNO-TAGS
100
AcDbText
 10
0.0
 20
2.5
 30
0.0
 40
3.5
  1

  7
PVSLD_STD
100
AcDbAttributeDefinition
  3
Identificador
  2
TAG
 70
0
 71
1
 72
0
  0
ATTDEF
  5
29B
330
293
100
AcDbEntity
  8
E-ANNO-TAGS
100
AcDbText
 10
0.0
 20
-9.5
 30
0.0
 40
2.5
  1
Contactor
  7
PVSLD_STD
100
AcDbAttributeDefinition
  3
Descripción
  2
DESC
 70
0
 71
1
 72
0
  0
ATTDEF
  5
29C
330
293
100
AcDbEntity
  8
E-ANNO-TAGS
100
AcDbText
 10
0.0
 20
0.0
 30
0.0
 40
2.5
  1

  7
PVSLD_STD
100
AcDbAttributeDefinition
  3
Identificador en el modelo
  2
COMP_ID
 70
1
 71
1
 72
0
  0
ATTDEF
  5
29D
330
293
100
AcDbEntity
  8
E-ANNO-TAGS
100
AcDbText
 10
0.0
 20
0.0
 30
0.0
 40
2.5
  1
IEC 60617 S00284
  7
PVSLD_STD
100
AcDbAttributeDefinition
  3
Referencia IEC 60617
  2
IEC_REF
 70
1
 71
1
 72
0
  0
ATTDEF
  5
29E
330
293
100
AcDbEntity
  8
E-ANNO-TAGS
100
AcDbText
 10
0.0
 20
0.0
 30
0.0
 40
2.5
  1
NMX-J-136-ANCE-2019 4.2.168 (contacto, IEC S00284)
  7
PVSLD_STD
100
AcDbAttributeDefinition
  3
Referencia NMX-J-136-ANCE
  2
NMX_REF
 70
1
 71
1
 72
0
  0
ATTDEF
  5
29F
330
293
100
AcDbEntity
  8
E-ANNO-TAGS
100
AcDbText
 10
0.0
 20
0.0
 30
0.0
 40
2.5
  1
NMX-J-136-ANCE-2019 4.2.168 (contacto, IEC S00284)
  7
PVSLD_STD
100
AcDbAttributeDefinition
  3
Norma de origen del símbolo
  2
SOURCE_STANDARD
 70
1
 71
1
 72
0
  0
ATTDEF
  5
2A0
330
293
100
AcDbEntity
  8
E-ANNO-TAGS
100
AcDbText
 10
0.0
 20
0.0
 30
0.0
 40
2.5
  1

  7
PVSLD_STD
100
AcDbAttributeDefinition
  3
Polos
  2
POLES
 70
1
 71
1
 72
0
  0
ATTDEF
  5
2A1
330
293
100
AcDbEntity
  8
E-ANNO-TAGS
100
AcDbText
 10
0.0
 20
0.0
 30
0.0
 40
2.5
  1

  7
PVSLD_STD
100
AcDbAttributeDefinition
  3
Corriente nominal (A)
  2
RATING_A
 70
1
 71
1
 72
0
  0
ATTDEF
  5
2A2
330
293
100
AcDbEntity
  8
E-ANNO-TAGS
100
AcDbText
 10
0.0
 20
0.0
 30
0.0
 40
2.5
  1

  7
PVSLD_STD
100
AcDbAttributeDefinition
  3
Tensión (V)
  2
VOLT_V
 70
1
 71
1
 72
0
  0
ATTDEF
  5
2A3
330
293
100
AcDbEntity
  8
E-ANNO-TAGS
100
AcDbText
 10
0.0
 20
0.0
 30
0.0
 40
2.5
  1

  7
PVSLD_STD
100
AcDbAttributeDefinition
  3
Tensión de bobina (V)
  2
COIL_V
 70
1
 71
1
 72
0
  0
ENDBLK
  5
295
330
293
100
AcDbEntity
  8
0
100
AcDbBlockEnd
  0
BLOCK
  5
2A5
330
2A4
100
AcDbEntity
  8
0
100
AcDbBlockBegin
  2
PVSLD_METER
 70
2
 10
0.0
 20
0.0
 30
0.0
  3
PVSLD_METER
  1

  0
LWPOLYLINE
  5
2A7
330
2A4
100
AcDbEntity
  8
E-UTIL-EQPM
100
AcDbPolyline
 90
4
 70
1
 10
0.0
 20
-10.0
 10
15.0
 20
-10.0
 10
15.0
 20
10.0
 10
0.0
 20
10.0
  0
LINE
  5
2A8
330
2A4
100
AcDbEntity
  8
E-UTIL-EQPM
100
AcDbLine
 10
0.0
 20
0.0
 30
0.0
 11
15.0
 21
0.0
 31
0.0
  0
LINE
  5
2A9
330
2A4
100
AcDbEntity
  8
E-UTIL-EQPM
100
AcDbLine
 10
3.0
 20
5.0
 30
0.0
 11
12.0
 21
5.0
 31
0.0
  0
LWPOLYLINE
  5
2AA
330
2A4
100
AcDbEntity
  8
E-UTIL-EQPM
100
AcDbPolyline
 90
3
 70
0
 10
4.5
 20
6.2
 10
3.0
 20
5.0
 10
4.5
 20
3.8
  0
LWPOLYLINE
  5
2AB
330
2A4
100
AcDbEntity
  8
E-UTIL-EQPM
100
AcDbPolyline
 90
3
 70
0
 10
10.5
 20
6.2
 10
12.0
 20
5.0
 10
10.5
 20
3.8
  0
TEXT
  5
2AC
330
2A4
100
AcDbEntity
  8
E-ANNO-TAGS
100
AcDbText
 10
4.6
 20
-7.0
 30
0.0
 40
3.2
  1
kWh
  7
PVSLD_STD
 11
4.6
 21
-7.0
 31
0.0
100
AcDbText
  0
ATTDEF
  5
2AD
330
2A4
100
AcDbEntity
  8
E-ANNO-TAGS
100
AcDbText
 10
0.0
 20
13.0
 30
0.0
 40
3.5
  1

  7
PVSLD_STD
100
AcDbAttributeDefinition
  3
Identificador
  2
TAG
 70
0
 71
1
 72
0
  0
ATTDEF
  5
2AE
330
2A4
100
AcDbEntity
  8
E-ANNO-TAGS
100
AcDbText
 10
0.0
 20
-14.0
 30
0.0
 40
2.5
  1
Medidor de energía bidireccional
  7
PVSLD_STD
100
AcDbAttributeDefinition
  3
Descripción
  2
DESC
 70
0
 71
1
 72
0
  0
ATTDEF
  5
2AF
330
2A4
100
AcDbEntity
  8
E-ANNO-TAGS
100
AcDbText
 10
0.0
 20
0.0
 30
0.0
 40
2.5
  1

  7
PVSLD_STD
100
AcDbAttributeDefinition
  3
Identificador en el modelo
  2
COMP_ID
 70
1
 71
1
 72
0
  0
ATTDEF
  5
2B0
330
2A4
100
AcDbEntity
  8
E-ANNO-TAGS
100
AcDbText
 10
0.0
 20
0.0
 30
0.0
 40
2.5
  1
IEC 60617 S00937
  7
PVSLD_STD
100
AcDbAttributeDefinition
  3
Referencia IEC 60617
  2
IEC_REF
 70
1
 71
1
 72
0
  0
ATTDEF
  5
2B1
330
2A4
100
AcDbEntity
  8
E-ANNO-TAGS
100
AcDbText
 10
0.0
 20
0.0
 30
0.0
 40
2.5
  1
NMX-J-136-ANCE-2019 4.2.126 (forma distinta)
  7
PVSLD_STD
100
AcDbAttributeDefinition
  3
Referencia NMX-J-136-ANCE
  2
NMX_REF
 70
1
 71
1
 72
0
  0
ATTDEF
  5
2B2
330
2A4
100
AcDbEntity
  8
E-ANNO-TAGS
100
AcDbText
 10
0.0
 20
0.0
 30
0.0
 40
2.5
  1
CFE G0100-04 Apéndice C
  7
PVSLD_STD
100
AcDbAttributeDefinition
  3
Norma de origen del símbolo
  2
SOURCE_STANDARD
 70
1
 71
1
 72
0
  0
ATTDEF
  5
2B3
330
2A4
100
AcDbEntity
  8
E-ANNO-TAGS
100
AcDbText
 10
0.0
 20
0.0
 30
0.0
 40
2.5
  1

  7
PVSLD_STD
100
AcDbAttributeDefinition
  3
Tipo (MF, MCE)
  2
METER_TYPE
 70
1
 71
1
 72
0
  0
ATTDEF
  5
2B4
330
2A4
100
AcDbEntity
  8
E-ANNO-TAGS
100
AcDbText
 10
0.0
 20
0.0
 30
0.0
 40
2.5
  1

  7
PVSLD_STD
100
AcDbAttributeDefinition
  3
Bidireccional
  2
BIDIRECTIONAL
 70
1
 71
1
 72
0
  0
ATTDEF
  5
2B5
330
2A4
100
AcDbEntity
  8
E-ANNO-TAGS
100
AcDbText
 10
0.0
 20
0.0
 30
0.0
 40
2.5
  1

  7
PVSLD_STD
100
AcDbAttributeDefinition
  3
Propietario
  2
OWNER
 70
1
 71
1
 72
0
  0
ATTDEF
  5
2B6
330
2A4
100
AcDbEntity
  8
E-ANNO-TAGS
100
AcDbText
 10
0.0
 20
0.0
 30
0.0
 40
2.5
  1

  7
PVSLD_STD
100
AcDbAttributeDefinition
  3
Número de medidor
  2
METER_NO
 70
1
 71
1
 72
0
  0
ENDBLK
  5
2A6
330
2A4
100
AcDbEntity
  8
0
100
AcDbBlockEnd
  0
BLOCK
  5
2B8
330
2B7
100
AcDbEntity
  8
0
100
AcDbBlockBegin
  2
PVSLD_METER_M
 70
2
 10
0.0
 20
0.0
 30
0.0
  3
PVSLD_METER_M
  1

  0
LWPOLYLINE
  5
2BA
330
2B7
100
AcDbEntity
  8
E-UTIL-EQPM
100
AcDbPolyline
 90
4
 70
1
 10
0.0
 20
-7.5
 10
15.0
 20
-7.5
 10
15.0
 20
7.5
 10
0.0
 20
7.5
  0
TEXT
  5
2BB
330
2B7
100
AcDbEntity
  8
E-ANNO-TAGS
100
AcDbText
 10
4.9
 20
-2.4
 30
0.0
 40
6.5
  1
M
  7
PVSLD_STD
 11
4.9
 21
-2.4
 31
0.0
100
AcDbText
  0
ATTDEF
  5
2BC
330
2B7
100
AcDbEntity
  8
E-ANNO-TAGS
100
AcDbText
 10
0.0
 20
10.0
 30
0.0
 40
3.5
  1

  7
PVSLD_STD
100
AcDbAttributeDefinition
  3
Identificador
  2
TAG
 70
0
 71
1
 72
0
  0
ATTDEF
  5
2BD
330
2B7
100
AcDbEntity
  8
E-ANNO-TAGS
100
AcDbText
 10
0.0
 20
-12.0
 30
0.0
 40
2.5
  1
Medidor de consumo o límite de exportación
  7
PVSLD_STD
100
AcDbAttributeDefinition
  3
Descripción
  2
DESC
 70
0
 71
1
 72
0
  0
ATTDEF
  5
2BE
330
2B7
100
AcDbEntity
  8
E-ANNO-TAGS
100
AcDbText
 10
0.0
 20
0.0
 30
0.0
 40
2.5
  1

  7
PVSLD_STD
100
AcDbAttributeDefinition
  3
Identificador en el modelo
  2
COMP_ID
 70
1
 71
1
 72
0
  0
ATTDEF
  5
2BF
330
2B7
100
AcDbEntity
  8
E-ANNO-TAGS
100
AcDbText
 10
0.0
 20
0.0
 30
0.0
 40
2.5
  1
-
  7
PVSLD_STD
100
AcDbAttributeDefinition
  3
Referencia IEC 60617
  2
IEC_REF
 70
1
 71
1
 72
0
  0
ATTDEF
  5
2C0
330
2B7
100
AcDbEntity
  8
E-ANNO-TAGS
100
AcDbText
 10
0.0
 20
0.0
 30
0.0
 40
2.5
  1
NMX-J-136-ANCE-2019 4.2.126 (equipo de medición, M)
  7
PVSLD_STD
100
AcDbAttributeDefinition
  3
Referencia NMX-J-136-ANCE
  2
NMX_REF
 70
1
 71
1
 72
0
  0
ATTDEF
  5
2C1
330
2B7
100
AcDbEntity
  8
E-ANNO-TAGS
100
AcDbText
 10
0.0
 20
0.0
 30
0.0
 40
2.5
  1
NMX-J-136-ANCE-2019 4.2.126 (equipo de medición, M)
  7
PVSLD_STD
100
AcDbAttributeDefinition
  3
Norma de origen del símbolo
  2
SOURCE_STANDARD
 70
1
 71
1
 72
0
  0
ATTDEF
  5
2C2
330
2B7
100
AcDbEntity
  8
E-ANNO-TAGS
100
AcDbText
 10
0.0
 20
0.0
 30
0.0
 40
2.5
  1

  7
PVSLD_STD
100
AcDbAttributeDefinition
  3
Tipo
  2
METER_TYPE
 70
1
 71
1
 72
0
  0
ATTDEF
  5
2C3
330
2B7
100
AcDbEntity
  8
E-ANNO-TAGS
100
AcDbText
 10
0.0
 20
0.0
 30
0.0
 40
2.5
  1

  7
PVSLD_STD
100
AcDbAttributeDefinition
  3
Función (consumo, límite de exportación)
  2
FUNCTION
 70
1
 71
1
 72
0
  0
ATTDEF
  5
2C4
330
2B7
100
AcDbEntity
  8
E-ANNO-TAGS
100
AcDbText
 10
0.0
 20
0.0
 30
0.0
 40
2.5
  1

  7
PVSLD_STD
100
AcDbAttributeDefinition
  3
Propietario
  2
OWNER
 70
1
 71
1
 72
0
  0
ATTDEF
  5
2C5
330
2B7
100
AcDbEntity
  8
E-ANNO-TAGS
100
AcDbText
 10
0.0
 20
0.0
 30
0.0
 40
2.5
  1

  7
PVSLD_STD
100
AcDbAttributeDefinition
  3
Número de medidor
  2
METER_NO
 70
1
 71
1
 72
0
  0
ENDBLK
  5
2B9
330
2B7
100
AcDbEntity
  8
0
100
AcDbBlockEnd
  0
BLOCK
  5
2C7
330
2C6
100
AcDbEntity
  8
0
100
AcDbBlockBegin
  2
PVSLD_CT
 70
2
 10
0.0
 20
0.0
 30
0.0
  3
PVSLD_CT
  1

  0
LINE
  5
2C9
330
2C6
100
AcDbEntity
  8
E-UTIL-EQPM
100
AcDbLine
 10
0.0
 20
0.0
 30
0.0
 11
15.0
 21
0.0
 31
0.0
  0
LINE
  5
2CA
330
2C6
100
AcDbEntity
  8
E-UTIL-EQPM
100
AcDbLine
 10
0.0
 20
-10.0
 30
0.0
 11
15.0
 21
-10.0
 31
0.0
  0
LINE
  5
2CB
330
2C6
100
AcDbEntity
  8
E-UTIL-EQPM
100
AcDbLine
 10
4.5
 20
-12.0
 30
0.0
 11
4.5
 21
2.0
 31
0.0
  0
LINE
  5
2CC
330
2C6
100
AcDbEntity
  8
E-UTIL-EQPM
100
AcDbLine
 10
10.5
 20
-12.0
 30
0.0
 11
10.5
 21
2.0
 31
0.0
  0
ARC
  5
2CD
330
2C6
100
AcDbEntity
  8
E-UTIL-EQPM
100
AcDbCircle
 10
7.5
 20
2.0
 30
0.0
 40
3.0
100
AcDbArc
 50
0.0
 51
180.0
  0
ARC
  5
2CE
330
2C6
100
AcDbEntity
  8
E-UTIL-EQPM
100
AcDbCircle
 10
7.5
 20
-12.0
 30
0.0
 40
3.0
100
AcDbArc
 50
180.0
 51
360.0
  0
ATTDEF
  5
2CF
330
2C6
100
AcDbEntity
  8
E-ANNO-TAGS
100
AcDbText
 10
0.0
 20
8.0
 30
0.0
 40
3.5
  1

  7
PVSLD_STD
100
AcDbAttributeDefinition
  3
Identificador
  2
TAG
 70
0
 71
1
 72
0
  0
ATTDEF
  5
2D0
330
2C6
100
AcDbEntity
  8
E-ANNO-TAGS
100
AcDbText
 10
0.0
 20
-19.0
 30
0.0
 40
2.5
  1
Sensor de corriente
  7
PVSLD_STD
100
AcDbAttributeDefinition
  3
Descripción
  2
DESC
 70
0
 71
1
 72
0
  0
ATTDEF
  5
2D1
330
2C6
100
AcDbEntity
  8
E-ANNO-TAGS
100
AcDbText
 10
0.0
 20
0.0
 30
0.0
 40
2.5
  1

  7
PVSLD_STD
100
AcDbAttributeDefinition
  3
Identificador en el modelo
  2
COMP_ID
 70
1
 71
1
 72
0
  0
ATTDEF
  5
2D2
330
2C6
100
AcDbEntity
  8
E-ANNO-TAGS
100
AcDbText
 10
0.0
 20
0.0
 30
0.0
 40
2.5
  1
-
  7
PVSLD_STD
100
AcDbAttributeDefinition
  3
Referencia IEC 60617
  2
IEC_REF
 70
1
 71
1
 72
0
  0
ATTDEF
  5
2D3
330
2C6
100
AcDbEntity
  8
E-ANNO-TAGS
100
AcDbText
 10
0.0
 20
0.0
 30
0.0
 40
2.5
  1
NMX-J-136-ANCE-2019 4.2.124 (forma distinta)
  7
PVSLD_STD
100
AcDbAttributeDefinition
  3
Referencia NMX-J-136-ANCE
  2
NMX_REF
 70
1
 71
1
 72
0
  0
ATTDEF
  5
2D4
330
2C6
100
AcDbEntity
  8
E-ANNO-TAGS
100
AcDbText
 10
0.0
 20
0.0
 30
0.0
 40
2.5
  1
CFE G0100-04 Apéndice C
  7
PVSLD_STD
100
AcDbAttributeDefinition
  3
Norma de origen del símbolo
  2
SOURCE_STANDARD
 70
1
 71
1
 72
0
  0
ATTDEF
  5
2D5
330
2C6
100
AcDbEntity
  8
E-ANNO-TAGS
100
AcDbText
 10
0.0
 20
-23.0
 30
0.0
 40
2.5
  1

  7
PVSLD_STD
100
AcDbAttributeDefinition
  3
Relación de transformación
  2
SPEC
 70
0
 71
1
 72
0
  0
ATTDEF
  5
2D6
330
2C6
100
AcDbEntity
  8
E-ANNO-TAGS
100
AcDbText
 10
0.0
 20
0.0
 30
0.0
 40
2.5
  1

  7
PVSLD_STD
100
AcDbAttributeDefinition
  3
Relación (A/A)
  2
RATIO
 70
1
 71
1
 72
0
  0
ATTDEF
  5
2D7
330
2C6
100
AcDbEntity
  8
E-ANNO-TAGS
100
AcDbText
 10
0.0
 20
0.0
 30
0.0
 40
2.5
  1

  7
PVSLD_STD
100
AcDbAttributeDefinition
  3
Carga (VA)
  2
BURDEN_VA
 70
1
 71
1
 72
0
  0
ATTDEF
  5
2D8
330
2C6
100
AcDbEntity
  8
E-ANNO-TAGS
100
AcDbText
 10
0.0
 20
0.0
 30
0.0
 40
2.5
  1

  7
PVSLD_STD
100
AcDbAttributeDefinition
  3
Clase
  2
CLASS
 70
1
 71
1
 72
0
  0
ENDBLK
  5
2C8
330
2C6
100
AcDbEntity
  8
0
100
AcDbBlockEnd
  0
BLOCK
  5
2DA
330
2D9
100
AcDbEntity
  8
0
100
AcDbBlockBegin
  2
PVSLD_MONITOR
 70
2
 10
0.0
 20
0.0
 30
0.0
  3
PVSLD_MONITOR
  1

  0
LWPOLYLINE
  5
2DC
330
2D9
100
AcDbEntity
  8
E-COMM-COND
100
AcDbPolyline
 90
4
 70
1
 10
0.0
 20
-7.5
 10
60.0
 20
-7.5
 10
60.0
 20
7.5
 10
0.0
 20
7.5
  0
TEXT
  5
2DD
330
2D9
100
AcDbEntity
  8
E-ANNO-TAGS
100
AcDbText
 10
4.0
 20
-1.2
 30
0.0
 40
2.5
  1
Subsistema de control y monitoreo
  7
PVSLD_STD
 11
4.0
 21
-1.2
 31
0.0
100
AcDbText
  0
ATTDEF
  5
2DE
330
2D9
100
AcDbEntity
  8
E-ANNO-TAGS
100
AcDbText
 10
0.0
 20
10.0
 30
0.0
 40
3.5
  1

  7
PVSLD_STD
100
AcDbAttributeDefinition
  3
Identificador
  2
TAG
 70
0
 71
1
 72
0
  0
ATTDEF
  5
2DF
330
2D9
100
AcDbEntity
  8
E-ANNO-TAGS
100
AcDbText
 10
0.0
 20
-12.0
 30
0.0
 40
2.5
  1
Subsistema de control y monitoreo
  7
PVSLD_STD
100
AcDbAttributeDefinition
  3
Descripción
  2
DESC
 70
0
 71
1
 72
0
  0
ATTDEF
  5
2E0
330
2D9
100
AcDbEntity
  8
E-ANNO-TAGS
100
AcDbText
 10
0.0
 20
0.0
 30
0.0
 40
2.5
  1

  7
PVSLD_STD
100
AcDbAttributeDefinition
  3
Identificador en el modelo
  2
COMP_ID
 70
1
 71
1
 72
0
  0
ATTDEF
  5
2E1
330
2D9
100
AcDbEntity
  8
E-ANNO-TAGS
100
AcDbText
 10
0.0
 20
0.0
 30
0.0
 40
2.5
  1
-
  7
PVSLD_STD
100
AcDbAttributeDefinition
  3
Referencia IEC 60617
  2
IEC_REF
 70
1
 71
1
 72
0
  0
ATTDEF
  5
2E2
330
2D9
100
AcDbEntity
  8
E-ANNO-TAGS
100
AcDbText
 10
0.0
 20
0.0
 30
0.0
 40
2.5
  1
NMX-J-136-ANCE (pendiente)
  7
PVSLD_STD
100
AcDbAttributeDefinition
  3
Referencia NMX-J-136-ANCE
  2
NMX_REF
 70
1
 71
1
 72
0
  0
ATTDEF
  5
2E3
330
2D9
100
AcDbEntity
  8
E-ANNO-TAGS
100
AcDbText
 10
0.0
 20
0.0
 30
0.0
 40
2.5
  1
CFE G0100-04 Apéndice D, figs. D1 y D2 (subsistema de control y monitoreo)
  7
PVSLD_STD
100
AcDbAttributeDefinition
  3
Norma de origen del símbolo
  2
SOURCE_STANDARD
 70
1
 71
1
 72
0
  0
ATTDEF
  5
2E4
330
2D9
100
AcDbEntity
  8
E-ANNO-TAGS
100
AcDbText
 10
0.0
 20
0.0
 30
0.0
 40
2.5
  1

  7
PVSLD_STD
100
AcDbAttributeDefinition
  3
Protocolo
  2
PROTOCOL
 70
1
 71
1
 72
0
  0
ATTDEF
  5
2E5
330
2D9
100
AcDbEntity
  8
E-ANNO-TAGS
100
AcDbText
 10
0.0
 20
0.0
 30
0.0
 40
2.5
  1

  7
PVSLD_STD
100
AcDbAttributeDefinition
  3
Modelo
  2
MODEL
 70
1
 71
1
 72
0
  0
ENDBLK
  5
2DB
330
2D9
100
AcDbEntity
  8
0
100
AcDbBlockEnd
  0
BLOCK
  5
2E7
330
2E6
100
AcDbEntity
  8
0
100
AcDbBlockBegin
  2
PVSLD_GRID
 70
2
 10
0.0
 20
0.0
 30
0.0
  3
PVSLD_GRID
  1

  0
CIRCLE
  5
2E9
330
2E6
100
AcDbEntity
  8
E-UTIL-EQPM
100
AcDbCircle
 10
10.0
 20
0.0
 30
0.0
 40
10.0
  0
LWPOLYLINE
  5
2EA
330
2E6
100
AcDbEntity
  8
E-UTIL-EQPM
100
AcDbPolyline
 90
25
 70
0
 10
5.5
 20
0.0
 10
5.875
 20
1.0858
 10
6.25
 20
2.09
 10
6.625
 20
2.9373
 10
7.0
 20
3.564
 10
7.375
 20
3.9231
 10
7.75
 20
3.9877
 10
8.125
 20
3.7528
 10
8.5
 20
3.2361
 10
8.875
 20
2.4764
 10
9.25
 20
1.5307
 10
9.625
 20
0.4701
 10
10.0
 20
-0.6257
 10
10.375
 20
-1.6746
 10
10.75
 20
-2.5978
 10
11.125
 20
-3.3259
 10
11.5
 20
-3.8042
 10
11.875
 20
-3.9969
 10
12.25
 20
-3.8895
 10
12.625
 20
-3.49
 10
13.0
 20
-2.8284
 10
13.375
 20
-1.9545
 10
13.75
 20
-0.9338
 10
14.125
 20
0.157
 10
14.5
 20
1.2361
  0
ATTDEF
  5
2EB
330
2E6
100
AcDbEntity
  8
E-ANNO-TAGS
100
AcDbText
 10
0.0
 20
12.5
 30
0.0
 40
3.5
  1

  7
PVSLD_STD
100
AcDbAttributeDefinition
  3
Identificador
  2
TAG
 70
0
 71
1
 72
0
  0
ATTDEF
  5
2EC
330
2E6
100
AcDbEntity
  8
E-ANNO-TAGS
100
AcDbText
 10
0.0
 20
-15.0
 30
0.0
 40
2.5
  1
Red eléctrica de distribución
  7
PVSLD_STD
100
AcDbAttributeDefinition
  3
Descripción
  2
DESC
 70
0
 71
1
 72
0
  0
ATTDEF
  5
2ED
330
2E6
100
AcDbEntity
  8
E-ANNO-TAGS
100
AcDbText
 10
0.0
 20
0.0
 30
0.0
 40
2.5
  1

  7
PVSLD_STD
100
AcDbAttributeDefinition
  3
Identificador en el modelo
  2
COMP_ID
 70
1
 71
1
 72
0
  0
ATTDEF
  5
2EE
330
2E6
100
AcDbEntity
  8
E-ANNO-TAGS
100
AcDbText
 10
0.0
 20
0.0
 30
0.0
 40
2.5
  1
-
  7
PVSLD_STD
100
AcDbAttributeDefinition
  3
Referencia IEC 60617
  2
IEC_REF
 70
1
 71
1
 72
0
  0
ATTDEF
  5
2EF
330
2E6
100
AcDbEntity
  8
E-ANNO-TAGS
100
AcDbText
 10
0.0
 20
0.0
 30
0.0
 40
2.5
  1
NMX-J-136-ANCE-2019 4.2.314
  7
PVSLD_STD
100
AcDbAttributeDefinition
  3
Referencia NMX-J-136-ANCE
  2
NMX_REF
 70
1
 71
1
 72
0
  0
ATTDEF
  5
2F0
330
2E6
100
AcDbEntity
  8
E-ANNO-TAGS
100
AcDbText
 10
0.0
 20
0.0
 30
0.0
 40
2.5
  1
CFE G0100-04 Apéndice C
  7
PVSLD_STD
100
AcDbAttributeDefinition
  3
Norma de origen del símbolo
  2
SOURCE_STANDARD
 70
1
 71
1
 72
0
  0
ATTDEF
  5
2F1
330
2E6
100
AcDbEntity
  8
E-ANNO-TAGS
100
AcDbText
 10
0.0
 20
-19.0
 30
0.0
 40
2.5
  1

  7
PVSLD_STD
100
AcDbAttributeDefinition
  3
Tensión y sistema
  2
SPEC
 70
0
 71
1
 72
0
  0
ATTDEF
  5
2F2
330
2E6
100
AcDbEntity
  8
E-ANNO-TAGS
100
AcDbText
 10
0.0
 20
0.0
 30
0.0
 40
2.5
  1

  7
PVSLD_STD
100
AcDbAttributeDefinition
  3
Tensión nominal (V)
  2
VOLT_V
 70
1
 71
1
 72
0
  0
ATTDEF
  5
2F3
330
2E6
100
AcDbEntity
  8
E-ANNO-TAGS
100
AcDbText
 10
0.0
 20
0.0
 30
0.0
 40
2.5
  1

  7
PVSLD_STD
100
AcDbAttributeDefinition
  3
Sistema
  2
SYSTEM
 70
1
 71
1
 72
0
  0
ATTDEF
  5
2F4
330
2E6
100
AcDbEntity
  8
E-ANNO-TAGS
100
AcDbText
 10
0.0
 20
0.0
 30
0.0
 40
2.5
  1

  7
PVSLD_STD
100
AcDbAttributeDefinition
  3
Frecuencia (Hz)
  2
FREQ_HZ
 70
1
 71
1
 72
0
  0
ATTDEF
  5
2F5
330
2E6
100
AcDbEntity
  8
E-ANNO-TAGS
100
AcDbText
 10
0.0
 20
0.0
 30
0.0
 40
2.5
  1

  7
PVSLD_STD
100
AcDbAttributeDefinition
  3
Suministrador
  2
OWNER
 70
1
 71
1
 72
0
  0
ATTDEF
  5
2F6
330
2E6
100
AcDbEntity
  8
E-ANNO-TAGS
100
AcDbText
 10
0.0
 20
0.0
 30
0.0
 40
2.5
  1

  7
PVSLD_STD
100
AcDbAttributeDefinition
  3
Corriente de falla disponible (kA)
  2
ISC_KA
 70
1
 71
1
 72
0
  0
ENDBLK
  5
2E8
330
2E6
100
AcDbEntity
  8
0
100
AcDbBlockEnd
  0
BLOCK
  5
2F8
330
2F7
100
AcDbEntity
  8
0
100
AcDbBlockBegin
  2
PVSLD_PI
 70
2
 10
0.0
 20
0.0
 30
0.0
  3
PVSLD_PI
  1

  0
CIRCLE
  5
2FA
330
2F7
100
AcDbEntity
  8
E-UTIL-EQPM
100
AcDbCircle
 10
5.0
 20
0.0
 30
0.0
 40
5.0
  0
CIRCLE
  5
2FB
330
2F7
100
AcDbEntity
  8
E-UTIL-EQPM
100
AcDbCircle
 10
5.0
 20
0.0
 30
0.0
 40
1.5
  0
ATTDEF
  5
2FC
330
2F7
100
AcDbEntity
  8
E-ANNO-TAGS
100
AcDbText
 10
0.0
 20
7.5
 30
0.0
 40
3.5
  1

  7
PVSLD_STD
100
AcDbAttributeDefinition
  3
Identificador
  2
TAG
 70
0
 71
1
 72
0
  0
ATTDEF
  5
2FD
330
2F7
100
AcDbEntity
  8
E-ANNO-TAGS
100
AcDbText
 10
-20.0
 20
-10.5
 30
0.0
 40
2.5
  1
Punto de interconexión (PI) con la red de distribución
  7
PVSLD_STD
100
AcDbAttributeDefinition
  3
Descripción
  2
DESC
 70
0
 71
1
 72
0
  0
ATTDEF
  5
2FE
330
2F7
100
AcDbEntity
  8
E-ANNO-TAGS
100
AcDbText
 10
0.0
 20
0.0
 30
0.0
 40
2.5
  1

  7
PVSLD_STD
100
AcDbAttributeDefinition
  3
Identificador en el modelo
  2
COMP_ID
 70
1
 71
1
 72
0
  0
ATTDEF
  5
2FF
330
2F7
100
AcDbEntity
  8
E-ANNO-TAGS
100
AcDbText
 10
0.0
 20
0.0
 30
0.0
 40
2.5
  1
-
  7
PVSLD_STD
100
AcDbAttributeDefinition
  3
Referencia IEC 60617
  2
IEC_REF
 70
1
 71
1
 72
0
  0
ATTDEF
  5
300
330
2F7
100
AcDbEntity
  8
E-ANNO-TAGS
100
AcDbText
 10
0.0
 20
0.0
 30
0.0
 40
2.5
  1
NMX-J-136-ANCE (pendiente)
  7
PVSLD_STD
100
AcDbAttributeDefinition
  3
Referencia NMX-J-136-ANCE
  2
NMX_REF
 70
1
 71
1
 72
0
  0
ATTDEF
  5
301
330
2F7
100
AcDbEntity
  8
E-ANNO-TAGS
100
AcDbText
 10
0.0
 20
0.0
 30
0.0
 40
2.5
  1
pvsld (sin símbolo en CFE G0100-04 ni IEC 60617)
  7
PVSLD_STD
100
AcDbAttributeDefinition
  3
Norma de origen del símbolo
  2
SOURCE_STANDARD
 70
1
 71
1
 72
0
  0
ATTDEF
  5
302
330
2F7
100
AcDbEntity
  8
E-ANNO-TAGS
100
AcDbText
 10
0.0
 20
0.0
 30
0.0
 40
2.5
  1

  7
PVSLD_STD
100
AcDbAttributeDefinition
  3
Tipo de conexión
  2
PI_TYPE
 70
1
 71
1
 72
0
  0
ATTDEF
  5
303
330
2F7
100
AcDbEntity
  8
E-ANNO-TAGS
100
AcDbText
 10
0.0
 20
0.0
 30
0.0
 40
2.5
  1

  7
PVSLD_STD
100
AcDbAttributeDefinition
  3
Tablero de conexión
  2
PANEL
 70
1
 71
1
 72
0
  0
ATTDEF
  5
304
330
2F7
100
AcDbEntity
  8
E-ANNO-TAGS
100
AcDbText
 10
0.0
 20
0.0
 30
0.0
 40
2.5
  1

  7
PVSLD_STD
100
AcDbAttributeDefinition
  3
Interruptor de conexión
  2
BREAKER
 70
1
 71
1
 72
0
  0
ENDBLK
  5
2F9
330
2F7
100
AcDbEntity
  8
0
100
AcDbBlockEnd
  0
BLOCK
  5
306
330
305
100
AcDbEntity
  8
0
100
AcDbBlockBegin
  2
PVSLD_PANEL
 70
2
 10
0.0
 20
0.0
 30
0.0
  3
PVSLD_PANEL
  1

  0
LWPOLYLINE
  5
308
330
305
100
AcDbEntity
  8
E-ANNO-ENCL
100
AcDbPolyline
 90
4
 70
1
 10
0.0
 20
-27.5
 10
45.0
 20
-27.5
 10
45.0
 20
27.5
 10
0.0
 20
27.5
  0
LINE
  5
309
330
305
100
AcDbEntity
  8
E-PVAC-EQPM
100
AcDbLine
 10
0.0
 20
0.0
 30
0.0
 11
45.0
 21
0.0
 31
0.0
  0
LINE
  5
30A
330
305
100
AcDbEntity
  8
E-PVAC-COND
370
70
100
AcDbLine
 10
22.5
 20
-15.0
 30
0.0
 11
22.5
 21
22.5
 31
0.0
  0
LINE
  5
30B
330
305
100
AcDbEntity
  8
E-GRND-COND
  6
CONTINUOUS
100
AcDbLine
 10
12.5
 20
-22.5
 30
0.0
 11
32.5
 21
-22.5
 31
0.0
  0
LINE
  5
30C
330
305
100
AcDbEntity
  8
E-GRND-COND
  6
CONTINUOUS
100
AcDbLine
 10
22.5
 20
-27.5
 30
0.0
 11
22.5
 21
-22.5
 31
0.0
  0
ATTDEF
  5
30D
330
305
100
AcDbEntity
  8
E-ANNO-TAGS
100
AcDbText
 10
0.0
 20
40.0
 30
0.0
 40
3.5
  1

  7
PVSLD_STD
100
AcDbAttributeDefinition
  3
Identificador
  2
TAG
 70
0
 71
1
 72
0
  0
ATTDEF
  5
30E
330
305
100
AcDbEntity
  8
E-ANNO-TAGS
100
AcDbText
 10
0.0
 20
35.5
 30
0.0
 40
2.5
  1
Centro de carga o tablero con barra
  7
PVSLD_STD
100
AcDbAttributeDefinition
  3
Descripción
  2
DESC
 70
0
 71
1
 72
0
  0
ATTDEF
  5
30F
330
305
100
AcDbEntity
  8
E-ANNO-TAGS
100
AcDbText
 10
0.0
 20
0.0
 30
0.0
 40
2.5
  1

  7
PVSLD_STD
100
AcDbAttributeDefinition
  3
Identificador en el modelo
  2
COMP_ID
 70
1
 71
1
 72
0
  0
ATTDEF
  5
310
330
305
100
AcDbEntity
  8
E-ANNO-TAGS
100
AcDbText
 10
0.0
 20
0.0
 30
0.0
 40
2.5
  1
IEC 60617 S00062
  7
PVSLD_STD
100
AcDbAttributeDefinition
  3
Referencia IEC 60617
  2
IEC_REF
 70
1
 71
1
 72
0
  0
ATTDEF
  5
311
330
305
100
AcDbEntity
  8
E-ANNO-TAGS
100
AcDbText
 10
0.0
 20
0.0
 30
0.0
 40
2.5
  1
NMX-J-136-ANCE-2019 4.2.90 (plano)
  7
PVSLD_STD
100
AcDbAttributeDefinition
  3
Referencia NMX-J-136-ANCE
  2
NMX_REF
 70
1
 71
1
 72
0
  0
ATTDEF
  5
312
330
305
100
AcDbEntity
  8
E-ANNO-TAGS
100
AcDbText
 10
0.0
 20
0.0
 30
0.0
 40
2.5
  1
CFE G0100-04 Apéndice D
  7
PVSLD_STD
100
AcDbAttributeDefinition
  3
Norma de origen del símbolo
  2
SOURCE_STANDARD
 70
1
 71
1
 72
0
  0
ATTDEF
  5
313
330
305
100
AcDbEntity
  8
E-ANNO-TAGS
100
AcDbText
 10
0.0
 20
31.0
 30
0.0
 40
2.5
  1

  7
PVSLD_STD
100
AcDbAttributeDefinition
  3
Datos de la barra
  2
SPEC
 70
0
 71
1
 72
0
  0
ATTDEF
  5
314
330
305
100
AcDbEntity
  8
E-ANNO-TAGS
100
AcDbText
 10
0.0
 20
0.0
 30
0.0
 40
2.5
  1

  7
PVSLD_STD
100
AcDbAttributeDefinition
  3
Nombre del tablero
  2
NAME
 70
1
 71
1
 72
0
  0
ATTDEF
  5
315
330
305
100
AcDbEntity
  8
E-ANNO-TAGS
100
AcDbText
 10
0.0
 20
0.0
 30
0.0
 40
2.5
  1

  7
PVSLD_STD
100
AcDbAttributeDefinition
  3
Barra (A)
  2
BUS_A
 70
1
 71
1
 72
0
  0
ATTDEF
  5
316
330
305
100
AcDbEntity
  8
E-ANNO-TAGS
100
AcDbText
 10
0.0
 20
0.0
 30
0.0
 40
2.5
  1

  7
PVSLD_STD
100
AcDbAttributeDefinition
  3
Interruptor principal
  2
MAIN_ID
 70
1
 71
1
 72
0
  0
ATTDEF
  5
317
330
305
100
AcDbEntity
  8
E-ANNO-TAGS
100
AcDbText
 10
0.0
 20
0.0
 30
0.0
 40
2.5
  1

  7
PVSLD_STD
100
AcDbAttributeDefinition
  3
Principal (A)
  2
MAIN_A
 70
1
 71
1
 72
0
  0
ATTDEF
  5
318
330
305
100
AcDbEntity
  8
E-ANNO-TAGS
100
AcDbText
 10
0.0
 20
0.0
 30
0.0
 40
2.5
  1

  7
PVSLD_STD
100
AcDbAttributeDefinition
  3
Sistema
  2
SYSTEM
 70
1
 71
1
 72
0
  0
ATTDEF
  5
319
330
305
100
AcDbEntity
  8
E-ANNO-TAGS
100
AcDbText
 10
0.0
 20
0.0
 30
0.0
 40
2.5
  1

  7
PVSLD_STD
100
AcDbAttributeDefinition
  3
Capacidad interruptiva (kA)
  2
KAIC_KA
 70
1
 71
1
 72
0
  0
ENDBLK
  5
307
330
305
100
AcDbEntity
  8
0
100
AcDbBlockEnd
  0
BLOCK
  5
31B
330
31A
100
AcDbEntity
  8
0
100
AcDbBlockBegin
  2
PVSLD_LOAD_LIGHT
 70
2
 10
0.0
 20
0.0
 30
0.0
  3
PVSLD_LOAD_LIGHT
  1

  0
CIRCLE
  5
31D
330
31A
100
AcDbEntity
  8
E-PVAC-EQPM
100
AcDbCircle
 10
5.0
 20
0.0
 30
0.0
 40
5.0
  0
LINE
  5
31E
330
31A
100
AcDbEntity
  8
E-PVAC-EQPM
100
AcDbLine
 10
1.4645
 20
-3.5355
 30
0.0
 11
-0.3033
 21
-5.3033
 31
0.0
  0
LINE
  5
31F
330
31A
100
AcDbEntity
  8
E-PVAC-EQPM
100
AcDbLine
 10
1.4645
 20
3.5355
 30
0.0
 11
-0.3033
 21
5.3033
 31
0.0
  0
LINE
  5
320
330
31A
100
AcDbEntity
  8
E-PVAC-EQPM
100
AcDbLine
 10
8.5355
 20
-3.5355
 30
0.0
 11
10.3033
 21
-5.3033
 31
0.0
  0
LINE
  5
321
330
31A
100
AcDbEntity
  8
E-PVAC-EQPM
100
AcDbLine
 10
8.5355
 20
3.5355
 30
0.0
 11
10.3033
 21
5.3033
 31
0.0
  0
ATTDEF
  5
322
330
31A
100
AcDbEntity
  8
E-ANNO-TAGS
100
AcDbText
 10
0.0
 20
10.0
 30
0.0
 40
3.5
  1

  7
PVSLD_STD
100
AcDbAttributeDefinition
  3
Identificador
  2
TAG
 70
0
 71
1
 72
0
  0
ATTDEF
  5
323
330
31A
100
AcDbEntity
  8
E-ANNO-TAGS
100
AcDbText
 10
0.0
 20
-11.0
 30
0.0
 40
2.5
  1
Cargas de iluminación
  7
PVSLD_STD
100
AcDbAttributeDefinition
  3
Descripción
  2
DESC
 70
0
 71
1
 72
0
  0
ATTDEF
  5
324
330
31A
100
AcDbEntity
  8
E-ANNO-TAGS
100
AcDbText
 10
0.0
 20
0.0
 30
0.0
 40
2.5
  1

  7
PVSLD_STD
100
AcDbAttributeDefinition
  3
Identificador en el modelo
  2
COMP_ID
 70
1
 71
1
 72
0
  0
ATTDEF
  5
325
330
31A
100
AcDbEntity
  8
E-ANNO-TAGS
100
AcDbText
 10
0.0
 20
0.0
 30
0.0
 40
2.5
  1
-
  7
PVSLD_STD
100
AcDbAttributeDefinition
  3
Referencia IEC 60617
  2
IEC_REF
 70
1
 71
1
 72
0
  0
ATTDEF
  5
326
330
31A
100
AcDbEntity
  8
E-ANNO-TAGS
100
AcDbText
 10
0.0
 20
0.0
 30
0.0
 40
2.5
  1
NMX-J-136-ANCE-2019 4.2.53
  7
PVSLD_STD
100
AcDbAttributeDefinition
  3
Referencia NMX-J-136-ANCE
  2
NMX_REF
 70
1
 71
1
 72
0
  0
ATTDEF
  5
327
330
31A
100
AcDbEntity
  8
E-ANNO-TAGS
100
AcDbText
 10
0.0
 20
0.0
 30
0.0
 40
2.5
  1
CFE G0100-04 Apéndice C
  7
PVSLD_STD
100
AcDbAttributeDefinition
  3
Norma de origen del símbolo
  2
SOURCE_STANDARD
 70
1
 71
1
 72
0
  0
ATTDEF
  5
328
330
31A
100
AcDbEntity
  8
E-ANNO-TAGS
100
AcDbText
 10
0.0
 20
0.0
 30
0.0
 40
2.5
  1

  7
PVSLD_STD
100
AcDbAttributeDefinition
  3
Carga (W)
  2
LOAD_W
 70
1
 71
1
 72
0
  0
ATTDEF
  5
329
330
31A
100
AcDbEntity
  8
E-ANNO-TAGS
100
AcDbText
 10
0.0
 20
0.0
 30
0.0
 40
2.5
  1

  7
PVSLD_STD
100
AcDbAttributeDefinition
  3
Tensión (V)
  2
VOLT_V
 70
1
 71
1
 72
0
  0
ATTDEF
  5
32A
330
31A
100
AcDbEntity
  8
E-ANNO-TAGS
100
AcDbText
 10
0.0
 20
0.0
 30
0.0
 40
2.5
  1

  7
PVSLD_STD
100
AcDbAttributeDefinition
  3
Circuito
  2
CIRCUIT
 70
1
 71
1
 72
0
  0
ENDBLK
  5
31C
330
31A
100
AcDbEntity
  8
0
100
AcDbBlockEnd
  0
BLOCK
  5
32C
330
32B
100
AcDbEntity
  8
0
100
AcDbBlockBegin
  2
PVSLD_LOAD_RECEPT
 70
2
 10
0.0
 20
0.0
 30
0.0
  3
PVSLD_LOAD_RECEPT
  1

  0
CIRCLE
  5
32E
330
32B
100
AcDbEntity
  8
E-PVAC-EQPM
100
AcDbCircle
 10
5.0
 20
0.0
 30
0.0
 40
5.0
  0
LINE
  5
32F
330
32B
100
AcDbEntity
  8
E-PVAC-EQPM
100
AcDbLine
 10
2.3289
 20
-4.2267
 30
0.0
 11
9.2267
 21
2.6711
 31
0.0
  0
LINE
  5
330
330
32B
100
AcDbEntity
  8
E-PVAC-EQPM
100
AcDbLine
 10
0.7733
 20
-2.6711
 30
0.0
 11
7.6711
 21
4.2267
 31
0.0
  0
ATTDEF
  5
331
330
32B
100
AcDbEntity
  8
E-ANNO-TAGS
100
AcDbText
 10
0.0
 20
8.0
 30
0.0
 40
3.5
  1

  7
PVSLD_STD
100
AcDbAttributeDefinition
  3
Identificador
  2
TAG
 70
0
 71
1
 72
0
  0
ATTDEF
  5
332
330
32B
100
AcDbEntity
  8
E-ANNO-TAGS
100
AcDbText
 10
0.0
 20
-9.0
 30
0.0
 40
2.5
  1
Carga de contactos
  7
PVSLD_STD
100
AcDbAttributeDefinition
  3
Descripción
  2
DESC
 70
0
 71
1
 72
0
  0
ATTDEF
  5
333
330
32B
100
AcDbEntity
  8
E-ANNO-TAGS
100
AcDbText
 10
0.0
 20
0.0
 30
0.0
 40
2.5
  1

  7
PVSLD_STD
100
AcDbAttributeDefinition
  3
Identificador en el modelo
  2
COMP_ID
 70
1
 71
1
 72
0
  0
ATTDEF
  5
334
330
32B
100
AcDbEntity
  8
E-ANNO-TAGS
100
AcDbText
 10
0.0
 20
0.0
 30
0.0
 40
2.5
  1
-
  7
PVSLD_STD
100
AcDbAttributeDefinition
  3
Referencia IEC 60617
  2
IEC_REF
 70
1
 71
1
 72
0
  0
ATTDEF
  5
335
330
32B
100
AcDbEntity
  8
E-ANNO-TAGS
100
AcDbText
 10
0.0
 20
0.0
 30
0.0
 40
2.5
  1
NMX-J-136-ANCE-2019 4.2.28 (dos trazos)
  7
PVSLD_STD
100
AcDbAttributeDefinition
  3
Referencia NMX-J-136-ANCE
  2
NMX_REF
 70
1
 71
1
 72
0
  0
ATTDEF
  5
336
330
32B
100
AcDbEntity
  8
E-ANNO-TAGS
100
AcDbText
 10
0.0
 20
0.0
 30
0.0
 40
2.5
  1
CFE G0100-04 Apéndice C
  7
PVSLD_STD
100
AcDbAttributeDefinition
  3
Norma de origen del símbolo
  2
SOURCE_STANDARD
 70
1
 71
1
 72
0
  0
ATTDEF
  5
337
330
32B
100
AcDbEntity
  8
E-ANNO-TAGS
100
AcDbText
 10
0.0
 20
0.0
 30
0.0
 40
2.5
  1

  7
PVSLD_STD
100
AcDbAttributeDefinition
  3
Carga (W)
  2
LOAD_W
 70
1
 71
1
 72
0
  0
ATTDEF
  5
338
330
32B
100
AcDbEntity
  8
E-ANNO-TAGS
100
AcDbText
 10
0.0
 20
0.0
 30
0.0
 40
2.5
  1

  7
PVSLD_STD
100
AcDbAttributeDefinition
  3
Tensión (V)
  2
VOLT_V
 70
1
 71
1
 72
0
  0
ATTDEF
  5
339
330
32B
100
AcDbEntity
  8
E-ANNO-TAGS
100
AcDbText
 10
0.0
 20
0.0
 30
0.0
 40
2.5
  1

  7
PVSLD_STD
100
AcDbAttributeDefinition
  3
Circuito
  2
CIRCUIT
 70
1
 71
1
 72
0
  0
ENDBLK
  5
32D
330
32B
100
AcDbEntity
  8
0
100
AcDbBlockEnd
  0
BLOCK
  5
33B
330
33A
100
AcDbEntity
  8
0
100
AcDbBlockBegin
  2
PVSLD_GND
 70
2
 10
0.0
 20
0.0
 30
0.0
  3
PVSLD_GND
  1

  0
LINE
  5
33D
330
33A
100
AcDbEntity
  8
E-GRND-COND
  6
CONTINUOUS
100
AcDbLine
 10
0.0
 20
0.0
 30
0.0
 11
0.0
 21
-5.0
 31
0.0
  0
LINE
  5
33E
330
33A
100
AcDbEntity
  8
E-GRND-COND
  6
CONTINUOUS
100
AcDbLine
 10
-6.0
 20
-5.0
 30
0.0
 11
6.0
 21
-5.0
 31
0.0
  0
LINE
  5
33F
330
33A
100
AcDbEntity
  8
E-GRND-COND
  6
CONTINUOUS
100
AcDbLine
 10
-4.0
 20
-7.5
 30
0.0
 11
4.0
 21
-7.5
 31
0.0
  0
LINE
  5
340
330
33A
100
AcDbEntity
  8
E-GRND-COND
  6
CONTINUOUS
100
AcDbLine
 10
-2.0
 20
-10.0
 30
0.0
 11
2.0
 21
-10.0
 31
0.0
  0
ATTDEF
  5
341
330
33A
100
AcDbEntity
  8
E-ANNO-TAGS
100
AcDbText
 10
9.0
 20
-6.0
 30
0.0
 40
3.5
  1

  7
PVSLD_STD
100
AcDbAttributeDefinition
  3
Identificador
  2
TAG
 70
0
 71
1
 72
0
  0
ATTDEF
  5
342
330
33A
100
AcDbEntity
  8
E-ANNO-TAGS
100
AcDbText
 10
9.0
 20
-10.5
 30
0.0
 40
2.5
  1
Electrodo de puesta a tierra
  7
PVSLD_STD
100
AcDbAttributeDefinition
  3
Descripción
  2
DESC
 70
0
 71
1
 72
0
  0
ATTDEF
  5
343
330
33A
100
AcDbEntity
  8
E-ANNO-TAGS
100
AcDbText
 10
0.0
 20
0.0
 30
0.0
 40
2.5
  1

  7
PVSLD_STD
100
AcDbAttributeDefinition
  3
Identificador en el modelo
  2
COMP_ID
 70
1
 71
1
 72
0
  0
ATTDEF
  5
344
330
33A
100
AcDbEntity
  8
E-ANNO-TAGS
100
AcDbText
 10
0.0
 20
0.0
 30
0.0
 40
2.5
  1
IEC 60617 S00200
  7
PVSLD_STD
100
AcDbAttributeDefinition
  3
Referencia IEC 60617
  2
IEC_REF
 70
1
 71
1
 72
0
  0
ATTDEF
  5
345
330
33A
100
AcDbEntity
  8
E-ANNO-TAGS
100
AcDbText
 10
0.0
 20
0.0
 30
0.0
 40
2.5
  1
NMX-J-136-ANCE-2019 4.2.13 (IEC S00200)
  7
PVSLD_STD
100
AcDbAttributeDefinition
  3
Referencia NMX-J-136-ANCE
  2
NMX_REF
 70
1
 71
1
 72
0
  0
ATTDEF
  5
346
330
33A
100
AcDbEntity
  8
E-ANNO-TAGS
100
AcDbText
 10
0.0
 20
0.0
 30
0.0
 40
2.5
  1
CFE G0100-04 Apéndice D
  7
PVSLD_STD
100
AcDbAttributeDefinition
  3
Norma de origen del símbolo
  2
SOURCE_STANDARD
 70
1
 71
1
 72
0
  0
ATTDEF
  5
347
330
33A
100
AcDbEntity
  8
E-ANNO-TAGS
100
AcDbText
 10
9.0
 20
-14.5
 30
0.0
 40
2.5
  1

  7
PVSLD_STD
100
AcDbAttributeDefinition
  3
Electrodo y resistencia
  2
SPEC
 70
0
 71
1
 72
0
  0
ATTDEF
  5
348
330
33A
100
AcDbEntity
  8
E-ANNO-TAGS
100
AcDbText
 10
0.0
 20
0.0
 30
0.0
 40
2.5
  1

  7
PVSLD_STD
100
AcDbAttributeDefinition
  3
Tipo de electrodo
  2
ELECTRODE
 70
1
 71
1
 72
0
  0
ATTDEF
  5
349
330
33A
100
AcDbEntity
  8
E-ANNO-TAGS
100
AcDbText
 10
0.0
 20
0.0
 30
0.0
 40
2.5
  1

  7
PVSLD_STD
100
AcDbAttributeDefinition
  3
Resistencia de diseño (Ω)
  2
R_OHM
 70
1
 71
1
 72
0
  0
ATTDEF
  5
34A
330
33A
100
AcDbEntity
  8
E-ANNO-TAGS
100
AcDbText
 10
0.0
 20
0.0
 30
0.0
 40
2.5
  1

  7
PVSLD_STD
100
AcDbAttributeDefinition
  3
Calibre del conductor al electrodo
  2
GEC_SIZE
 70
1
 71
1
 72
0
  0
ENDBLK
  5
33C
330
33A
100
AcDbEntity
  8
0
100
AcDbBlockEnd
  0
BLOCK
  5
34C
330
34B
100
AcDbEntity
  8
0
100
AcDbBlockBegin
  2
PVSLD_PE
 70
2
 10
0.0
 20
0.0
 30
0.0
  3
PVSLD_PE
  1

  0
CIRCLE
  5
34E
330
34B
100
AcDbEntity
  8
E-GRND-COND
100
AcDbCircle
 10
0.0
 20
-5.0
 30
0.0
 40
5.0
  0
LINE
  5
34F
330
34B
100
AcDbEntity
  8
E-GRND-COND
  6
CONTINUOUS
100
AcDbLine
 10
0.0
 20
0.0
 30
0.0
 11
0.0
 21
-5.5
 31
0.0
  0
LINE
  5
350
330
34B
100
AcDbEntity
  8
E-GRND-COND
  6
CONTINUOUS
100
AcDbLine
 10
-3.7
 20
-5.5
 30
0.0
 11
3.7
 21
-5.5
 31
0.0
  0
LINE
  5
351
330
34B
100
AcDbEntity
  8
E-GRND-COND
  6
CONTINUOUS
100
AcDbLine
 10
-2.6
 20
-7.0
 30
0.0
 11
2.6
 21
-7.0
 31
0.0
  0
LINE
  5
352
330
34B
100
AcDbEntity
  8
E-GRND-COND
  6
CONTINUOUS
100
AcDbLine
 10
-1.3
 20
-8.5
 30
0.0
 11
1.3
 21
-8.5
 31
0.0
  0
ATTDEF
  5
353
330
34B
100
AcDbEntity
  8
E-ANNO-TAGS
100
AcDbText
 10
7.0
 20
-4.0
 30
0.0
 40
3.5
  1

  7
PVSLD_STD
100
AcDbAttributeDefinition
  3
Identificador
  2
TAG
 70
0
 71
1
 72
0
  0
ATTDEF
  5
354
330
34B
100
AcDbEntity
  8
E-ANNO-TAGS
100
AcDbText
 10
7.0
 20
-8.0
 30
0.0
 40
2.5
  1
Tierra de protección (conductor de puesta a tierra de equipos)
  7
PVSLD_STD
100
AcDbAttributeDefinition
  3
Descripción
  2
DESC
 70
0
 71
1
 72
0
  0
ATTDEF
  5
355
330
34B
100
AcDbEntity
  8
E-ANNO-TAGS
100
AcDbText
 10
0.0
 20
0.0
 30
0.0
 40
2.5
  1

  7
PVSLD_STD
100
AcDbAttributeDefinition
  3
Identificador en el modelo
  2
COMP_ID
 70
1
 71
1
 72
0
  0
ATTDEF
  5
356
330
34B
100
AcDbEntity
  8
E-ANNO-TAGS
100
AcDbText
 10
0.0
 20
0.0
 30
0.0
 40
2.5
  1
IEC 60617 S00202
  7
PVSLD_STD
100
AcDbAttributeDefinition
  3
Referencia IEC 60617
  2
IEC_REF
 70
1
 71
1
 72
0
  0
ATTDEF
  5
357
330
34B
100
AcDbEntity
  8
E-ANNO-TAGS
100
AcDbText
 10
0.0
 20
0.0
 30
0.0
 40
2.5
  1
NMX-J-136-ANCE-2019 4.2.117 (TPT, IEC S00202)
  7
PVSLD_STD
100
AcDbAttributeDefinition
  3
Referencia NMX-J-136-ANCE
  2
NMX_REF
 70
1
 71
1
 72
0
  0
ATTDEF
  5
358
330
34B
100
AcDbEntity
  8
E-ANNO-TAGS
100
AcDbText
 10
0.0
 20
0.0
 30
0.0
 40
2.5
  1
NMX-J-136-ANCE-2019 4.2.117 (TPT, IEC S00202)
  7
PVSLD_STD
100
AcDbAttributeDefinition
  3
Norma de origen del símbolo
  2
SOURCE_STANDARD
 70
1
 71
1
 72
0
  0
ATTDEF
  5
359
330
34B
100
AcDbEntity
  8
E-ANNO-TAGS
100
AcDbText
 10
0.0
 20
0.0
 30
0.0
 40
2.5
  1

  7
PVSLD_STD
100
AcDbAttributeDefinition
  3
Calibre del conductor de puesta a tierra
  2
EGC_SIZE
 70
1
 71
1
 72
0
  0
ENDBLK
  5
34D
330
34B
100
AcDbEntity
  8
0
100
AcDbBlockEnd
  0
BLOCK
  5
35B
330
35A
100
AcDbEntity
  8
0
100
AcDbBlockBegin
  2
PVSLD_GND_BUS
 70
2
 10
0.0
 20
0.0
 30
0.0
  3
PVSLD_GND_BUS
  1

  0
LINE
  5
35D
330
35A
100
AcDbEntity
  8
E-GRND-COND
  6
CONTINUOUS
370
50
100
AcDbLine
 10
0.0
 20
0.0
 30
0.0
 11
30.0
 21
0.0
 31
0.0
  0
TEXT
  5
35E
330
35A
100
AcDbEntity
  8
E-ANNO-TAGS
100
AcDbText
 10
27.0
 20
1.5
 30
0.0
 40
3.5
  1
T
  7
PVSLD_STD
 11
27.0
 21
1.5
 31
0.0
100
AcDbText
  0
ATTDEF
  5
35F
330
35A
100
AcDbEntity
  8
E-ANNO-TAGS
100
AcDbText
 10
0.0
 20
7.5
 30
0.0
 40
3.5
  1

  7
PVSLD_STD
100
AcDbAttributeDefinition
  3
Identificador
  2
TAG
 70
0
 71
1
 72
0
  0
ATTDEF
  5
360
330
35A
100
AcDbEntity
  8
E-ANNO-TAGS
100
AcDbText
 10
0.0
 20
-4.5
 30
0.0
 40
2.5
  1
Barra de puesta a tierra
  7
PVSLD_STD
100
AcDbAttributeDefinition
  3
Descripción
  2
DESC
 70
0
 71
1
 72
0
  0
ATTDEF
  5
361
330
35A
100
AcDbEntity
  8
E-ANNO-TAGS
100
AcDbText
 10
0.0
 20
0.0
 30
0.0
 40
2.5
  1

  7
PVSLD_STD
100
AcDbAttributeDefinition
  3
Identificador en el modelo
  2
COMP_ID
 70
1
 71
1
 72
0
  0
ATTDEF
  5
362
330
35A
100
AcDbEntity
  8
E-ANNO-TAGS
100
AcDbText
 10
0.0
 20
0.0
 30
0.0
 40
2.5
  1
-
  7
PVSLD_STD
100
AcDbAttributeDefinition
  3
Referencia IEC 60617
  2
IEC_REF
 70
1
 71
1
 72
0
  0
ATTDEF
  5
363
330
35A
100
AcDbEntity
  8
E-ANNO-TAGS
100
AcDbText
 10
0.0
 20
0.0
 30
0.0
 40
2.5
  1
NMX-J-136-ANCE-2019 4.2.130 (BPT)
  7
PVSLD_STD
100
AcDbAttributeDefinition
  3
Referencia NMX-J-136-ANCE
  2
NMX_REF
 70
1
 71
1
 72
0
  0
ATTDEF
  5
364
330
35A
100
AcDbEntity
  8
E-ANNO-TAGS
100
AcDbText
 10
0.0
 20
0.0
 30
0.0
 40
2.5
  1
NMX-J-136-ANCE-2019 4.2.130 (BPT)
  7
PVSLD_STD
100
AcDbAttributeDefinition
  3
Norma de origen del símbolo
  2
SOURCE_STANDARD
 70
1
 71
1
 72
0
  0
ATTDEF
  5
365
330
35A
100
AcDbEntity
  8
E-ANNO-TAGS
100
AcDbText
 10
0.0
 20
0.0
 30
0.0
 40
2.5
  1

  7
PVSLD_STD
100
AcDbAttributeDefinition
  3
Barra (A)
  2
BUS_A
 70
1
 71
1
 72
0
  0
ATTDEF
  5
366
330
35A
100
AcDbEntity
  8
E-ANNO-TAGS
100
AcDbText
 10
0.0
 20
0.0
 30
0.0
 40
2.5
  1

  7
PVSLD_STD
100
AcDbAttributeDefinition
  3
Material
  2
MATERIAL
 70
1
 71
1
 72
0
  0
ENDBLK
  5
35C
330
35A
100
AcDbEntity
  8
0
100
AcDbBlockEnd
  0
BLOCK
  5
368
330
367
100
AcDbEntity
  8
0
100
AcDbBlockBegin
  2
PVSLD_NEUTRAL_BUS
 70
2
 10
0.0
 20
0.0
 30
0.0
  3
PVSLD_NEUTRAL_BUS
  1

  0
LINE
  5
36A
330
367
100
AcDbEntity
  8
E-PVAC-COND
370
50
100
AcDbLine
 10
0.0
 20
0.0
 30
0.0
 11
30.0
 21
0.0
 31
0.0
  0
TEXT
  5
36B
330
367
100
AcDbEntity
  8
E-ANNO-TAGS
100
AcDbText
 10
27.0
 20
1.5
 30
0.0
 40
3.5
  1
N
  7
PVSLD_STD
 11
27.0
 21
1.5
 31
0.0
100
AcDbText
  0
ATTDEF
  5
36C
330
367
100
AcDbEntity
  8
E-ANNO-TAGS
100
AcDbText
 10
0.0
 20
7.5
 30
0.0
 40
3.5
  1

  7
PVSLD_STD
100
AcDbAttributeDefinition
  3
Identificador
  2
TAG
 70
0
 71
1
 72
0
  0
ATTDEF
  5
36D
330
367
100
AcDbEntity
  8
E-ANNO-TAGS
100
AcDbText
 10
0.0
 20
-4.5
 30
0.0
 40
2.5
  1
Barra de neutro
  7
PVSLD_STD
100
AcDbAttributeDefinition
  3
Descripción
  2
DESC
 70
0
 71
1
 72
0
  0
ATTDEF
  5
36E
330
367
100
AcDbEntity
  8
E-ANNO-TAGS
100
AcDbText
 10
0.0
 20
0.0
 30
0.0
 40
2.5
  1

  7
PVSLD_STD
100
AcDbAttributeDefinition
  3
Identificador en el modelo
  2
COMP_ID
 70
1
 71
1
 72
0
  0
ATTDEF
  5
36F
330
367
100
AcDbEntity
  8
E-ANNO-TAGS
100
AcDbText
 10
0.0
 20
0.0
 30
0.0
 40
2.5
  1
-
  7
PVSLD_STD
100
AcDbAttributeDefinition
  3
Referencia IEC 60617
  2
IEC_REF
 70
1
 71
1
 72
0
  0
ATTDEF
  5
370
330
367
100
AcDbEntity
  8
E-ANNO-TAGS
100
AcDbText
 10
0.0
 20
0.0
 30
0.0
 40
2.5
  1
NMX-J-136-ANCE-2019 4.2.129
  7
PVSLD_STD
100
AcDbAttributeDefinition
  3
Referencia NMX-J-136-ANCE
  2
NMX_REF
 70
1
 71
1
 72
0
  0
ATTDEF
  5
371
330
367
100
AcDbEntity
  8
E-ANNO-TAGS
100
AcDbText
 10
0.0
 20
0.0
 30
0.0
 40
2.5
  1
NMX-J-136-ANCE-2019 4.2.129
  7
PVSLD_STD
100
AcDbAttributeDefinition
  3
Norma de origen del símbolo
  2
SOURCE_STANDARD
 70
1
 71
1
 72
0
  0
ATTDEF
  5
372
330
367
100
AcDbEntity
  8
E-ANNO-TAGS
100
AcDbText
 10
0.0
 20
0.0
 30
0.0
 40
2.5
  1

  7
PVSLD_STD
100
AcDbAttributeDefinition
  3
Barra (A)
  2
BUS_A
 70
1
 71
1
 72
0
  0
ATTDEF
  5
373
330
367
100
AcDbEntity
  8
E-ANNO-TAGS
100
AcDbText
 10
0.0
 20
0.0
 30
0.0
 40
2.5
  1

  7
PVSLD_STD
100
AcDbAttributeDefinition
  3
Material
  2
MATERIAL
 70
1
 71
1
 72
0
  0
ENDBLK
  5
369
330
367
100
AcDbEntity
  8
0
100
AcDbBlockEnd
  0
BLOCK
  5
375
330
374
100
AcDbEntity
  8
0
100
AcDbBlockBegin
  2
PVSLD_XFMR
 70
2
 10
0.0
 20
0.0
 30
0.0
  3
PVSLD_XFMR
  1

  0
LINE
  5
377
330
374
100
AcDbEntity
  8
E-UTIL-EQPM
100
AcDbLine
 10
0.0
 20
0.0
 30
0.0
 11
7.5
 21
0.0
 31
0.0
  0
ARC
  5
378
330
374
100
AcDbEntity
  8
E-UTIL-EQPM
100
AcDbCircle
 10
7.5
 20
7.5
 30
0.0
 40
2.5
100
AcDbArc
 50
-90.0
 51
90.0
  0
ARC
  5
379
330
374
100
AcDbEntity
  8
E-UTIL-EQPM
100
AcDbCircle
 10
7.5
 20
2.5
 30
0.0
 40
2.5
100
AcDbArc
 50
-90.0
 51
90.0
  0
ARC
  5
37A
330
374
100
AcDbEntity
  8
E-UTIL-EQPM
100
AcDbCircle
 10
7.5
 20
-2.5
 30
0.0
 40
2.5
100
AcDbArc
 50
-90.0
 51
90.0
  0
ARC
  5
37B
330
374
100
AcDbEntity
  8
E-UTIL-EQPM
100
AcDbCircle
 10
7.5
 20
-7.5
 30
0.0
 40
2.5
100
AcDbArc
 50
-90.0
 51
90.0
  0
ARC
  5
37C
330
374
100
AcDbEntity
  8
E-UTIL-EQPM
100
AcDbCircle
 10
17.5
 20
7.5
 30
0.0
 40
2.5
100
AcDbArc
 50
90.0
 51
270.0
  0
ARC
  5
37D
330
374
100
AcDbEntity
  8
E-UTIL-EQPM
100
AcDbCircle
 10
17.5
 20
2.5
 30
0.0
 40
2.5
100
AcDbArc
 50
90.0
 51
270.0
  0
ARC
  5
37E
330
374
100
AcDbEntity
  8
E-UTIL-EQPM
100
AcDbCircle
 10
17.5
 20
-2.5
 30
0.0
 40
2.5
100
AcDbArc
 50
90.0
 51
270.0
  0
ARC
  5
37F
330
374
100
AcDbEntity
  8
E-UTIL-EQPM
100
AcDbCircle
 10
17.5
 20
-7.5
 30
0.0
 40
2.5
100
AcDbArc
 50
90.0
 51
270.0
  0
LINE
  5
380
330
374
100
AcDbEntity
  8
E-UTIL-EQPM
100
AcDbLine
 10
17.5
 20
0.0
 30
0.0
 11
25.0
 21
0.0
 31
0.0
  0
ATTDEF
  5
381
330
374
100
AcDbEntity
  8
E-ANNO-TAGS
100
AcDbText
 10
0.0
 20
12.0
 30
0.0
 40
3.5
  1

  7
PVSLD_STD
100
AcDbAttributeDefinition
  3
Identificador
  2
TAG
 70
0
 71
1
 72
0
  0
ATTDEF
  5
382
330
374
100
AcDbEntity
  8
E-ANNO-TAGS
100
AcDbText
 10
0.0
 20
-14.0
 30
0.0
 40
2.5
  1
Transformador de potencia MT/BT
  7
PVSLD_STD
100
AcDbAttributeDefinition
  3
Descripción
  2
DESC
 70
0
 71
1
 72
0
  0
ATTDEF
  5
383
330
374
100
AcDbEntity
  8
E-ANNO-TAGS
100
AcDbText
 10
0.0
 20
0.0
 30
0.0
 40
2.5
  1

  7
PVSLD_STD
100
AcDbAttributeDefinition
  3
Identificador en el modelo
  2
COMP_ID
 70
1
 71
1
 72
0
  0
ATTDEF
  5
384
330
374
100
AcDbEntity
  8
E-ANNO-TAGS
100
AcDbText
 10
0.0
 20
0.0
 30
0.0
 40
2.5
  1
-
  7
PVSLD_STD
100
AcDbAttributeDefinition
  3
Referencia IEC 60617
  2
IEC_REF
 70
1
 71
1
 72
0
  0
ATTDEF
  5
385
330
374
100
AcDbEntity
  8
E-ANNO-TAGS
100
AcDbText
 10
0.0
 20
0.0
 30
0.0
 40
2.5
  1
NMX-J-136-ANCE-2019 4.2.123 (alt. 4.2.69, IEC S00841)
  7
PVSLD_STD
100
AcDbAttributeDefinition
  3
Referencia NMX-J-136-ANCE
  2
NMX_REF
 70
1
 71
1
 72
0
  0
ATTDEF
  5
386
330
374
100
AcDbEntity
  8
E-ANNO-TAGS
100
AcDbText
 10
0.0
 20
0.0
 30
0.0
 40
2.5
  1
NMX-J-136-ANCE-2019 4.2.123 (TR)
  7
PVSLD_STD
100
AcDbAttributeDefinition
  3
Norma de origen del símbolo
  2
SOURCE_STANDARD
 70
1
 71
1
 72
0
  0
ATTDEF
  5
387
330
374
100
AcDbEntity
  8
E-ANNO-TAGS
100
AcDbText
 10
0.0
 20
-18.0
 30
0.0
 40
2.5
  1

  7
PVSLD_STD
100
AcDbAttributeDefinition
  3
Potencia y relación
  2
SPEC
 70
0
 71
1
 72
0
  0
ATTDEF
  5
388
330
374
100
AcDbEntity
  8
E-ANNO-TAGS
100
AcDbText
 10
0.0
 20
0.0
 30
0.0
 40
2.5
  1

  7
PVSLD_STD
100
AcDbAttributeDefinition
  3
Potencia (kVA)
  2
KVA
 70
1
 71
1
 72
0
  0
ATTDEF
  5
389
330
374
100
AcDbEntity
  8
E-ANNO-TAGS
100
AcDbText
 10
0.0
 20
0.0
 30
0.0
 40
2.5
  1

  7
PVSLD_STD
100
AcDbAttributeDefinition
  3
Tensión primaria (V)
  2
VOLT_PRI_V
 70
1
 71
1
 72
0
  0
ATTDEF
  5
38A
330
374
100
AcDbEntity
  8
E-ANNO-TAGS
100
AcDbText
 10
0.0
 20
0.0
 30
0.0
 40
2.5
  1

  7
PVSLD_STD
100
AcDbAttributeDefinition
  3
Tensión secundaria (V)
  2
VOLT_SEC_V
 70
1
 71
1
 72
0
  0
ATTDEF
  5
38B
330
374
100
AcDbEntity
  8
E-ANNO-TAGS
100
AcDbText
 10
0.0
 20
0.0
 30
0.0
 40
2.5
  1

  7
PVSLD_STD
100
AcDbAttributeDefinition
  3
Grupo de conexión
  2
VECTOR_GROUP
 70
1
 71
1
 72
0
  0
ATTDEF
  5
38C
330
374
100
AcDbEntity
  8
E-ANNO-TAGS
100
AcDbText
 10
0.0
 20
0.0
 30
0.0
 40
2.5
  1

  7
PVSLD_STD
100
AcDbAttributeDefinition
  3
Impedancia (%)
  2
IMPEDANCE_PCT
 70
1
 71
1
 72
0
  0
ENDBLK
  5
376
330
374
100
AcDbEntity
  8
0
100
AcDbBlockEnd
  0
BLOCK
  5
38E
330
38D
100
AcDbEntity
  8
0
100
AcDbBlockBegin
  2
PVSLD_CUTOUT
 70
2
 10
0.0
 20
0.0
 30
0.0
  3
PVSLD_CUTOUT
  1

  0
LINE
  5
390
330
38D
100
AcDbEntity
  8
E-UTIL-EQPM
100
AcDbLine
 10
0.0
 20
0.0
 30
0.0
 11
5.0
 21
0.0
 31
0.0
  0
LINE
  5
391
330
38D
100
AcDbEntity
  8
E-UTIL-EQPM
100
AcDbLine
 10
17.5
 20
0.0
 30
0.0
 11
5.0
 21
-5.5
 31
0.0
  0
LWPOLYLINE
  5
392
330
38D
100
AcDbEntity
  8
E-UTIL-EQPM
100
AcDbPolyline
 90
4
 70
1
 10
14.2534
 20
-2.7941
 10
9.0034
 20
-5.1041
 10
7.9966
 20
-2.8159
 10
13.2466
 20
-0.5059
  0
LINE
  5
393
330
38D
100
AcDbEntity
  8
E-UTIL-EQPM
100
AcDbLine
 10
17.5
 20
0.0
 30
0.0
 11
25.0
 21
0.0
 31
0.0
  0
ATTDEF
  5
394
330
38D
100
AcDbEntity
  8
E-ANNO-TAGS
100
AcDbText
 10
0.0
 20
2.5
 30
0.0
 40
3.5
  1

  7
PVSLD_STD
100
AcDbAttributeDefinition
  3
Identificador
  2
TAG
 70
0
 71
1
 72
0
  0
ATTDEF
  5
395
330
38D
100
AcDbEntity
  8
E-ANNO-TAGS
100
AcDbText
 10
0.0
 20
-10.0
 30
0.0
 40
2.5
  1
Cortacircuito fusible (CCF)
  7
PVSLD_STD
100
AcDbAttributeDefinition
  3
Descripción
  2
DESC
 70
0
 71
1
 72
0
  0
ATTDEF
  5
396
330
38D
100
AcDbEntity
  8
E-ANNO-TAGS
100
AcDbText
 10
0.0
 20
0.0
 30
0.0
 40
2.5
  1

  7
PVSLD_STD
100
AcDbAttributeDefinition
  3
Identificador en el modelo
  2
COMP_ID
 70
1
 71
1
 72
0
  0
ATTDEF
  5
397
330
38D
100
AcDbEntity
  8
E-ANNO-TAGS
100
AcDbText
 10
0.0
 20
0.0
 30
0.0
 40
2.5
  1
IEC 60617 S00368
  7
PVSLD_STD
100
AcDbAttributeDefinition
  3
Referencia IEC 60617
  2
IEC_REF
 70
1
 71
1
 72
0
  0
ATTDEF
  5
398
330
38D
100
AcDbEntity
  8
E-ANNO-TAGS
100
AcDbText
 10
0.0
 20
0.0
 30
0.0
 40
2.5
  1
NMX-J-136-ANCE-2019 4.2.122 (FUS-DES, IEC S00368)
  7
PVSLD_STD
100
AcDbAttributeDefinition
  3
Referencia NMX-J-136-ANCE
  2
NMX_REF
 70
1
 71
1
 72
0
  0
ATTDEF
  5
399
330
38D
100
AcDbEntity
  8
E-ANNO-TAGS
100
AcDbText
 10
0.0
 20
0.0
 30
0.0
 40
2.5
  1
NMX-J-136-ANCE-2019 4.2.122 (FUS-DES, IEC S00368)
  7
PVSLD_STD
100
AcDbAttributeDefinition
  3
Norma de origen del símbolo
  2
SOURCE_STANDARD
 70
1
 71
1
 72
0
  0
ATTDEF
  5
39A
330
38D
100
AcDbEntity
  8
E-ANNO-TAGS
100
AcDbText
 10
0.0
 20
0.0
 30
0.0
 40
2.5
  1

  7
PVSLD_STD
100
AcDbAttributeDefinition
  3
Corriente nominal (A)
  2
RATING_A
 70
1
 71
1
 72
0
  0
ATTDEF
  5
39B
330
38D
100
AcDbEntity
  8
E-ANNO-TAGS
100
AcDbText
 10
0.0
 20
0.0
 30
0.0
 40
2.5
  1

  7
PVSLD_STD
100
AcDbAttributeDefinition
  3
Tensión (kV)
  2
VOLT_KV
 70
1
 71
1
 72
0
  0
ATTDEF
  5
39C
330
38D
100
AcDbEntity
  8
E-ANNO-TAGS
100
AcDbText
 10
0.0
 20
0.0
 30
0.0
 40
2.5
  1

  7
PVSLD_STD
100
AcDbAttributeDefinition
  3
Fusible (A)
  2
FUSE_A
 70
1
 71
1
 72
0
  0
ATTDEF
  5
39D
330
38D
100
AcDbEntity
  8
E-ANNO-TAGS
100
AcDbText
 10
0.0
 20
0.0
 30
0.0
 40
2.5
  1

  7
PVSLD_STD
100
AcDbAttributeDefinition
  3
Capacidad interruptiva (kA)
  2
KAIC_KA
 70
1
 71
1
 72
0
  0
ENDBLK
  5
38F
330
38D
100
AcDbEntity
  8
0
100
AcDbBlockEnd
  0
BLOCK
  5
39F
330
39E
100
AcDbEntity
  8
0
100
AcDbBlockBegin
  2
PVSLD_ARRESTER_MV
 70
2
 10
0.0
 20
0.0
 30
0.0
  3
PVSLD_ARRESTER_MV
  1

  0
LINE
  5
3A1
330
39E
100
AcDbEntity
  8
E-UTIL-EQPM
100
AcDbLine
 10
0.0
 20
0.0
 30
0.0
 11
0.0
 21
-12.0
 31
0.0
  0
LWPOLYLINE
  5
3A2
330
39E
100
AcDbEntity
  8
E-UTIL-EQPM
100
AcDbPolyline
 90
4
 70
1
 10
-2.5
 20
-20.0
 10
2.5
 20
-20.0
 10
2.5
 20
-5.0
 10
-2.5
 20
-5.0
  0
HATCH
  5
3A3
330
39E
100
AcDbEntity
  8
E-UTIL-EQPM
100
AcDbHatch
 10
0.0
 20
0.0
 30
0.0
210
0.0
220
0.0
230
1.0
  2
SOLID
 70
1
 71
0
 91
1
 92
3
 72
0
 73
1
 93
3
 10
-1.5
 20
-8.0
 10
1.5
 20
-8.0
 10
0.0
 20
-10.5
 97
0
 75
0
 76
1
 98
0
  0
LINE
  5
3A4
330
39E
100
AcDbEntity
  8
E-UTIL-EQPM
100
AcDbLine
 10
0.0
 20
-20.0
 30
0.0
 11
0.0
 21
-25.0
 31
0.0
  0
ATTDEF
  5
3A5
330
39E
100
AcDbEntity
  8
E-ANNO-TAGS
100
AcDbText
 10
6.0
 20
-8.0
 30
0.0
 40
3.5
  1

  7
PVSLD_STD
100
AcDbAttributeDefinition
  3
Identificador
  2
TAG
 70
0
 71
1
 72
0
  0
ATTDEF
  5
3A6
330
39E
100
AcDbEntity
  8
E-ANNO-TAGS
100
AcDbText
 10
6.0
 20
-12.0
 30
0.0
 40
2.5
  1
Apartarrayos de media tensión
  7
PVSLD_STD
100
AcDbAttributeDefinition
  3
Descripción
  2
DESC
 70
0
 71
1
 72
0
  0
ATTDEF
  5
3A7
330
39E
100
AcDbEntity
  8
E-ANNO-TAGS
100
AcDbText
 10
0.0
 20
0.0
 30
0.0
 40
2.5
  1

  7
PVSLD_STD
100
AcDbAttributeDefinition
  3
Identificador en el modelo
  2
COMP_ID
 70
1
 71
1
 72
0
  0
ATTDEF
  5
3A8
330
39E
100
AcDbEntity
  8
E-ANNO-TAGS
100
AcDbText
 10
0.0
 20
0.0
 30
0.0
 40
2.5
  1
IEC 60617 S00373
  7
PVSLD_STD
100
AcDbAttributeDefinition
  3
Referencia IEC 60617
  2
IEC_REF
 70
1
 71
1
 72
0
  0
ATTDEF
  5
3A9
330
39E
100
AcDbEntity
  8
E-ANNO-TAGS
100
AcDbText
 10
0.0
 20
0.0
 30
0.0
 40
2.5
  1
NMX-J-136-ANCE-2019 4.2.178 (alt. 4.2.120)
  7
PVSLD_STD
100
AcDbAttributeDefinition
  3
Referencia NMX-J-136-ANCE
  2
NMX_REF
 70
1
 71
1
 72
0
  0
ATTDEF
  5
3AA
330
39E
100
AcDbEntity
  8
E-ANNO-TAGS
100
AcDbText
 10
0.0
 20
0.0
 30
0.0
 40
2.5
  1
NMX-J-136-ANCE-2019 4.2.178 (AR, IEC S00373)
  7
PVSLD_STD
100
AcDbAttributeDefinition
  3
Norma de origen del símbolo
  2
SOURCE_STANDARD
 70
1
 71
1
 72
0
  0
ATTDEF
  5
3AB
330
39E
100
AcDbEntity
  8
E-ANNO-TAGS
100
AcDbText
 10
0.0
 20
0.0
 30
0.0
 40
2.5
  1

  7
PVSLD_STD
100
AcDbAttributeDefinition
  3
Tensión nominal (kV)
  2
VOLT_KV
 70
1
 71
1
 72
0
  0
ATTDEF
  5
3AC
330
39E
100
AcDbEntity
  8
E-ANNO-TAGS
100
AcDbText
 10
0.0
 20
0.0
 30
0.0
 40
2.5
  1

  7
PVSLD_STD
100
AcDbAttributeDefinition
  3
Tensión máxima de operación continua (kV)
  2
MCOV_KV
 70
1
 71
1
 72
0
  0
ATTDEF
  5
3AD
330
39E
100
AcDbEntity
  8
E-ANNO-TAGS
100
AcDbText
 10
0.0
 20
0.0
 30
0.0
 40
2.5
  1

  7
PVSLD_STD
100
AcDbAttributeDefinition
  3
Corriente de descarga (kA)
  2
IN_KA
 70
1
 71
1
 72
0
  0
ENDBLK
  5
3A0
330
39E
100
AcDbEntity
  8
0
100
AcDbBlockEnd
  0
BLOCK
  5
3AF
330
3AE
100
AcDbEntity
  8
0
100
AcDbBlockBegin
  2
PVSLD_DISCONNECT_MV
 70
2
 10
0.0
 20
0.0
 30
0.0
  3
PVSLD_DISCONNECT_MV
  1

  0
LINE
  5
3B1
330
3AE
100
AcDbEntity
  8
E-UTIL-EQPM
100
AcDbLine
 10
0.0
 20
0.0
 30
0.0
 11
7.5
 21
0.0
 31
0.0
  0
HATCH
  5
3B2
330
3AE
100
AcDbEntity
  8
E-UTIL-EQPM
100
AcDbHatch
 10
0.0
 20
0.0
 30
0.0
210
0.0
220
0.0
230
1.0
  2
SOLID
 70
1
 71
0
 91
1
 92
3
 72
1
 73
1
 93
2
 10
6.7
 20
0.0
 42
1.0
 10
8.3
 20
0.0
 42
1.0
 97
0
 75
0
 76
1
 98
0
  0
HATCH
  5
3B3
330
3AE
100
AcDbEntity
  8
E-UTIL-EQPM
100
AcDbHatch
 10
0.0
 20
0.0
 30
0.0
210
0.0
220
0.0
230
1.0
  2
SOLID
 70
1
 71
0
 91
1
 92
3
 72
1
 73
1
 93
2
 10
14.2
 20
0.0
 42
1.0
 10
15.8
 20
0.0
 42
1.0
 97
0
 75
0
 76
1
 98
0
  0
LINE
  5
3B4
330
3AE
100
AcDbEntity
  8
E-UTIL-EQPM
100
AcDbLine
 10
15.0
 20
0.0
 30
0.0
 11
9.5
 21
5.5
 31
0.0
  0
LINE
  5
3B5
330
3AE
100
AcDbEntity
  8
E-UTIL-EQPM
100
AcDbLine
 10
15.0
 20
0.0
 30
0.0
 11
25.0
 21
0.0
 31
0.0
  0
ATTDEF
  5
3B6
330
3AE
100
AcDbEntity
  8
E-ANNO-TAGS
100
AcDbText
 10
0.0
 20
8.0
 30
0.0
 40
3.5
  1

  7
PVSLD_STD
100
AcDbAttributeDefinition
  3
Identificador
  2
TAG
 70
0
 71
1
 72
0
  0
ATTDEF
  5
3B7
330
3AE
100
AcDbEntity
  8
E-ANNO-TAGS
100
AcDbText
 10
0.0
 20
-5.3
 30
0.0
 40
2.5
  1
Cuchillas desconectadoras de media tensión
  7
PVSLD_STD
100
AcDbAttributeDefinition
  3
Descripción
  2
DESC
 70
0
 71
1
 72
0
  0
ATTDEF
  5
3B8
330
3AE
100
AcDbEntity
  8
E-ANNO-TAGS
100
AcDbText
 10
0.0
 20
0.0
 30
0.0
 40
2.5
  1

  7
PVSLD_STD
100
AcDbAttributeDefinition
  3
Identificador en el modelo
  2
COMP_ID
 70
1
 71
1
 72
0
  0
ATTDEF
  5
3B9
330
3AE
100
AcDbEntity
  8
E-ANNO-TAGS
100
AcDbText
 10
0.0
 20
0.0
 30
0.0
 40
2.5
  1
-
  7
PVSLD_STD
100
AcDbAttributeDefinition
  3
Referencia IEC 60617
  2
IEC_REF
 70
1
 71
1
 72
0
  0
ATTDEF
  5
3BA
330
3AE
100
AcDbEntity
  8
E-ANNO-TAGS
100
AcDbText
 10
0.0
 20
0.0
 30
0.0
 40
2.5
  1
NMX-J-136-ANCE-2019 4.2.118 (alt. 4.2.119 con carga, 4.2.170 IEC S00288)
  7
PVSLD_STD
100
AcDbAttributeDefinition
  3
Referencia NMX-J-136-ANCE
  2
NMX_REF
 70
1
 71
1
 72
0
  0
ATTDEF
  5
3BB
330
3AE
100
AcDbEntity
  8
E-ANNO-TAGS
100
AcDbText
 10
0.0
 20
0.0
 30
0.0
 40
2.5
  1
NMX-J-136-ANCE-2019 4.2.118 (DSSC)
  7
PVSLD_STD
100
AcDbAttributeDefinition
  3
Norma de origen del símbolo
  2
SOURCE_STANDARD
 70
1
 71
1
 72
0
  0
ATTDEF
  5
3BC
330
3AE
100
AcDbEntity
  8
E-ANNO-TAGS
100
AcDbText
 10
0.0
 20
0.0
 30
0.0
 40
2.5
  1

  7
PVSLD_STD
100
AcDbAttributeDefinition
  3
Polos
  2
POLES
 70
1
 71
1
 72
0
  0
ATTDEF
  5
3BD
330
3AE
100
AcDbEntity
  8
E-ANNO-TAGS
100
AcDbText
 10
0.0
 20
0.0
 30
0.0
 40
2.5
  1

  7
PVSLD_STD
100
AcDbAttributeDefinition
  3
Corriente nominal (A)
  2
RATING_A
 70
1
 71
1
 72
0
  0
ATTDEF
  5
3BE
330
3AE
100
AcDbEntity
  8
E-ANNO-TAGS
100
AcDbText
 10
0.0
 20
0.0
 30
0.0
 40
2.5
  1

  7
PVSLD_STD
100
AcDbAttributeDefinition
  3
Tensión (kV)
  2
VOLT_KV
 70
1
 71
1
 72
0
  0
ATTDEF
  5
3BF
330
3AE
100
AcDbEntity
  8
E-ANNO-TAGS
100
AcDbText
 10
0.0
 20
0.0
 30
0.0
 40
2.5
  1

  7
PVSLD_STD
100
AcDbAttributeDefinition
  3
Con capacidad de corte con carga
  2
LOAD_BREAK
 70
1
 71
1
 72
0
  0
ENDBLK
  5
3B0
330
3AE
100
AcDbEntity
  8
0
100
AcDbBlockEnd
  0
BLOCK
  5
3C1
330
3C0
100
AcDbEntity
  8
0
100
AcDbBlockBegin
  2
PVSLD_CT_MV
 70
2
 10
0.0
 20
0.0
 30
0.0
  3
PVSLD_CT_MV
  1

  0
LINE
  5
3C3
330
3C0
100
AcDbEntity
  8
E-UTIL-EQPM
370
50
100
AcDbLine
 10
0.0
 20
0.0
 30
0.0
 11
15.0
 21
0.0
 31
0.0
  0
LWPOLYLINE
  5
3C4
330
3C0
100
AcDbEntity
  8
E-UTIL-EQPM
100
AcDbPolyline
 90
5
 70
0
 10
2.5
 20
1.5
 10
5.0
 20
-5.0
 10
7.5
 20
1.5
 10
10.0
 20
-5.0
 10
12.5
 20
1.5
  0
ATTDEF
  5
3C5
330
3C0
100
AcDbEntity
  8
E-ANNO-TAGS
100
AcDbText
 10
0.0
 20
4.0
 30
0.0
 40
3.5
  1

  7
PVSLD_STD
100
AcDbAttributeDefinition
  3
Identificador
  2
TAG
 70
0
 71
1
 72
0
  0
ATTDEF
  5
3C6
330
3C0
100
AcDbEntity
  8
E-ANNO-TAGS
100
AcDbText
 10
0.0
 20
-9.5
 30
0.0
 40
2.5
  1
Transformador de corriente (TC)
  7
PVSLD_STD
100
AcDbAttributeDefinition
  3
Descripción
  2
DESC
 70
0
 71
1
 72
0
  0
ATTDEF
  5
3C7
330
3C0
100
AcDbEntity
  8
E-ANNO-TAGS
100
AcDbText
 10
0.0
 20
0.0
 30
0.0
 40
2.5
  1

  7
PVSLD_STD
100
AcDbAttributeDefinition
  3
Identificador en el modelo
  2
COMP_ID
 70
1
 71
1
 72
0
  0
ATTDEF
  5
3C8
330
3C0
100
AcDbEntity
  8
E-ANNO-TAGS
100
AcDbText
 10
0.0
 20
0.0
 30
0.0
 40
2.5
  1
-
  7
PVSLD_STD
100
AcDbAttributeDefinition
  3
Referencia IEC 60617
  2
IEC_REF
 70
1
 71
1
 72
0
  0
ATTDEF
  5
3C9
330
3C0
100
AcDbEntity
  8
E-ANNO-TAGS
100
AcDbText
 10
0.0
 20
0.0
 30
0.0
 40
2.5
  1
NMX-J-136-ANCE-2019 4.2.124 (TC)
  7
PVSLD_STD
100
AcDbAttributeDefinition
  3
Referencia NMX-J-136-ANCE
  2
NMX_REF
 70
1
 71
1
 72
0
  0
ATTDEF
  5
3CA
330
3C0
100
AcDbEntity
  8
E-ANNO-TAGS
100
AcDbText
 10
0.0
 20
0.0
 30
0.0
 40
2.5
  1
NMX-J-136-ANCE-2019 4.2.124 (TC)
  7
PVSLD_STD
100
AcDbAttributeDefinition
  3
Norma de origen del símbolo
  2
SOURCE_STANDARD
 70
1
 71
1
 72
0
  0
ATTDEF
  5
3CB
330
3C0
100
AcDbEntity
  8
E-ANNO-TAGS
100
AcDbText
 10
0.0
 20
-10.0
 30
0.0
 40
2.5
  1

  7
PVSLD_STD
100
AcDbAttributeDefinition
  3
Relación de transformación
  2
SPEC
 70
0
 71
1
 72
0
  0
ATTDEF
  5
3CC
330
3C0
100
AcDbEntity
  8
E-ANNO-TAGS
100
AcDbText
 10
0.0
 20
0.0
 30
0.0
 40
2.5
  1

  7
PVSLD_STD
100
AcDbAttributeDefinition
  3
Relación (A/A)
  2
RATIO
 70
1
 71
1
 72
0
  0
ATTDEF
  5
3CD
330
3C0
100
AcDbEntity
  8
E-ANNO-TAGS
100
AcDbText
 10
0.0
 20
0.0
 30
0.0
 40
2.5
  1

  7
PVSLD_STD
100
AcDbAttributeDefinition
  3
Carga (VA)
  2
BURDEN_VA
 70
1
 71
1
 72
0
  0
ATTDEF
  5
3CE
330
3C0
100
AcDbEntity
  8
E-ANNO-TAGS
100
AcDbText
 10
0.0
 20
0.0
 30
0.0
 40
2.5
  1

  7
PVSLD_STD
100
AcDbAttributeDefinition
  3
Clase
  2
CLASS
 70
1
 71
1
 72
0
  0
ENDBLK
  5
3C2
330
3C0
100
AcDbEntity
  8
0
100
AcDbBlockEnd
  0
BLOCK
  5
3D0
330
3CF
100
AcDbEntity
  8
0
100
AcDbBlockBegin
  2
PVSLD_VT_MV
 70
2
 10
0.0
 20
0.0
 30
0.0
  3
PVSLD_VT_MV
  1

  0
LINE
  5
3D2
330
3CF
100
AcDbEntity
  8
E-UTIL-EQPM
370
50
100
AcDbLine
 10
0.0
 20
0.0
 30
0.0
 11
2.5
 21
0.0
 31
0.0
  0
LWPOLYLINE
  5
3D3
330
3CF
100
AcDbEntity
  8
E-UTIL-EQPM
100
AcDbPolyline
 90
5
 70
0
 10
2.5
 20
4.5
 10
7.5
 20
2.25
 10
2.5
 20
0.0
 10
7.5
 20
-2.25
 10
2.5
 20
-4.5
  0
LWPOLYLINE
  5
3D4
330
3CF
100
AcDbEntity
  8
E-UTIL-EQPM
100
AcDbPolyline
 90
5
 70
0
 10
13.0
 20
4.5
 10
8.0
 20
2.25
 10
13.0
 20
0.0
 10
8.0
 20
-2.25
 10
13.0
 20
-4.5
  0
LINE
  5
3D5
330
3CF
100
AcDbEntity
  8
E-UTIL-EQPM
370
50
100
AcDbLine
 10
13.0
 20
0.0
 30
0.0
 11
15.0
 21
0.0
 31
0.0
  0
ATTDEF
  5
3D6
330
3CF
100
AcDbEntity
  8
E-ANNO-TAGS
100
AcDbText
 10
0.0
 20
7.0
 30
0.0
 40
3.5
  1

  7
PVSLD_STD
100
AcDbAttributeDefinition
  3
Identificador
  2
TAG
 70
0
 71
1
 72
0
  0
ATTDEF
  5
3D7
330
3CF
100
AcDbEntity
  8
E-ANNO-TAGS
100
AcDbText
 10
0.0
 20
-9.0
 30
0.0
 40
2.5
  1
Transformador de potencial (TP)
  7
PVSLD_STD
100
AcDbAttributeDefinition
  3
Descripción
  2
DESC
 70
0
 71
1
 72
0
  0
ATTDEF
  5
3D8
330
3CF
100
AcDbEntity
  8
E-ANNO-TAGS
100
AcDbText
 10
0.0
 20
0.0
 30
0.0
 40
2.5
  1

  7
PVSLD_STD
100
AcDbAttributeDefinition
  3
Identificador en el modelo
  2
COMP_ID
 70
1
 71
1
 72
0
  0
ATTDEF
  5
3D9
330
3CF
100
AcDbEntity
  8
E-ANNO-TAGS
100
AcDbText
 10
0.0
 20
0.0
 30
0.0
 40
2.5
  1
-
  7
PVSLD_STD
100
AcDbAttributeDefinition
  3
Referencia IEC 60617
  2
IEC_REF
 70
1
 71
1
 72
0
  0
ATTDEF
  5
3DA
330
3CF
100
AcDbEntity
  8
E-ANNO-TAGS
100
AcDbText
 10
0.0
 20
0.0
 30
0.0
 40
2.5
  1
NMX-J-136-ANCE-2019 4.2.75 (TP)
  7
PVSLD_STD
100
AcDbAttributeDefinition
  3
Referencia NMX-J-136-ANCE
  2
NMX_REF
 70
1
 71
1
 72
0
  0
ATTDEF
  5
3DB
330
3CF
100
AcDbEntity
  8
E-ANNO-TAGS
100
AcDbText
 10
0.0
 20
0.0
 30
0.0
 40
2.5
  1
NMX-J-136-ANCE-2019 4.2.75 (TP)
  7
PVSLD_STD
100
AcDbAttributeDefinition
  3
Norma de origen del símbolo
  2
SOURCE_STANDARD
 70
1
 71
1
 72
0
  0
ATTDEF
  5
3DC
330
3CF
100
AcDbEntity
  8
E-ANNO-TAGS
100
AcDbText
 10
0.0
 20
-10.0
 30
0.0
 40
2.5
  1

  7
PVSLD_STD
100
AcDbAttributeDefinition
  3
Relación de transformación
  2
SPEC
 70
0
 71
1
 72
0
  0
ATTDEF
  5
3DD
330
3CF
100
AcDbEntity
  8
E-ANNO-TAGS
100
AcDbText
 10
0.0
 20
0.0
 30
0.0
 40
2.5
  1

  7
PVSLD_STD
100
AcDbAttributeDefinition
  3
Relación (V/V)
  2
RATIO
 70
1
 71
1
 72
0
  0
ATTDEF
  5
3DE
330
3CF
100
AcDbEntity
  8
E-ANNO-TAGS
100
AcDbText
 10
0.0
 20
0.0
 30
0.0
 40
2.5
  1

  7
PVSLD_STD
100
AcDbAttributeDefinition
  3
Carga (VA)
  2
BURDEN_VA
 70
1
 71
1
 72
0
  0
ATTDEF
  5
3DF
330
3CF
100
AcDbEntity
  8
E-ANNO-TAGS
100
AcDbText
 10
0.0
 20
0.0
 30
0.0
 40
2.5
  1

  7
PVSLD_STD
100
AcDbAttributeDefinition
  3
Clase
  2
CLASS
 70
1
 71
1
 72
0
  0
ENDBLK
  5
3D1
330
3CF
100
AcDbEntity
  8
0
100
AcDbBlockEnd
  0
BLOCK
  5
3E1
330
3E0
100
AcDbEntity
  8
0
100
AcDbBlockBegin
  2
PVSLD_BUSBAR
 70
2
 10
0.0
 20
0.0
 30
0.0
  3
PVSLD_BUSBAR
  1

  0
LINE
  5
3E3
330
3E0
100
AcDbEntity
  8
E-PVDC-COND
370
70
100
AcDbLine
 10
0.0
 20
0.0
 30
0.0
 11
30.0
 21
0.0
 31
0.0
  0
HATCH
  5
3E4
330
3E0
100
AcDbEntity
  8
E-PVDC-COND
100
AcDbHatch
 10
0.0
 20
0.0
 30
0.0
210
0.0
220
0.0
230
1.0
  2
SOLID
 70
1
 71
0
 91
1
 92
3
 72
1
 73
1
 93
2
 10
6.7
 20
0.0
 42
1.0
 10
8.3
 20
0.0
 42
1.0
 97
0
 75
0
 76
1
 98
0
  0
HATCH
  5
3E5
330
3E0
100
AcDbEntity
  8
E-PVDC-COND
100
AcDbHatch
 10
0.0
 20
0.0
 30
0.0
210
0.0
220
0.0
230
1.0
  2
SOLID
 70
1
 71
0
 91
1
 92
3
 72
1
 73
1
 93
2
 10
14.2
 20
0.0
 42
1.0
 10
15.8
 20
0.0
 42
1.0
 97
0
 75
0
 76
1
 98
0
  0
HATCH
  5
3E6
330
3E0
100
AcDbEntity
  8
E-PVDC-COND
100
AcDbHatch
 10
0.0
 20
0.0
 30
0.0
210
0.0
220
0.0
230
1.0
  2
SOLID
 70
1
 71
0
 91
1
 92
3
 72
1
 73
1
 93
2
 10
21.7
 20
0.0
 42
1.0
 10
23.3
 20
0.0
 42
1.0
 97
0
 75
0
 76
1
 98
0
  0
ATTDEF
  5
3E7
330
3E0
100
AcDbEntity
  8
E-ANNO-TAGS
100
AcDbText
 10
0.0
 20
3.3
 30
0.0
 40
3.5
  1

  7
PVSLD_STD
100
AcDbAttributeDefinition
  3
Identificador
  2
TAG
 70
0
 71
1
 72
0
  0
ATTDEF
  5
3E8
330
3E0
100
AcDbEntity
  8
E-ANNO-TAGS
100
AcDbText
 10
0.0
 20
-5.3
 30
0.0
 40
2.5
  1
Barra colectora con puntos de unión
  7
PVSLD_STD
100
AcDbAttributeDefinition
  3
Descripción
  2
DESC
 70
0
 71
1
 72
0
  0
ATTDEF
  5
3E9
330
3E0
100
AcDbEntity
  8
E-ANNO-TAGS
100
AcDbText
 10
0.0
 20
0.0
 30
0.0
 40
2.5
  1

  7
PVSLD_STD
100
AcDbAttributeDefinition
  3
Identificador en el modelo
  2
COMP_ID
 70
1
 71
1
 72
0
  0
ATTDEF
  5
3EA
330
3E0
100
AcDbEntity
  8
E-ANNO-TAGS
100
AcDbText
 10
0.0
 20
0.0
 30
0.0
 40
2.5
  1
-
  7
PVSLD_STD
100
AcDbAttributeDefinition
  3
Referencia IEC 60617
  2
IEC_REF
 70
1
 71
1
 72
0
  0
ATTDEF
  5
3EB
330
3E0
100
AcDbEntity
  8
E-ANNO-TAGS
100
AcDbText
 10
0.0
 20
0.0
 30
0.0
 40
2.5
  1
NMX-J-136-ANCE (pendiente)
  7
PVSLD_STD
100
AcDbAttributeDefinition
  3
Referencia NMX-J-136-ANCE
  2
NMX_REF
 70
1
 71
1
 72
0
  0
ATTDEF
  5
3EC
330
3E0
100
AcDbEntity
  8
E-ANNO-TAGS
100
AcDbText
 10
0.0
 20
0.0
 30
0.0
 40
2.5
  1
CFE G0100-04 Apéndice D, figs. D1 y D2 (barra de ramas)
  7
PVSLD_STD
100
AcDbAttributeDefinition
  3
Norma de origen del símbolo
  2
SOURCE_STANDARD
 70
1
 71
1
 72
0
  0
ATTDEF
  5
3ED
330
3E0
100
AcDbEntity
  8
E-ANNO-TAGS
100
AcDbText
 10
0.0
 20
0.0
 30
0.0
 40
2.5
  1

  7
PVSLD_STD
100
AcDbAttributeDefinition
  3
Corriente nominal (A)
  2
RATING_A
 70
1
 71
1
 72
0
  0
ATTDEF
  5
3EE
330
3E0
100
AcDbEntity
  8
E-ANNO-TAGS
100
AcDbText
 10
0.0
 20
0.0
 30
0.0
 40
2.5
  1

  7
PVSLD_STD
100
AcDbAttributeDefinition
  3
Tensión (V)
  2
VOLT_V
 70
1
 71
1
 72
0
  0
ENDBLK
  5
3E2
330
3E0
100
AcDbEntity
  8
0
100
AcDbBlockEnd
  0
BLOCK
  5
3F0
330
3EF
100
AcDbEntity
  8
0
100
AcDbBlockBegin
  2
PVSLD_TERMINAL
 70
2
 10
0.0
 20
0.0
 30
0.0
  3
PVSLD_TERMINAL
  1

  0
CIRCLE
  5
3F2
330
3EF
100
AcDbEntity
  8
E-PVAC-COND
100
AcDbCircle
 10
1.25
 20
0.0
 30
0.0
 40
1.25
  0
ATTDEF
  5
3F3
330
3EF
100
AcDbEntity
  8
E-ANNO-TAGS
100
AcDbText
 10
0.0
 20
3.75
 30
0.0
 40
3.5
  1

  7
PVSLD_STD
100
AcDbAttributeDefinition
  3
Identificador
  2
TAG
 70
0
 71
1
 72
0
  0
ATTDEF
  5
3F4
330
3EF
100
AcDbEntity
  8
E-ANNO-TAGS
100
AcDbText
 10
0.0
 20
-5.75
 30
0.0
 40
2.5
  1
Terminal o borne
  7
PVSLD_STD
100
AcDbAttributeDefinition
  3
Descripción
  2
DESC
 70
0
 71
1
 72
0
  0
ATTDEF
  5
3F5
330
3EF
100
AcDbEntity
  8
E-ANNO-TAGS
100
AcDbText
 10
0.0
 20
0.0
 30
0.0
 40
2.5
  1

  7
PVSLD_STD
100
AcDbAttributeDefinition
  3
Identificador en el modelo
  2
COMP_ID
 70
1
 71
1
 72
0
  0
ATTDEF
  5
3F6
330
3EF
100
AcDbEntity
  8
E-ANNO-TAGS
100
AcDbText
 10
0.0
 20
0.0
 30
0.0
 40
2.5
  1
IEC 60617 S00017
  7
PVSLD_STD
100
AcDbAttributeDefinition
  3
Referencia IEC 60617
  2
IEC_REF
 70
1
 71
1
 72
0
  0
ATTDEF
  5
3F7
330
3EF
100
AcDbEntity
  8
E-ANNO-TAGS
100
AcDbText
 10
0.0
 20
0.0
 30
0.0
 40
2.5
  1
NMX-J-136-ANCE-2019 4.2.140 (IEC S00017)
  7
PVSLD_STD
100
AcDbAttributeDefinition
  3
Referencia NMX-J-136-ANCE
  2
NMX_REF
 70
1
 71
1
 72
0
  0
ATTDEF
  5
3F8
330
3EF
100
AcDbEntity
  8
E-ANNO-TAGS
100
AcDbText
 10
0.0
 20
0.0
 30
0.0
 40
2.5
  1
NMX-J-136-ANCE-2019 4.2.140 (IEC S00017)
  7
PVSLD_STD
100
AcDbAttributeDefinition
  3
Norma de origen del símbolo
  2
SOURCE_STANDARD
 70
1
 71
1
 72
0
  0
ATTDEF
  5
3F9
330
3EF
100
AcDbEntity
  8
E-ANNO-TAGS
100
AcDbText
 10
0.0
 20
0.0
 30
0.0
 40
2.5
  1

  7
PVSLD_STD
100
AcDbAttributeDefinition
  3
Número de borne
  2
TERMINAL_NO
 70
1
 71
1
 72
0
  0
ENDBLK
  5
3F1
330
3EF
100
AcDbEntity
  8
0
100
AcDbBlockEnd
  0
BLOCK
  5
3FB
330
3FA
100
AcDbEntity
  8
0
100
AcDbBlockBegin
  2
PVSLD_CROSSING
 70
2
 10
0.0
 20
0.0
 30
0.0
  3
PVSLD_CROSSING
  1

  0
LINE
  5
3FD
330
3FA
100
AcDbEntity
  8
E-PVAC-COND
100
AcDbLine
 10
0.0
 20
0.0
 30
0.0
 11
10.0
 21
0.0
 31
0.0
  0
LINE
  5
3FE
330
3FA
100
AcDbEntity
  8
E-PVAC-COND
100
AcDbLine
 10
5.0
 20
5.0
 30
0.0
 11
5.0
 21
-5.0
 31
0.0
  0
ATTDEF
  5
3FF
330
3FA
100
AcDbEntity
  8
E-ANNO-TAGS
100
AcDbText
 10
0.0
 20
0.0
 30
0.0
 40
3.5
  1

  7
PVSLD_STD
100
AcDbAttributeDefinition
  3
Identificador
  2
TAG
 70
1
 71
1
 72
0
  0
ATTDEF
  5
400
330
3FA
100
AcDbEntity
  8
E-ANNO-TAGS
100
AcDbText
 10
0.0
 20
0.0
 30
0.0
 40
2.5
  1
Cruce de conductores sin conexión
  7
PVSLD_STD
100
AcDbAttributeDefinition
  3
Descripción
  2
DESC
 70
1
 71
1
 72
0
  0
ATTDEF
  5
401
330
3FA
100
AcDbEntity
  8
E-ANNO-TAGS
100
AcDbText
 10
0.0
 20
0.0
 30
0.0
 40
2.5
  1

  7
PVSLD_STD
100
AcDbAttributeDefinition
  3
Identificador en el modelo
  2
COMP_ID
 70
1
 71
1
 72
0
  0
ATTDEF
  5
402
330
3FA
100
AcDbEntity
  8
E-ANNO-TAGS
100
AcDbText
 10
0.0
 20
0.0
 30
0.0
 40
2.5
  1
-
  7
PVSLD_STD
100
AcDbAttributeDefinition
  3
Referencia IEC 60617
  2
IEC_REF
 70
1
 71
1
 72
0
  0
ATTDEF
  5
403
330
3FA
100
AcDbEntity
  8
E-ANNO-TAGS
100
AcDbText
 10
0.0
 20
0.0
 30
0.0
 40
2.5
  1
NMX-J-136-ANCE-2019 4.2.12
  7
PVSLD_STD
100
AcDbAttributeDefinition
  3
Referencia NMX-J-136-ANCE
  2
NMX_REF
 70
1
 71
1
 72
0
  0
ATTDEF
  5
404
330
3FA
100
AcDbEntity
  8
E-ANNO-TAGS
100
AcDbText
 10
0.0
 20
0.0
 30
0.0
 40
2.5
  1
NMX-J-136-ANCE-2019 4.2.12
  7
PVSLD_STD
100
AcDbAttributeDefinition
  3
Norma de origen del símbolo
  2
SOURCE_STANDARD
 70
1
 71
1
 72
0
  0
ENDBLK
  5
3FC
330
3FA
100
AcDbEntity
  8
0
100
AcDbBlockEnd
  0
BLOCK
  5
406
330
405
100
AcDbEntity
  8
0
100
AcDbBlockBegin
  2
PVSLD_JUNCTION
 70
2
 10
0.0
 20
0.0
 30
0.0
  3
PVSLD_JUNCTION
  1

  0
HATCH
  5
408
330
405
100
AcDbEntity
  8
E-PVDC-COND
100
AcDbHatch
 10
0.0
 20
0.0
 30
0.0
210
0.0
220
0.0
230
1.0
  2
SOLID
 70
1
 71
0
 91
1
 92
3
 72
1
 73
1
 93
2
 10
-1.0
 20
0.0
 42
1.0
 10
1.0
 20
0.0
 42
1.0
 97
0
 75
0
 76
1
 98
0
  0
ATTDEF
  5
409
330
405
100
AcDbEntity
  8
E-ANNO-TAGS
100
AcDbText
 10
0.0
 20
0.0
 30
0.0
 40
3.5
  1

  7
PVSLD_STD
100
AcDbAttributeDefinition
  3
Identificador
  2
TAG
 70
1
 71
1
 72
0
  0
ATTDEF
  5
40A
330
405
100
AcDbEntity
  8
E-ANNO-TAGS
100
AcDbText
 10
0.0
 20
0.0
 30
0.0
 40
2.5
  1
Unión de conductores (punto)
  7
PVSLD_STD
100
AcDbAttributeDefinition
  3
Descripción
  2
DESC
 70
1
 71
1
 72
0
  0
ATTDEF
  5
40B
330
405
100
AcDbEntity
  8
E-ANNO-TAGS
100
AcDbText
 10
0.0
 20
0.0
 30
0.0
 40
2.5
  1

  7
PVSLD_STD
100
AcDbAttributeDefinition
  3
Identificador en el modelo
  2
COMP_ID
 70
1
 71
1
 72
0
  0
ATTDEF
  5
40C
330
405
100
AcDbEntity
  8
E-ANNO-TAGS
100
AcDbText
 10
0.0
 20
0.0
 30
0.0
 40
2.5
  1
-
  7
PVSLD_STD
100
AcDbAttributeDefinition
  3
Referencia IEC 60617
  2
IEC_REF
 70
1
 71
1
 72
0
  0
ATTDEF
  5
40D
330
405
100
AcDbEntity
  8
E-ANNO-TAGS
100
AcDbText
 10
0.0
 20
0.0
 30
0.0
 40
2.5
  1
NMX-J-136-ANCE-2019 4.2.11
  7
PVSLD_STD
100
AcDbAttributeDefinition
  3
Referencia NMX-J-136-ANCE
  2
NMX_REF
 70
1
 71
1
 72
0
  0
ATTDEF
  5
40E
330
405
100
AcDbEntity
  8
E-ANNO-TAGS
100
AcDbText
 10
0.0
 20
0.0
 30
0.0
 40
2.5
  1
CFE G0100-04 Apéndice D
  7
PVSLD_STD
100
AcDbAttributeDefinition
  3
Norma de origen del símbolo
  2
SOURCE_STANDARD
 70
1
 71
1
 72
0
  0
ENDBLK
  5
407
330
405
100
AcDbEntity
  8
0
100
AcDbBlockEnd
  0
BLOCK
  5
410
330
40F
100
AcDbEntity
  8
0
100
AcDbBlockBegin
  2
PVSLD_COND_MARK
 70
2
 10
0.0
 20
0.0
 30
0.0
  3
PVSLD_COND_MARK
  1

  0
LINE
  5
412
330
40F
100
AcDbEntity
  8
E-ANNO-LABL
100
AcDbLine
 10
-2.5
 20
-2.5
 30
0.0
 11
0.0
 21
2.5
 31
0.0
  0
LINE
  5
413
330
40F
100
AcDbEntity
  8
E-ANNO-LABL
100
AcDbLine
 10
0.0
 20
-2.5
 30
0.0
 11
2.5
 21
2.5
 31
0.0
  0
ATTDEF
  5
414
330
40F
100
AcDbEntity
  8
E-ANNO-TAGS
100
AcDbText
 10
0.0
 20
0.0
 30
0.0
 40
3.5
  1

  7
PVSLD_STD
100
AcDbAttributeDefinition
  3
Identificador
  2
TAG
 70
1
 71
1
 72
0
  0
ATTDEF
  5
415
330
40F
100
AcDbEntity
  8
E-ANNO-TAGS
100
AcDbText
 10
0.0
 20
0.0
 30
0.0
 40
2.5
  1
Marca de número de conductores
  7
PVSLD_STD
100
AcDbAttributeDefinition
  3
Descripción
  2
DESC
 70
1
 71
1
 72
0
  0
ATTDEF
  5
416
330
40F
100
AcDbEntity
  8
E-ANNO-TAGS
100
AcDbText
 10
0.0
 20
0.0
 30
0.0
 40
2.5
  1

  7
PVSLD_STD
100
AcDbAttributeDefinition
  3
Identificador en el modelo
  2
COMP_ID
 70
1
 71
1
 72
0
  0
ATTDEF
  5
417
330
40F
100
AcDbEntity
  8
E-ANNO-TAGS
100
AcDbText
 10
0.0
 20
0.0
 30
0.0
 40
2.5
  1
-
  7
PVSLD_STD
100
AcDbAttributeDefinition
  3
Referencia IEC 60617
  2
IEC_REF
 70
1
 71
1
 72
0
  0
ATTDEF
  5
418
330
40F
100
AcDbEntity
  8
E-ANNO-TAGS
100
AcDbText
 10
0.0
 20
0.0
 30
0.0
 40
2.5
  1
NMX-J-136-ANCE-2019 4.2.131 (IEC S00002)
  7
PVSLD_STD
100
AcDbAttributeDefinition
  3
Referencia NMX-J-136-ANCE
  2
NMX_REF
 70
1
 71
1
 72
0
  0
ATTDEF
  5
419
330
40F
100
AcDbEntity
  8
E-ANNO-TAGS
100
AcDbText
 10
0.0
 20
0.0
 30
0.0
 40
2.5
  1
CFE G0100-04 Apéndice D
  7
PVSLD_STD
100
AcDbAttributeDefinition
  3
Norma de origen del símbolo
  2
SOURCE_STANDARD
 70
1
 71
1
 72
0
  0
ATTDEF
  5
41A
330
40F
100
AcDbEntity
  8
E-ANNO-TAGS
100
AcDbText
 10
-1.5
 20
4.0
 30
0.0
 40
2.5
  1

  7
PVSLD_STD
100
AcDbAttributeDefinition
  3
Número de conductores
  2
N_COND
 70
0
 71
1
 72
0
  0
ENDBLK
  5
411
330
40F
100
AcDbEntity
  8
0
100
AcDbBlockEnd
  0
BLOCK
  5
41C
330
41B
100
AcDbEntity
  8
0
100
AcDbBlockBegin
  2
PVSLD_POL_POS
 70
2
 10
0.0
 20
0.0
 30
0.0
  3
PVSLD_POL_POS
  1

  0
LINE
  5
41E
330
41B
100
AcDbEntity
  8
E-ANNO-LABL
100
AcDbLine
 10
-2.0
 20
0.0
 30
0.0
 11
2.0
 21
0.0
 31
0.0
  0
LINE
  5
41F
330
41B
100
AcDbEntity
  8
E-ANNO-LABL
100
AcDbLine
 10
0.0
 20
-2.0
 30
0.0
 11
0.0
 21
2.0
 31
0.0
  0
ATTDEF
  5
420
330
41B
100
AcDbEntity
  8
E-ANNO-TAGS
100
AcDbText
 10
0.0
 20
0.0
 30
0.0
 40
3.5
  1

  7
PVSLD_STD
100
AcDbAttributeDefinition
  3
Identificador
  2
TAG
 70
1
 71
1
 72
0
  0
ATTDEF
  5
421
330
41B
100
AcDbEntity
  8
E-ANNO-TAGS
100
AcDbText
 10
0.0
 20
0.0
 30
0.0
 40
2.5
  1
Polaridad positiva (+)
  7
PVSLD_STD
100
AcDbAttributeDefinition
  3
Descripción
  2
DESC
 70
1
 71
1
 72
0
  0
ATTDEF
  5
422
330
41B
100
AcDbEntity
  8
E-ANNO-TAGS
100
AcDbText
 10
0.0
 20
0.0
 30
0.0
 40
2.5
  1

  7
PVSLD_STD
100
AcDbAttributeDefinition
  3
Identificador en el modelo
  2
COMP_ID
 70
1
 71
1
 72
0
  0
ATTDEF
  5
423
330
41B
100
AcDbEntity
  8
E-ANNO-TAGS
100
AcDbText
 10
0.0
 20
0.0
 30
0.0
 40
2.5
  1
-
  7
PVSLD_STD
100
AcDbAttributeDefinition
  3
Referencia IEC 60617
  2
IEC_REF
 70
1
 71
1
 72
0
  0
ATTDEF
  5
424
330
41B
100
AcDbEntity
  8
E-ANNO-TAGS
100
AcDbText
 10
0.0
 20
0.0
 30
0.0
 40
2.5
  1
NMX-J-136-ANCE-2019 4.2.320
  7
PVSLD_STD
100
AcDbAttributeDefinition
  3
Referencia NMX-J-136-ANCE
  2
NMX_REF
 70
1
 71
1
 72
0
  0
ATTDEF
  5
425
330
41B
100
AcDbEntity
  8
E-ANNO-TAGS
100
AcDbText
 10
0.0
 20
0.0
 30
0.0
 40
2.5
  1
CFE G0100-04 Apéndice D
  7
PVSLD_STD
100
AcDbAttributeDefinition
  3
Norma de origen del símbolo
  2
SOURCE_STANDARD
 70
1
 71
1
 72
0
  0
ENDBLK
  5
41D
330
41B
100
AcDbEntity
  8
0
100
AcDbBlockEnd
  0
BLOCK
  5
427
330
426
100
AcDbEntity
  8
0
100
AcDbBlockBegin
  2
PVSLD_POL_NEG
 70
2
 10
0.0
 20
0.0
 30
0.0
  3
PVSLD_POL_NEG
  1

  0
LINE
  5
429
330
426
100
AcDbEntity
  8
E-ANNO-LABL
100
AcDbLine
 10
-2.0
 20
0.0
 30
0.0
 11
2.0
 21
0.0
 31
0.0
  0
ATTDEF
  5
42A
330
426
100
AcDbEntity
  8
E-ANNO-TAGS
100
AcDbText
 10
0.0
 20
0.0
 30
0.0
 40
3.5
  1

  7
PVSLD_STD
100
AcDbAttributeDefinition
  3
Identificador
  2
TAG
 70
1
 71
1
 72
0
  0
ATTDEF
  5
42B
330
426
100
AcDbEntity
  8
E-ANNO-TAGS
100
AcDbText
 10
0.0
 20
0.0
 30
0.0
 40
2.5
  1
Polaridad negativa (-)
  7
PVSLD_STD
100
AcDbAttributeDefinition
  3
Descripción
  2
DESC
 70
1
 71
1
 72
0
  0
ATTDEF
  5
42C
330
426
100
AcDbEntity
  8
E-ANNO-TAGS
100
AcDbText
 10
0.0
 20
0.0
 30
0.0
 40
2.5
  1

  7
PVSLD_STD
100
AcDbAttributeDefinition
  3
Identificador en el modelo
  2
COMP_ID
 70
1
 71
1
 72
0
  0
ATTDEF
  5
42D
330
426
100
AcDbEntity
  8
E-ANNO-TAGS
100
AcDbText
 10
0.0
 20
0.0
 30
0.0
 40
2.5
  1
-
  7
PVSLD_STD
100
AcDbAttributeDefinition
  3
Referencia IEC 60617
  2
IEC_REF
 70
1
 71
1
 72
0
  0
ATTDEF
  5
42E
330
426
100
AcDbEntity
  8
E-ANNO-TAGS
100
AcDbText
 10
0.0
 20
0.0
 30
0.0
 40
2.5
  1
NMX-J-136-ANCE-2019 4.2.321
  7
PVSLD_STD
100
AcDbAttributeDefinition
  3
Referencia NMX-J-136-ANCE
  2
NMX_REF
 70
1
 71
1
 72
0
  0
ATTDEF
  5
42F
330
426
100
AcDbEntity
  8
E-ANNO-TAGS
100
AcDbText
 10
0.0
 20
0.0
 30
0.0
 40
2.5
  1
CFE G0100-04 Apéndice D
  7
PVSLD_STD
100
AcDbAttributeDefinition
  3
Norma de origen del símbolo
  2
SOURCE_STANDARD
 70
1
 71
1
 72
0
  0
ENDBLK
  5
428
330
426
100
AcDbEntity
  8
0
100
AcDbBlockEnd
  0
BLOCK
  5
431
330
430
100
AcDbEntity
  8
0
100
AcDbBlockBegin
  2
PVSLD_ENCLOSURE
 70
2
 10
0.0
 20
0.0
 30
0.0
  3
PVSLD_ENCLOSURE
  1

  0
LWPOLYLINE
  5
433
330
430
100
AcDbEntity
  8
E-ANNO-ENCL
  6
DASHDOT_S
100
AcDbPolyline
 90
4
 70
1
 10
0.0
 20
-15.0
 10
40.0
 20
-15.0
 10
40.0
 20
15.0
 10
0.0
 20
15.0
  0
ATTDEF
  5
434
330
430
100
AcDbEntity
  8
E-ANNO-TAGS
100
AcDbText
 10
0.0
 20
18.0
 30
0.0
 40
3.5
  1

  7
PVSLD_STD
100
AcDbAttributeDefinition
  3
Identificador
  2
TAG
 70
0
 71
1
 72
0
  0
ATTDEF
  5
435
330
430
100
AcDbEntity
  8
E-ANNO-TAGS
100
AcDbText
 10
0.0
 20
-19.0
 30
0.0
 40
2.5
  1
Gabinete o estructura metálica
  7
PVSLD_STD
100
AcDbAttributeDefinition
  3
Descripción
  2
DESC
 70
0
 71
1
 72
0
  0
ATTDEF
  5
436
330
430
100
AcDbEntity
  8
E-ANNO-TAGS
100
AcDbText
 10
0.0
 20
0.0
 30
0.0
 40
2.5
  1

  7
PVSLD_STD
100
AcDbAttributeDefinition
  3
Identificador en el modelo
  2
COMP_ID
 70
1
 71
1
 72
0
  0
ATTDEF
  5
437
330
430
100
AcDbEntity
  8
E-ANNO-TAGS
100
AcDbText
 10
0.0
 20
0.0
 30
0.0
 40
2.5
  1
-
  7
PVSLD_STD
100
AcDbAttributeDefinition
  3
Referencia IEC 60617
  2
IEC_REF
 70
1
 71
1
 72
0
  0
ATTDEF
  5
438
330
430
100
AcDbEntity
  8
E-ANNO-TAGS
100
AcDbText
 10
0.0
 20
0.0
 30
0.0
 40
2.5
  1
NMX-J-136-ANCE (pendiente)
  7
PVSLD_STD
100
AcDbAttributeDefinition
  3
Referencia NMX-J-136-ANCE
  2
NMX_REF
 70
1
 71
1
 72
0
  0
ATTDEF
  5
439
330
430
100
AcDbEntity
  8
E-ANNO-TAGS
100
AcDbText
 10
0.0
 20
0.0
 30
0.0
 40
2.5
  1
CFE G0100-04 Apéndice C
  7
PVSLD_STD
100
AcDbAttributeDefinition
  3
Norma de origen del símbolo
  2
SOURCE_STANDARD
 70
1
 71
1
 72
0
  0
ATTDEF
  5
43A
330
430
100
AcDbEntity
  8
E-ANNO-TAGS
100
AcDbText
 10
0.0
 20
0.0
 30
0.0
 40
2.5
  1

  7
PVSLD_STD
100
AcDbAttributeDefinition
  3
Tipo de gabinete
  2
ENCL_TYPE
 70
1
 71
1
 72
0
  0
ENDBLK
  5
432
330
430
100
AcDbEntity
  8
0
100
AcDbBlockEnd
  0
BLOCK
  5
43C
330
43B
100
AcDbEntity
  8
0
100
AcDbBlockBegin
  2
PVSLD_BOUNDARY
 70
2
 10
0.0
 20
0.0
 30
0.0
  3
PVSLD_BOUNDARY
  1

  0
LINE
  5
43E
330
43B
100
AcDbEntity
  8
E-ANNO-ENCL
  6
DASHDOT2
100
AcDbLine
 10
0.0
 20
15.0
 30
0.0
 11
0.0
 21
-15.0
 31
0.0
  0
TEXT
  5
43F
330
43B
100
AcDbEntity
  8
E-ANNO-TAGS
100
AcDbText
 10
-9.5
 20
11.0
 30
0.0
 40
3.0
  1
CFE
  7
PVSLD_STD
 11
-9.5
 21
11.0
 31
0.0
100
AcDbText
  0
TEXT
  5
440
330
43B
100
AcDbEntity
  8
E-ANNO-TAGS
100
AcDbText
 10
2.0
 20
11.0
 30
0.0
 40
3.0
  1
USUARIO
  7
PVSLD_STD
 11
2.0
 21
11.0
 31
0.0
100
AcDbText
  0
ATTDEF
  5
441
330
43B
100
AcDbEntity
  8
E-ANNO-TAGS
100
AcDbText
 10
0.0
 20
0.0
 30
0.0
 40
3.5
  1

  7
PVSLD_STD
100
AcDbAttributeDefinition
  3
Identificador
  2
TAG
 70
1
 71
1
 72
0
  0
ATTDEF
  5
442
330
43B
100
AcDbEntity
  8
E-ANNO-TAGS
100
AcDbText
 10
0.0
 20
0.0
 30
0.0
 40
2.5
  1
Límite de responsabilidad CFE / usuario
  7
PVSLD_STD
100
AcDbAttributeDefinition
  3
Descripción
  2
DESC
 70
1
 71
1
 72
0
  0
ATTDEF
  5
443
330
43B
100
AcDbEntity
  8
E-ANNO-TAGS
100
AcDbText
 10
0.0
 20
0.0
 30
0.0
 40
2.5
  1

  7
PVSLD_STD
100
AcDbAttributeDefinition
  3
Identificador en el modelo
  2
COMP_ID
 70
1
 71
1
 72
0
  0
ATTDEF
  5
444
330
43B
100
AcDbEntity
  8
E-ANNO-TAGS
100
AcDbText
 10
0.0
 20
0.0
 30
0.0
 40
2.5
  1
-
  7
PVSLD_STD
100
AcDbAttributeDefinition
  3
Referencia IEC 60617
  2
IEC_REF
 70
1
 71
1
 72
0
  0
ATTDEF
  5
445
330
43B
100
AcDbEntity
  8
E-ANNO-TAGS
100
AcDbText
 10
0.0
 20
0.0
 30
0.0
 40
2.5
  1
NMX-J-136-ANCE (pendiente)
  7
PVSLD_STD
100
AcDbAttributeDefinition
  3
Referencia NMX-J-136-ANCE
  2
NMX_REF
 70
1
 71
1
 72
0
  0
ATTDEF
  5
446
330
43B
100
AcDbEntity
  8
E-ANNO-TAGS
100
AcDbText
 10
0.0
 20
0.0
 30
0.0
 40
2.5
  1
pvsld (composición); línea punto-punto-raya con los rótulos CFE y USUARIO
  7
PVSLD_STD
100
AcDbAttributeDefinition
  3
Norma de origen del símbolo
  2
SOURCE_STANDARD
 70
1
 71
1
 72
0
  0
ENDBLK
  5
43D
330
43B
100
AcDbEntity
  8
0
100
AcDbBlockEnd
  0
BLOCK
  5
448
330
447
100
AcDbEntity
  8
0
100
AcDbBlockBegin
  2
PVSLD_TTLB
 70
2
 10
0.0
 20
0.0
 30
0.0
  3
PVSLD_TTLB
  1

  0
LWPOLYLINE
  5
44A
330
447
100
AcDbEntity
  8
G-ANNO-TTLB
100
AcDbPolyline
 90
4
 70
1
 10
0.0
 20
0.0
 10
185.0
 20
0.0
 10
185.0
 20
60.0
 10
0.0
 20
60.0
  0
LINE
  5
44B
330
447
100
AcDbEntity
  8
G-ANNO-TTLB
370
25
100
AcDbLine
 10
0.0
 20
50.0
 30
0.0
 11
185.0
 21
50.0
 31
0.0
  0
LINE
  5
44C
330
447
100
AcDbEntity
  8
G-ANNO-TTLB
370
25
100
AcDbLine
 10
0.0
 20
40.0
 30
0.0
 11
185.0
 21
40.0
 31
0.0
  0
LINE
  5
44D
330
447
100
AcDbEntity
  8
G-ANNO-TTLB
370
25
100
AcDbLine
 10
0.0
 20
30.0
 30
0.0
 11
185.0
 21
30.0
 31
0.0
  0
LINE
  5
44E
330
447
100
AcDbEntity
  8
G-ANNO-TTLB
370
25
100
AcDbLine
 10
0.0
 20
20.0
 30
0.0
 11
185.0
 21
20.0
 31
0.0
  0
LINE
  5
44F
330
447
100
AcDbEntity
  8
G-ANNO-TTLB
370
25
100
AcDbLine
 10
0.0
 20
10.0
 30
0.0
 11
185.0
 21
10.0
 31
0.0
  0
TEXT
  5
450
330
447
100
AcDbEntity
  8
G-ANNO-TTLB
100
AcDbText
 10
1.5
 20
56.2
 30
0.0
 40
2.5
  1
PROYECTO
  7
PVSLD_STD
 11
1.5
 21
56.2
 31
0.0
100
AcDbText
  0
TEXT
  5
451
330
447
100
AcDbEntity
  8
G-ANNO-TTLB
100
AcDbText
 10
1.5
 20
46.2
 30
0.0
 40
2.5
  1
CLIENTE
  7
PVSLD_STD
 11
1.5
 21
46.2
 31
0.0
100
AcDbText
  0
TEXT
  5
452
330
447
100
AcDbEntity
  8
G-ANNO-TTLB
100
AcDbText
 10
81.5
 20
46.2
 30
0.0
 40
2.5
  1
UBICACIÓN
  7
PVSLD_STD
 11
81.5
 21
46.2
 31
0.0
100
AcDbText
  0
LINE
  5
453
330
447
100
AcDbEntity
  8
G-ANNO-TTLB
370
25
100
AcDbLine
 10
80.0
 20
50.0
 30
0.0
 11
80.0
 21
40.0
 31
0.0
  0
TEXT
  5
454
330
447
100
AcDbEntity
  8
G-ANNO-TTLB
100
AcDbText
 10
1.5
 20
36.2
 30
0.0
 40
2.5
  1
RPU
  7
PVSLD_STD
 11
1.5
 21
36.2
 31
0.0
100
AcDbText
  0
TEXT
  5
455
330
447
100
AcDbEntity
  8
G-ANNO-TTLB
100
AcDbText
 10
41.5
 20
36.2
 30
0.0
 40
2.5
  1
NÚM. DE SERVICIO
  7
PVSLD_STD
 11
41.5
 21
36.2
 31
0.0
100
AcDbText
  0
LINE
  5
456
330
447
100
AcDbEntity
  8
G-ANNO-TTLB
370
25
100
AcDbLine
 10
40.0
 20
40.0
 30
0.0
 11
40.0
 21
30.0
 31
0.0
  0
TEXT
  5
457
330
447
100
AcDbEntity
  8
G-ANNO-TTLB
100
AcDbText
 10
91.5
 20
36.2
 30
0.0
 40
2.5
  1
NÚM. DE MEDIDOR
  7
PVSLD_STD
 11
91.5
 21
36.2
 31
0.0
100
AcDbText
  0
LINE
  5
458
330
447
100
AcDbEntity
  8
G-ANNO-TTLB
370
25
100
AcDbLine
 10
90.0
 20
40.0
 30
0.0
 11
90.0
 21
30.0
 31
0.0
  0
TEXT
  5
459
330
447
100
AcDbEntity
  8
G-ANNO-TTLB
100
AcDbText
 10
136.5
 20
36.2
 30
0.0
 40
2.5
  1
TARIFA
  7
PVSLD_STD
 11
136.5
 21
36.2
 31
0.0
100
AcDbText
  0
LINE
  5
45A
330
447
100
AcDbEntity
  8
G-ANNO-TTLB
370
25
100
AcDbLine
 10
135.0
 20
40.0
 30
0.0
 11
135.0
 21
30.0
 31
0.0
  0
TEXT
  5
45B
330
447
100
AcDbEntity
  8
G-ANNO-TTLB
100
AcDbText
 10
156.5
 20
36.2
 30
0.0
 40
2.5
  1
TENSIÓN
  7
PVSLD_STD
 11
156.5
 21
36.2
 31
0.0
100
AcDbText
  0
LINE
  5
45C
330
447
100
AcDbEntity
  8
G-ANNO-TTLB
370
25
100
AcDbLine
 10
155.0
 20
40.0
 30
0.0
 11
155.0
 21
30.0
 31
0.0
  0
TEXT
  5
45D
330
447
100
AcDbEntity
  8
G-ANNO-TTLB
100
AcDbText
 10
1.5
 20
26.2
 30
0.0
 40
2.5
  1
CAPACIDAD
  7
PVSLD_STD
 11
1.5
 21
26.2
 31
0.0
100
AcDbText
  0
TEXT
  5
45E
330
447
100
AcDbEntity
  8
G-ANNO-TTLB
100
AcDbText
 10
47.5
 20
26.2
 30
0.0
 40
2.5
  1
RESPONSABLE
  7
PVSLD_STD
 11
47.5
 21
26.2
 31
0.0
100
AcDbText
  0
LINE
  5
45F
330
447
100
AcDbEntity
  8
G-ANNO-TTLB
370
25
100
AcDbLine
 10
46.0
 20
30.0
 30
0.0
 11
46.0
 21
20.0
 31
0.0
  0
TEXT
  5
460
330
447
100
AcDbEntity
  8
G-ANNO-TTLB
100
AcDbText
 10
105.5
 20
26.2
 30
0.0
 40
2.5
  1
CÉDULA PROF.
  7
PVSLD_STD
 11
105.5
 21
26.2
 31
0.0
100
AcDbText
  0
LINE
  5
461
330
447
100
AcDbEntity
  8
G-ANNO-TTLB
370
25
100
AcDbLine
 10
104.0
 20
30.0
 30
0.0
 11
104.0
 21
20.0
 31
0.0
  0
TEXT
  5
462
330
447
100
AcDbEntity
  8
G-ANNO-TTLB
100
AcDbText
 10
139.5
 20
26.2
 30
0.0
 40
2.5
  1
UVIE
  7
PVSLD_STD
 11
139.5
 21
26.2
 31
0.0
100
AcDbText
  0
LINE
  5
463
330
447
100
AcDbEntity
  8
G-ANNO-TTLB
370
25
100
AcDbLine
 10
138.0
 20
30.0
 30
0.0
 11
138.0
 21
20.0
 31
0.0
  0
TEXT
  5
464
330
447
100
AcDbEntity
  8
G-ANNO-TTLB
100
AcDbText
 10
164.5
 20
26.2
 30
0.0
 40
2.5
  1
FECHA
  7
PVSLD_STD
 11
164.5
 21
26.2
 31
0.0
100
AcDbText
  0
LINE
  5
465
330
447
100
AcDbEntity
  8
G-ANNO-TTLB
370
25
100
AcDbLine
 10
163.0
 20
30.0
 30
0.0
 11
163.0
 21
20.0
 31
0.0
  0
TEXT
  5
466
330
447
100
AcDbEntity
  8
G-ANNO-TTLB
100
AcDbText
 10
1.5
 20
16.2
 30
0.0
 40
2.5
  1
EMPRESA
  7
PVSLD_STD
 11
1.5
 21
16.2
 31
0.0
100
AcDbText
  0
TEXT
  5
467
330
447
100
AcDbEntity
  8
G-ANNO-TTLB
100
AcDbText
 10
71.5
 20
16.2
 30
0.0
 40
2.5
  1
DIBUJÓ
  7
PVSLD_STD
 11
71.5
 21
16.2
 31
0.0
100
AcDbText
  0
LINE
  5
468
330
447
100
AcDbEntity
  8
G-ANNO-TTLB
370
25
100
AcDbLine
 10
70.0
 20
20.0
 30
0.0
 11
70.0
 21
10.0
 31
0.0
  0
TEXT
  5
469
330
447
100
AcDbEntity
  8
G-ANNO-TTLB
100
AcDbText
 10
93.5
 20
16.2
 30
0.0
 40
2.5
  1
REVISÓ
  7
PVSLD_STD
 11
93.5
 21
16.2
 31
0.0
100
AcDbText
  0
LINE
  5
46A
330
447
100
AcDbEntity
  8
G-ANNO-TTLB
370
25
100
AcDbLine
 10
92.0
 20
20.0
 30
0.0
 11
92.0
 21
10.0
 31
0.0
  0
TEXT
  5
46B
330
447
100
AcDbEntity
  8
G-ANNO-TTLB
100
AcDbText
 10
115.5
 20
16.2
 30
0.0
 40
2.5
  1
APROBÓ
  7
PVSLD_STD
 11
115.5
 21
16.2
 31
0.0
100
AcDbText
  0
LINE
  5
46C
330
447
100
AcDbEntity
  8
G-ANNO-TTLB
370
25
100
AcDbLine
 10
114.0
 20
20.0
 30
0.0
 11
114.0
 21
10.0
 31
0.0
  0
TEXT
  5
46D
330
447
100
AcDbEntity
  8
G-ANNO-TTLB
100
AcDbText
 10
137.5
 20
16.2
 30
0.0
 40
2.5
  1
NORMA
  7
PVSLD_STD
 11
137.5
 21
16.2
 31
0.0
100
AcDbText
  0
LINE
  5
46E
330
447
100
AcDbEntity
  8
G-ANNO-TTLB
370
25
100
AcDbLine
 10
136.0
 20
20.0
 30
0.0
 11
136.0
 21
10.0
 31
0.0
  0
TEXT
  5
46F
330
447
100
AcDbEntity
  8
G-ANNO-TTLB
100
AcDbText
 10
1.5
 20
6.2
 30
0.0
 40
2.5
  1
TÍTULO DEL PLANO
  7
PVSLD_STD
 11
1.5
 21
6.2
 31
0.0
100
AcDbText
  0
TEXT
  5
470
330
447
100
AcDbEntity
  8
G-ANNO-TTLB
100
AcDbText
 10
86.5
 20
6.2
 30
0.0
 40
2.5
  1
PLANO NÚM.
  7
PVSLD_STD
 11
86.5
 21
6.2
 31
0.0
100
AcDbText
  0
LINE
  5
471
330
447
100
AcDbEntity
  8
G-ANNO-TTLB
370
25
100
AcDbLine
 10
85.0
 20
10.0
 30
0.0
 11
85.0
 21
0.0
 31
0.0
  0
TEXT
  5
472
330
447
100
AcDbEntity
  8
G-ANNO-TTLB
100
AcDbText
 10
114.5
 20
6.2
 30
0.0
 40
2.5
  1
HOJA
  7
PVSLD_STD
 11
114.5
 21
6.2
 31
0.0
100
AcDbText
  0
LINE
  5
473
330
447
100
AcDbEntity
  8
G-ANNO-TTLB
370
25
100
AcDbLine
 10
113.0
 20
10.0
 30
0.0
 11
113.0
 21
0.0
 31
0.0
  0
TEXT
  5
474
330
447
100
AcDbEntity
  8
G-ANNO-TTLB
100
AcDbText
 10
136.5
 20
6.2
 30
0.0
 40
2.5
  1
REV.
  7
PVSLD_STD
 11
136.5
 21
6.2
 31
0.0
100
AcDbText
  0
LINE
  5
475
330
447
100
AcDbEntity
  8
G-ANNO-TTLB
370
25
100
AcDbLine
 10
135.0
 20
10.0
 30
0.0
 11
135.0
 21
0.0
 31
0.0
  0
TEXT
  5
476
330
447
100
AcDbEntity
  8
G-ANNO-TTLB
100
AcDbText
 10
151.5
 20
6.2
 30
0.0
 40
2.5
  1
ESCALA
  7
PVSLD_STD
 11
151.5
 21
6.2
 31
0.0
100
AcDbText
  0
LINE
  5
477
330
447
100
AcDbEntity
  8
G-ANNO-TTLB
370
25
100
AcDbLine
 10
150.0
 20
10.0
 30
0.0
 11
150.0
 21
0.0
 31
0.0
  0
ATTDEF
  5
478
330
447
100
AcDbEntity
  8
G-ANNO-TTLB
100
AcDbText
 10
1.5
 20
51.2
 30
0.0
 40
3.5
  1

  7
PVSLD_STD
100
AcDbAttributeDefinition
  3
Proyecto
  2
PROYECTO
 70
0
 71
1
 72
0
  0
ATTDEF
  5
479
330
447
100
AcDbEntity
  8
G-ANNO-TTLB
100
AcDbText
 10
1.5
 20
41.2
 30
0.0
 40
2.5
  1

  7
PVSLD_STD
100
AcDbAttributeDefinition
  3
Cliente
  2
CLIENTE
 70
0
 71
1
 72
0
  0
ATTDEF
  5
47A
330
447
100
AcDbEntity
  8
G-ANNO-TTLB
100
AcDbText
 10
81.5
 20
41.2
 30
0.0
 40
2.5
  1

  7
PVSLD_STD
100
AcDbAttributeDefinition
  3
Ubicación
  2
UBICACION
 70
0
 71
1
 72
0
  0
ATTDEF
  5
47B
330
447
100
AcDbEntity
  8
G-ANNO-TTLB
100
AcDbText
 10
1.5
 20
31.2
 30
0.0
 40
2.5
  1

  7
PVSLD_STD
100
AcDbAttributeDefinition
  3
Rpu
  2
RPU
 70
0
 71
1
 72
0
  0
ATTDEF
  5
47C
330
447
100
AcDbEntity
  8
G-ANNO-TTLB
100
AcDbText
 10
41.5
 20
31.2
 30
0.0
 40
2.5
  1

  7
PVSLD_STD
100
AcDbAttributeDefinition
  3
Núm. De Servicio
  2
NUM_SERVICIO
 70
0
 71
1
 72
0
  0
ATTDEF
  5
47D
330
447
100
AcDbEntity
  8
G-ANNO-TTLB
100
AcDbText
 10
91.5
 20
31.2
 30
0.0
 40
2.5
  1

  7
PVSLD_STD
100
AcDbAttributeDefinition
  3
Núm. De Medidor
  2
NUM_MEDIDOR
 70
0
 71
1
 72
0
  0
ATTDEF
  5
47E
330
447
100
AcDbEntity
  8
G-ANNO-TTLB
100
AcDbText
 10
136.5
 20
31.2
 30
0.0
 40
2.5
  1

  7
PVSLD_STD
100
AcDbAttributeDefinition
  3
Tarifa
  2
TARIFA
 70
0
 71
1
 72
0
  0
ATTDEF
  5
47F
330
447
100
AcDbEntity
  8
G-ANNO-TTLB
100
AcDbText
 10
156.5
 20
31.2
 30
0.0
 40
2.5
  1

  7
PVSLD_STD
100
AcDbAttributeDefinition
  3
Tensión
  2
TENSION_SUMINISTRO
 70
0
 71
1
 72
0
  0
ATTDEF
  5
480
330
447
100
AcDbEntity
  8
G-ANNO-TTLB
100
AcDbText
 10
1.5
 20
21.2
 30
0.0
 40
2.5
  1

  7
PVSLD_STD
100
AcDbAttributeDefinition
  3
Capacidad
  2
CAPACIDAD
 70
0
 71
1
 72
0
  0
ATTDEF
  5
481
330
447
100
AcDbEntity
  8
G-ANNO-TTLB
100
AcDbText
 10
47.5
 20
21.2
 30
0.0
 40
2.5
  1

  7
PVSLD_STD
100
AcDbAttributeDefinition
  3
Responsable
  2
RESPONSABLE
 70
0
 71
1
 72
0
  0
ATTDEF
  5
482
330
447
100
AcDbEntity
  8
G-ANNO-TTLB
100
AcDbText
 10
105.5
 20
21.2
 30
0.0
 40
2.5
  1

  7
PVSLD_STD
100
AcDbAttributeDefinition
  3
Cédula Prof.
  2
CEDULA
 70
0
 71
1
 72
0
  0
ATTDEF
  5
483
330
447
100
AcDbEntity
  8
G-ANNO-TTLB
100
AcDbText
 10
139.5
 20
21.2
 30
0.0
 40
2.5
  1

  7
PVSLD_STD
100
AcDbAttributeDefinition
  3
Uvie
  2
UVIE
 70
0
 71
1
 72
0
  0
ATTDEF
  5
484
330
447
100
AcDbEntity
  8
G-ANNO-TTLB
100
AcDbText
 10
164.5
 20
21.2
 30
0.0
 40
2.5
  1

  7
PVSLD_STD
100
AcDbAttributeDefinition
  3
Fecha
  2
FECHA
 70
0
 71
1
 72
0
  0
ATTDEF
  5
485
330
447
100
AcDbEntity
  8
G-ANNO-TTLB
100
AcDbText
 10
1.5
 20
11.2
 30
0.0
 40
2.5
  1

  7
PVSLD_STD
100
AcDbAttributeDefinition
  3
Empresa
  2
EMPRESA
 70
0
 71
1
 72
0
  0
ATTDEF
  5
486
330
447
100
AcDbEntity
  8
G-ANNO-TTLB
100
AcDbText
 10
71.5
 20
11.2
 30
0.0
 40
2.5
  1

  7
PVSLD_STD
100
AcDbAttributeDefinition
  3
Dibujó
  2
DIBUJO
 70
0
 71
1
 72
0
  0
ATTDEF
  5
487
330
447
100
AcDbEntity
  8
G-ANNO-TTLB
100
AcDbText
 10
93.5
 20
11.2
 30
0.0
 40
2.5
  1

  7
PVSLD_STD
100
AcDbAttributeDefinition
  3
Revisó
  2
REVISO
 70
0
 71
1
 72
0
  0
ATTDEF
  5
488
330
447
100
AcDbEntity
  8
G-ANNO-TTLB
100
AcDbText
 10
115.5
 20
11.2
 30
0.0
 40
2.5
  1

  7
PVSLD_STD
100
AcDbAttributeDefinition
  3
Aprobó
  2
APROBO
 70
0
 71
1
 72
0
  0
ATTDEF
  5
489
330
447
100
AcDbEntity
  8
G-ANNO-TTLB
100
AcDbText
 10
137.5
 20
11.2
 30
0.0
 40
2.5
  1

  7
PVSLD_STD
100
AcDbAttributeDefinition
  3
Norma
  2
NORMA
 70
0
 71
1
 72
0
  0
ATTDEF
  5
48A
330
447
100
AcDbEntity
  8
G-ANNO-TTLB
100
AcDbText
 10
1.5
 20
1.1999999999999993
 30
0.0
 40
3.5
  1

  7
PVSLD_STD
100
AcDbAttributeDefinition
  3
Título Del Plano
  2
TITULO
 70
0
 71
1
 72
0
  0
ATTDEF
  5
48B
330
447
100
AcDbEntity
  8
G-ANNO-TTLB
100
AcDbText
 10
86.5
 20
1.1999999999999993
 30
0.0
 40
3.5
  1

  7
PVSLD_STD
100
AcDbAttributeDefinition
  3
Plano Núm.
  2
PLANO_NO
 70
0
 71
1
 72
0
  0
ATTDEF
  5
48C
330
447
100
AcDbEntity
  8
G-ANNO-TTLB
100
AcDbText
 10
114.5
 20
1.1999999999999993
 30
0.0
 40
2.5
  1

  7
PVSLD_STD
100
AcDbAttributeDefinition
  3
Hoja
  2
HOJA
 70
0
 71
1
 72
0
  0
ATTDEF
  5
48D
330
447
100
AcDbEntity
  8
G-ANNO-TTLB
100
AcDbText
 10
136.5
 20
1.1999999999999993
 30
0.0
 40
3.5
  1

  7
PVSLD_STD
100
AcDbAttributeDefinition
  3
Rev.
  2
REV
 70
0
 71
1
 72
0
  0
ATTDEF
  5
48E
330
447
100
AcDbEntity
  8
G-ANNO-TTLB
100
AcDbText
 10
151.5
 20
1.1999999999999993
 30
0.0
 40
2.5
  1

  7
PVSLD_STD
100
AcDbAttributeDefinition
  3
Escala
  2
ESCALA
 70
0
 71
1
 72
0
  0
ATTDEF
  5
48F
330
447
100
AcDbEntity
  8
G-ANNO-TTLB
100
AcDbText
 10
0.0
 20
0.0
 30
0.0
 40
3.5
  1

  7
PVSLD_STD
100
AcDbAttributeDefinition
  3
Identificador
  2
TAG
 70
1
 71
1
 72
0
  0
ATTDEF
  5
490
330
447
100
AcDbEntity
  8
G-ANNO-TTLB
100
AcDbText
 10
0.0
 20
0.0
 30
0.0
 40
2.5
  1
Cuadro de datos del plano (pie de plano)
  7
PVSLD_STD
100
AcDbAttributeDefinition
  3
Descripción
  2
DESC
 70
1
 71
1
 72
0
  0
ATTDEF
  5
491
330
447
100
AcDbEntity
  8
G-ANNO-TTLB
100
AcDbText
 10
0.0
 20
0.0
 30
0.0
 40
2.5
  1

  7
PVSLD_STD
100
AcDbAttributeDefinition
  3
Identificador en el modelo
  2
COMP_ID
 70
1
 71
1
 72
0
  0
ATTDEF
  5
492
330
447
100
AcDbEntity
  8
G-ANNO-TTLB
100
AcDbText
 10
0.0
 20
0.0
 30
0.0
 40
2.5
  1
-
  7
PVSLD_STD
100
AcDbAttributeDefinition
  3
Referencia IEC 60617
  2
IEC_REF
 70
1
 71
1
 72
0
  0
ATTDEF
  5
493
330
447
100
AcDbEntity
  8
G-ANNO-TTLB
100
AcDbText
 10
0.0
 20
0.0
 30
0.0
 40
2.5
  1
NMX-J-136-ANCE Sección 5
  7
PVSLD_STD
100
AcDbAttributeDefinition
  3
Referencia NMX-J-136-ANCE
  2
NMX_REF
 70
1
 71
1
 72
0
  0
ATTDEF
  5
494
330
447
100
AcDbEntity
  8
G-ANNO-TTLB
100
AcDbText
 10
0.0
 20
0.0
 30
0.0
 40
2.5
  1
pvsld (sin símbolo en CFE G0100-04 ni IEC 60617)
  7
PVSLD_STD
100
AcDbAttributeDefinition
  3
Norma de origen del símbolo
  2
SOURCE_STANDARD
 70
1
 71
1
 72
0
  0
ENDBLK
  5
449
330
447
100
AcDbEntity
  8
0
100
AcDbBlockEnd
  0
BLOCK
  5
582
330
581
100
AcDbEntity
  8
0
100
AcDbBlockBegin
  2
*Paper_Space0
 70
0
 10
0.0
 20
0.0
 30
0.0
  3
*Paper_Space0
  1

  0
VIEWPORT
  5
585
330
581
100
AcDbEntity
 67
1
  8
0
100
AcDbViewport
 10
210.0
 20
148.5
 30
0.0
 40
462.00000000000006
 41
326.70000000000005
 68
1
 69
1
 12
210.0
 22
148.5
 13
0.0
 23
0.0
 14
10.0
 24
10.0
 15
10.0
 25
10.0
 16
0.0
 26
0.0
 36
1.0
 17
0.0
 27
0.0
 37
0.0
 42
50.0
 43
0.0
 44
0.0
 45
326.70000000000005
 50
0.0
 51
0.0
 72
100
 90
557088
  1

281
0
 71
0
 74
0
110
0.0
120
0.0
130
0.0
111
1.0
121
0.0
131
0.0
112
0.0
122
1.0
132
0.0
 79
0
146
0.0
282
0
  0
LWPOLYLINE
  5
586
330
581
100
AcDbEntity
 67
1
  8
G-ANNO-TTLB
370
70
100
AcDbPolyline
 90
4
 70
1
 10
10.0
 20
10.0
 10
410.0
 20
10.0
 10
410.0
 20
287.0
 10
10.0
 20
287.0
  0
TEXT
  5
587
330
581
100
AcDbEntity
 67
1
  8
G-ANNO-TTLB
100
AcDbText
 10
15.0
 20
277.0
 30
0.0
 40
6.0
  1
SIMBOLOGÍA — DIAGRAMAS UNIFILARES FOTOVOLTAICOS
  7
PVSLD_STD
 11
15.0
 21
277.0
 31
0.0
100
AcDbText
  0
TEXT
  5
588
330
581
100
AcDbEntity
 67
1
  8
E-ANNO-NOTE
100
AcDbText
 10
15.0
 20
269.0
 30
0.0
 40
3.5
  1
Biblioteca de símbolos pvsld v0.6.0 — 57 bloques — hoja 2 de 3 — DXF R2018
  7
PVSLD_STD
 11
15.0
 21
269.0
 31
0.0
100
AcDbText
  0
LWPOLYLINE
  5
589
330
581
100
AcDbEntity
 67
1
  8
E-ANNO-TABL
100
AcDbPolyline
 90
4
 70
1
 10
15.0
 20
263.0
 10
205.0
 20
263.0
 10
205.0
 20
61.0
 10
15.0
 20
61.0
  0
LINE
  5
58A
330
581
100
AcDbEntity
 67
1
  8
E-ANNO-TABL
100
AcDbLine
 10
15.0
 20
255.0
 30
0.0
 11
205.0
 21
255.0
 31
0.0
  0
TEXT
  5
58B
330
581
100
AcDbEntity
 67
1
  8
E-ANNO-NOTE
100
AcDbText
 10
18.0
 20
257.5
 30
0.0
 40
3.5
  1
Símbolo
  7
PVSLD_STD
 11
18.0
 21
257.5
 31
0.0
100
AcDbText
  0
TEXT
  5
58C
330
581
100
AcDbEntity
 67
1
  8
E-ANNO-NOTE
100
AcDbText
 10
60.0
 20
257.5
 30
0.0
 40
3.5
  1
Designación
  7
PVSLD_STD
 11
60.0
 21
257.5
 31
0.0
100
AcDbText
  0
TEXT
  5
58D
330
581
100
AcDbEntity
 67
1
  8
E-ANNO-NOTE
100
AcDbText
 10
134.0
 20
257.5
 30
0.0
 40
3.5
  1
Fuente
  7
PVSLD_STD
 11
134.0
 21
257.5
 31
0.0
100
AcDbText
  0
LINE
  5
58E
330
581
100
AcDbEntity
 67
1
  8
E-ANNO-TABL
100
AcDbLine
 10
15.0
 20
248.0
 30
0.0
 11
205.0
 21
248.0
 31
0.0
  0
TEXT
  5
58F
330
581
100
AcDbEntity
 67
1
  8
E-ANNO-NOTE
100
AcDbText
 10
18.0
 20
250.0
 30
0.0
 40
3.5
  1
SECCIONAMIENTO Y MANIOBRA
  7
PVSLD_STD
 11
18.0
 21
250.0
 31
0.0
100
AcDbText
  0
LINE
  5
590
330
581
100
AcDbEntity
 67
1
  8
E-ANNO-TABL
100
AcDbLine
 10
15.0
 20
230.0
 30
0.0
 11
205.0
 21
230.0
 31
0.0
  0
LINE
  5
591
330
581
100
AcDbEntity
 67
1
  8
E-ANNO-TABL
100
AcDbLine
 10
57.0
 20
248.0
 30
0.0
 11
57.0
 21
230.0
 31
0.0
  0
LINE
  5
592
330
581
100
AcDbEntity
 67
1
  8
E-ANNO-TABL
100
AcDbLine
 10
131.0
 20
248.0
 30
0.0
 11
131.0
 21
230.0
 31
0.0
  0
INSERT
  5
593
330
581
100
AcDbEntity
 67
1
  8
E-ANNO-NOTE
100
AcDbBlockReference
  2
PVSLD_SWITCH
 10
27.6625
 20
238.1662
 30
0.0
 41
0.667
 42
0.667
 43
0.667
  0
TEXT
  5
595
330
581
100
AcDbEntity
 67
1
  8
E-ANNO-NOTE
100
AcDbText
 10
60.0
 20
242.0
 30
0.0
 40
3.2
  1
Interruptor manual
  7
PVSLD_STD
 11
60.0
 21
242.0
 31
0.0
100
AcDbText
  0
TEXT
  5
596
330
581
100
AcDbEntity
 67
1
  8
E-ANNO-NOTE
100
AcDbText
 10
60.0
 20
237.4
 30
0.0
 40
2.2
  1
PVSLD_SWITCH
  7
PVSLD_STD
 11
60.0
 21
237.4
 31
0.0
100
AcDbText
  0
TEXT
  5
597
330
581
100
AcDbEntity
 67
1
  8
E-ANNO-NOTE
100
AcDbText
 10
134.0
 20
242.0
 30
0.0
 40
2.4
  1
CFE G0100-04 Apéndice C
  7
PVSLD_STD
 11
134.0
 21
242.0
 31
0.0
100
AcDbText
  0
LINE
  5
598
330
581
100
AcDbEntity
 67
1
  8
E-ANNO-TABL
100
AcDbLine
 10
15.0
 20
212.0
 30
0.0
 11
205.0
 21
212.0
 31
0.0
  0
LINE
  5
599
330
581
100
AcDbEntity
 67
1
  8
E-ANNO-TABL
100
AcDbLine
 10
57.0
 20
230.0
 30
0.0
 11
57.0
 21
212.0
 31
0.0
  0
LINE
  5
59A
330
581
100
AcDbEntity
 67
1
  8
E-ANNO-TABL
100
AcDbLine
 10
131.0
 20
230.0
 30
0.0
 11
131.0
 21
212.0
 31
0.0
  0
INSERT
  5
59B
330
581
100
AcDbEntity
 67
1
  8
E-ANNO-NOTE
100
AcDbBlockReference
  2
PVSLD_DC_DISCONNECT
 10
27.6625
 20
220.1662
 30
0.0
 41
0.667
 42
0.667
 43
0.667
  0
TEXT
  5
59D
330
581
100
AcDbEntity
 67
1
  8
E-ANNO-NOTE
100
AcDbText
 10
60.0
 20
224.0
 30
0.0
 40
3.2
  1
Desconectador de CD
  7
PVSLD_STD
 11
60.0
 21
224.0
 31
0.0
100
AcDbText
  0
TEXT
  5
59E
330
581
100
AcDbEntity
 67
1
  8
E-ANNO-NOTE
100
AcDbText
 10
60.0
 20
219.6
 30
0.0
 40
3.2
  1
(interruptor manual con
  7
PVSLD_STD
 11
60.0
 21
219.6
 31
0.0
100
AcDbText
  0
TEXT
  5
59F
330
581
100
AcDbEntity
 67
1
  8
E-ANNO-NOTE
100
AcDbText
 10
60.0
 20
215.2
 30
0.0
 40
3.2
  1
carga)
  7
PVSLD_STD
 11
60.0
 21
215.2
 31
0.0
100
AcDbText
  0
TEXT
  5
5A0
330
581
100
AcDbEntity
 67
1
  8
E-ANNO-NOTE
100
AcDbText
 10
60.0
 20
210.6
 30
0.0
 40
2.2
  1
PVSLD_DC_DISCONNECT
  7
PVSLD_STD
 11
60.0
 21
210.6
 31
0.0
100
AcDbText
  0
TEXT
  5
5A1
330
581
100
AcDbEntity
 67
1
  8
E-ANNO-NOTE
100
AcDbText
 10
134.0
 20
224.0
 30
0.0
 40
2.4
  1
CFE G0100-04 Apéndice C (interruptor
  7
PVSLD_STD
 11
134.0
 21
224.0
 31
0.0
100
AcDbText
  0
TEXT
  5
5A2
330
581
100
AcDbEntity
 67
1
  8
E-ANNO-NOTE
100
AcDbText
 10
134.0
 20
220.5
 30
0.0
 40
2.4
  1
manual), usado como desconectador de
  7
PVSLD_STD
 11
134.0
 21
220.5
 31
0.0
100
AcDbText
  0
TEXT
  5
5A3
330
581
100
AcDbEntity
 67
1
  8
E-ANNO-NOTE
100
AcDbText
 10
134.0
 20
217.0
 30
0.0
 40
2.4
  1
CD en Apéndice D, fig. D1
  7
PVSLD_STD
 11
134.0
 21
217.0
 31
0.0
100
AcDbText
  0
LINE
  5
5A4
330
581
100
AcDbEntity
 67
1
  8
E-ANNO-TABL
100
AcDbLine
 10
15.0
 20
194.0
 30
0.0
 11
205.0
 21
194.0
 31
0.0
  0
LINE
  5
5A5
330
581
100
AcDbEntity
 67
1
  8
E-ANNO-TABL
100
AcDbLine
 10
57.0
 20
212.0
 30
0.0
 11
57.0
 21
194.0
 31
0.0
  0
LINE
  5
5A6
330
581
100
AcDbEntity
 67
1
  8
E-ANNO-TABL
100
AcDbLine
 10
131.0
 20
212.0
 30
0.0
 11
131.0
 21
194.0
 31
0.0
  0
INSERT
  5
5A7
330
581
100
AcDbEntity
 67
1
  8
E-ANNO-NOTE
100
AcDbBlockReference
  2
PVSLD_FUSE_DISC
 10
23.5
 20
204.5
 30
0.0
  0
TEXT
  5
5A9
330
581
100
AcDbEntity
 67
1
  8
E-ANNO-NOTE
100
AcDbText
 10
60.0
 20
206.0
 30
0.0
 40
3.2
  1
Fusible-seccionador
  7
PVSLD_STD
 11
60.0
 21
206.0
 31
0.0
100
AcDbText
  0
TEXT
  5
5AA
330
581
100
AcDbEntity
 67
1
  8
E-ANNO-NOTE
100
AcDbText
 10
60.0
 20
201.4
 30
0.0
 40
2.2
  1
PVSLD_FUSE_DISC
  7
PVSLD_STD
 11
60.0
 21
201.4
 31
0.0
100
AcDbText
  0
TEXT
  5
5AB
330
581
100
AcDbEntity
 67
1
  8
E-ANNO-NOTE
100
AcDbText
 10
134.0
 20
206.0
 30
0.0
 40
2.4
  1
NMX-J-136-ANCE-2019 4.2.176 (FUS-
  7
PVSLD_STD
 11
134.0
 21
206.0
 31
0.0
100
AcDbText
  0
TEXT
  5
5AC
330
581
100
AcDbEntity
 67
1
  8
E-ANNO-NOTE
100
AcDbText
 10
134.0
 20
202.5
 30
0.0
 40
2.4
  1
SECC, IEC S00369)
  7
PVSLD_STD
 11
134.0
 21
202.5
 31
0.0
100
AcDbText
  0
LINE
  5
5AD
330
581
100
AcDbEntity
 67
1
  8
E-ANNO-TABL
100
AcDbLine
 10
15.0
 20
176.0
 30
0.0
 11
205.0
 21
176.0
 31
0.0
  0
LINE
  5
5AE
330
581
100
AcDbEntity
 67
1
  8
E-ANNO-TABL
100
AcDbLine
 10
57.0
 20
194.0
 30
0.0
 11
57.0
 21
176.0
 31
0.0
  0
LINE
  5
5AF
330
581
100
AcDbEntity
 67
1
  8
E-ANNO-TABL
100
AcDbLine
 10
131.0
 20
194.0
 30
0.0
 11
131.0
 21
176.0
 31
0.0
  0
INSERT
  5
5B0
330
581
100
AcDbEntity
 67
1
  8
E-ANNO-NOTE
100
AcDbBlockReference
  2
PVSLD_SAFETY_SWITCH
 10
21.0
 20
185.0
 30
0.0
  0
TEXT
  5
5B2
330
581
100
AcDbEntity
 67
1
  8
E-ANNO-NOTE
100
AcDbText
 10
60.0
 20
188.0
 30
0.0
 40
3.2
  1
Interruptor de seguridad
  7
PVSLD_STD
 11
60.0
 21
188.0
 31
0.0
100
AcDbText
  0
TEXT
  5
5B3
330
581
100
AcDbEntity
 67
1
  8
E-ANNO-NOTE
100
AcDbText
 10
60.0
 20
183.6
 30
0.0
 40
3.2
  1
con fusibles (CA)
  7
PVSLD_STD
 11
60.0
 21
183.6
 31
0.0
100
AcDbText
  0
TEXT
  5
5B4
330
581
100
AcDbEntity
 67
1
  8
E-ANNO-NOTE
100
AcDbText
 10
60.0
 20
179.0
 30
0.0
 40
2.2
  1
PVSLD_SAFETY_SWITCH
  7
PVSLD_STD
 11
60.0
 21
179.0
 31
0.0
100
AcDbText
  0
TEXT
  5
5B5
330
581
100
AcDbEntity
 67
1
  8
E-ANNO-NOTE
100
AcDbText
 10
134.0
 20
188.0
 30
0.0
 40
2.4
  1
NMX-J-136-ANCE-2019 4.2.128 (IS,
  7
PVSLD_STD
 11
134.0
 21
188.0
 31
0.0
100
AcDbText
  0
TEXT
  5
5B6
330
581
100
AcDbEntity
 67
1
  8
E-ANNO-NOTE
100
AcDbText
 10
134.0
 20
184.5
 30
0.0
 40
2.4
  1
forma unifilar)
  7
PVSLD_STD
 11
134.0
 21
184.5
 31
0.0
100
AcDbText
  0
LINE
  5
5B7
330
581
100
AcDbEntity
 67
1
  8
E-ANNO-TABL
100
AcDbLine
 10
15.0
 20
158.0
 30
0.0
 11
205.0
 21
158.0
 31
0.0
  0
LINE
  5
5B8
330
581
100
AcDbEntity
 67
1
  8
E-ANNO-TABL
100
AcDbLine
 10
57.0
 20
176.0
 30
0.0
 11
57.0
 21
158.0
 31
0.0
  0
LINE
  5
5B9
330
581
100
AcDbEntity
 67
1
  8
E-ANNO-TABL
100
AcDbLine
 10
131.0
 20
176.0
 30
0.0
 11
131.0
 21
158.0
 31
0.0
  0
INSERT
  5
5BA
330
581
100
AcDbEntity
 67
1
  8
E-ANNO-NOTE
100
AcDbBlockReference
  2
PVSLD_TRANSFER_SW
 10
37.11
 20
171.995
 30
0.0
 41
0.444
 42
0.444
 43
0.444
  0
TEXT
  5
5BC
330
581
100
AcDbEntity
 67
1
  8
E-ANNO-NOTE
100
AcDbText
 10
60.0
 20
170.0
 30
0.0
 40
3.2
  1
Interruptor de
  7
PVSLD_STD
 11
60.0
 21
170.0
 31
0.0
100
AcDbText
  0
TEXT
  5
5BD
330
581
100
AcDbEntity
 67
1
  8
E-ANNO-NOTE
100
AcDbText
 10
60.0
 20
165.6
 30
0.0
 40
3.2
  1
transferencia
  7
PVSLD_STD
 11
60.0
 21
165.6
 31
0.0
100
AcDbText
  0
TEXT
  5
5BE
330
581
100
AcDbEntity
 67
1
  8
E-ANNO-NOTE
100
AcDbText
 10
60.0
 20
161.0
 30
0.0
 40
2.2
  1
PVSLD_TRANSFER_SW
  7
PVSLD_STD
 11
60.0
 21
161.0
 31
0.0
100
AcDbText
  0
TEXT
  5
5BF
330
581
100
AcDbEntity
 67
1
  8
E-ANNO-NOTE
100
AcDbText
 10
134.0
 20
170.0
 30
0.0
 40
2.4
  1
DGE (basada en IEC 60617) 07-71-03;
  7
PVSLD_STD
 11
134.0
 21
170.0
 31
0.0
100
AcDbText
  0
TEXT
  5
5C0
330
581
100
AcDbEntity
 67
1
  8
E-ANNO-NOTE
100
AcDbText
 10
134.0
 20
166.5
 30
0.0
 40
2.4
  1
dispositivos 43 y 83 de
  7
PVSLD_STD
 11
134.0
 21
166.5
 31
0.0
100
AcDbText
  0
TEXT
  5
5C1
330
581
100
AcDbEntity
 67
1
  8
E-ANNO-NOTE
100
AcDbText
 10
134.0
 20
163.0
 30
0.0
 40
2.4
  1
NMX-J-136-ANCE-2019, Tabla 2
  7
PVSLD_STD
 11
134.0
 21
163.0
 31
0.0
100
AcDbText
  0
LINE
  5
5C2
330
581
100
AcDbEntity
 67
1
  8
E-ANNO-TABL
100
AcDbLine
 10
15.0
 20
140.0
 30
0.0
 11
205.0
 21
140.0
 31
0.0
  0
LINE
  5
5C3
330
581
100
AcDbEntity
 67
1
  8
E-ANNO-TABL
100
AcDbLine
 10
57.0
 20
158.0
 30
0.0
 11
57.0
 21
140.0
 31
0.0
  0
LINE
  5
5C4
330
581
100
AcDbEntity
 67
1
  8
E-ANNO-TABL
100
AcDbLine
 10
131.0
 20
158.0
 30
0.0
 11
131.0
 21
140.0
 31
0.0
  0
INSERT
  5
5C5
330
581
100
AcDbEntity
 67
1
  8
E-ANNO-NOTE
100
AcDbBlockReference
  2
PVSLD_CONTACTOR
 10
24.75
 20
151.5
 30
0.0
  0
TEXT
  5
5C7
330
581
100
AcDbEntity
 67
1
  8
E-ANNO-NOTE
100
AcDbText
 10
60.0
 20
152.0
 30
0.0
 40
3.2
  1
Contactor
  7
PVSLD_STD
 11
60.0
 21
152.0
 31
0.0
100
AcDbText
  0
TEXT
  5
5C8
330
581
100
AcDbEntity
 67
1
  8
E-ANNO-NOTE
100
AcDbText
 10
60.0
 20
147.4
 30
0.0
 40
2.2
  1
PVSLD_CONTACTOR
  7
PVSLD_STD
 11
60.0
 21
147.4
 31
0.0
100
AcDbText
  0
TEXT
  5
5C9
330
581
100
AcDbEntity
 67
1
  8
E-ANNO-NOTE
100
AcDbText
 10
134.0
 20
152.0
 30
0.0
 40
2.4
  1
NMX-J-136-ANCE-2019 4.2.168
  7
PVSLD_STD
 11
134.0
 21
152.0
 31
0.0
100
AcDbText
  0
TEXT
  5
5CA
330
581
100
AcDbEntity
 67
1
  8
E-ANNO-NOTE
100
AcDbText
 10
134.0
 20
148.5
 30
0.0
 40
2.4
  1
(contacto, IEC S00284)
  7
PVSLD_STD
 11
134.0
 21
148.5
 31
0.0
100
AcDbText
  0
LINE
  5
5CB
330
581
100
AcDbEntity
 67
1
  8
E-ANNO-TABL
100
AcDbLine
 10
15.0
 20
133.0
 30
0.0
 11
205.0
 21
133.0
 31
0.0
  0
TEXT
  5
5CC
330
581
100
AcDbEntity
 67
1
  8
E-ANNO-NOTE
100
AcDbText
 10
18.0
 20
135.0
 30
0.0
 40
3.5
  1
MEDICIÓN Y MONITOREO
  7
PVSLD_STD
 11
18.0
 21
135.0
 31
0.0
100
AcDbText
  0
LINE
  5
5CD
330
581
100
AcDbEntity
 67
1
  8
E-ANNO-TABL
100
AcDbLine
 10
15.0
 20
115.0
 30
0.0
 11
205.0
 21
115.0
 31
0.0
  0
LINE
  5
5CE
330
581
100
AcDbEntity
 67
1
  8
E-ANNO-TABL
100
AcDbLine
 10
57.0
 20
133.0
 30
0.0
 11
57.0
 21
115.0
 31
0.0
  0
LINE
  5
5CF
330
581
100
AcDbEntity
 67
1
  8
E-ANNO-TABL
100
AcDbLine
 10
131.0
 20
133.0
 30
0.0
 11
131.0
 21
115.0
 31
0.0
  0
INSERT
  5
5D0
330
581
100
AcDbEntity
 67
1
  8
E-ANNO-NOTE
100
AcDbBlockReference
  2
PVSLD_METER
 10
32.25
 20
124.0
 30
0.0
 41
0.5
 42
0.5
 43
0.5
  0
TEXT
  5
5D2
330
581
100
AcDbEntity
 67
1
  8
E-ANNO-NOTE
100
AcDbText
 10
60.0
 20
127.0
 30
0.0
 40
3.2
  1
Medidor de energía
  7
PVSLD_STD
 11
60.0
 21
127.0
 31
0.0
100
AcDbText
  0
TEXT
  5
5D3
330
581
100
AcDbEntity
 67
1
  8
E-ANNO-NOTE
100
AcDbText
 10
60.0
 20
122.6
 30
0.0
 40
3.2
  1
bidireccional
  7
PVSLD_STD
 11
60.0
 21
122.6
 31
0.0
100
AcDbText
  0
TEXT
  5
5D4
330
581
100
AcDbEntity
 67
1
  8
E-ANNO-NOTE
100
AcDbText
 10
60.0
 20
117.99999999999999
 30
0.0
 40
2.2
  1
PVSLD_METER
  7
PVSLD_STD
 11
60.0
 21
117.99999999999999
 31
0.0
100
AcDbText
  0
TEXT
  5
5D5
330
581
100
AcDbEntity
 67
1
  8
E-ANNO-NOTE
100
AcDbText
 10
134.0
 20
127.0
 30
0.0
 40
2.4
  1
CFE G0100-04 Apéndice C
  7
PVSLD_STD
 11
134.0
 21
127.0
 31
0.0
100
AcDbText
  0
LINE
  5
5D6
330
581
100
AcDbEntity
 67
1
  8
E-ANNO-TABL
100
AcDbLine
 10
15.0
 20
97.0
 30
0.0
 11
205.0
 21
97.0
 31
0.0
  0
LINE
  5
5D7
330
581
100
AcDbEntity
 67
1
  8
E-ANNO-TABL
100
AcDbLine
 10
57.0
 20
115.0
 30
0.0
 11
57.0
 21
97.0
 31
0.0
  0
LINE
  5
5D8
330
581
100
AcDbEntity
 67
1
  8
E-ANNO-TABL
100
AcDbLine
 10
131.0
 20
115.0
 30
0.0
 11
131.0
 21
97.0
 31
0.0
  0
INSERT
  5
5D9
330
581
100
AcDbEntity
 67
1
  8
E-ANNO-NOTE
100
AcDbBlockReference
  2
PVSLD_METER_M
 10
30.9975
 20
106.0
 30
0.0
 41
0.667
 42
0.667
 43
0.667
  0
TEXT
  5
5DB
330
581
100
AcDbEntity
 67
1
  8
E-ANNO-NOTE
100
AcDbText
 10
60.0
 20
109.0
 30
0.0
 40
3.2
  1
Medidor de consumo o límite
  7
PVSLD_STD
 11
60.0
 21
109.0
 31
0.0
100
AcDbText
  0
TEXT
  5
5DC
330
581
100
AcDbEntity
 67
1
  8
E-ANNO-NOTE
100
AcDbText
 10
60.0
 20
104.6
 30
0.0
 40
3.2
  1
de exportación
  7
PVSLD_STD
 11
60.0
 21
104.6
 31
0.0
100
AcDbText
  0
TEXT
  5
5DD
330
581
100
AcDbEntity
 67
1
  8
E-ANNO-NOTE
100
AcDbText
 10
60.0
 20
99.99999999999999
 30
0.0
 40
2.2
  1
PVSLD_METER_M
  7
PVSLD_STD
 11
60.0
 21
99.99999999999999
 31
0.0
100
AcDbText
  0
TEXT
  5
5DE
330
581
100
AcDbEntity
 67
1
  8
E-ANNO-NOTE
100
AcDbText
 10
134.0
 20
109.0
 30
0.0
 40
2.4
  1
NMX-J-136-ANCE-2019 4.2.126 (equipo
  7
PVSLD_STD
 11
134.0
 21
109.0
 31
0.0
100
AcDbText
  0
TEXT
  5
5DF
330
581
100
AcDbEntity
 67
1
  8
E-ANNO-NOTE
100
AcDbText
 10
134.0
 20
105.5
 30
0.0
 40
2.4
  1
de medición, M)
  7
PVSLD_STD
 11
134.0
 21
105.5
 31
0.0
100
AcDbText
  0
LINE
  5
5E0
330
581
100
AcDbEntity
 67
1
  8
E-ANNO-TABL
100
AcDbLine
 10
15.0
 20
79.0
 30
0.0
 11
205.0
 21
79.0
 31
0.0
  0
LINE
  5
5E1
330
581
100
AcDbEntity
 67
1
  8
E-ANNO-TABL
100
AcDbLine
 10
57.0
 20
97.0
 30
0.0
 11
57.0
 21
79.0
 31
0.0
  0
LINE
  5
5E2
330
581
100
AcDbEntity
 67
1
  8
E-ANNO-TABL
100
AcDbLine
 10
131.0
 20
97.0
 30
0.0
 11
131.0
 21
79.0
 31
0.0
  0
INSERT
  5
5E3
330
581
100
AcDbEntity
 67
1
  8
E-ANNO-NOTE
100
AcDbBlockReference
  2
PVSLD_CT
 10
32.25
 20
90.5
 30
0.0
 41
0.5
 42
0.5
 43
0.5
  0
TEXT
  5
5E5
330
581
100
AcDbEntity
 67
1
  8
E-ANNO-NOTE
100
AcDbText
 10
60.0
 20
91.0
 30
0.0
 40
3.2
  1
Sensor de corriente
  7
PVSLD_STD
 11
60.0
 21
91.0
 31
0.0
100
AcDbText
  0
TEXT
  5
5E6
330
581
100
AcDbEntity
 67
1
  8
E-ANNO-NOTE
100
AcDbText
 10
60.0
 20
86.39999999999999
 30
0.0
 40
2.2
  1
PVSLD_CT
  7
PVSLD_STD
 11
60.0
 21
86.39999999999999
 31
0.0
100
AcDbText
  0
TEXT
  5
5E7
330
581
100
AcDbEntity
 67
1
  8
E-ANNO-NOTE
100
AcDbText
 10
134.0
 20
91.0
 30
0.0
 40
2.4
  1
CFE G0100-04 Apéndice C
  7
PVSLD_STD
 11
134.0
 21
91.0
 31
0.0
100
AcDbText
  0
LINE
  5
5E8
330
581
100
AcDbEntity
 67
1
  8
E-ANNO-TABL
100
AcDbLine
 10
15.0
 20
61.0
 30
0.0
 11
205.0
 21
61.0
 31
0.0
  0
LINE
  5
5E9
330
581
100
AcDbEntity
 67
1
  8
E-ANNO-TABL
100
AcDbLine
 10
57.0
 20
79.0
 30
0.0
 11
57.0
 21
61.0
 31
0.0
  0
LINE
  5
5EA
330
581
100
AcDbEntity
 67
1
  8
E-ANNO-TABL
100
AcDbLine
 10
131.0
 20
79.0
 30
0.0
 11
131.0
 21
61.0
 31
0.0
  0
INSERT
  5
5EB
330
581
100
AcDbEntity
 67
1
  8
E-ANNO-NOTE
100
AcDbBlockReference
  2
PVSLD_MONITOR
 10
18.99
 20
70.0
 30
0.0
 41
0.567
 42
0.567
 43
0.567
  0
TEXT
  5
5ED
330
581
100
AcDbEntity
 67
1
  8
E-ANNO-NOTE
100
AcDbText
 10
60.0
 20
73.0
 30
0.0
 40
3.2
  1
Subsistema de control y
  7
PVSLD_STD
 11
60.0
 21
73.0
 31
0.0
100
AcDbText
  0
TEXT
  5
5EE
330
581
100
AcDbEntity
 67
1
  8
E-ANNO-NOTE
100
AcDbText
 10
60.0
 20
68.6
 30
0.0
 40
3.2
  1
monitoreo
  7
PVSLD_STD
 11
60.0
 21
68.6
 31
0.0
100
AcDbText
  0
TEXT
  5
5EF
330
581
100
AcDbEntity
 67
1
  8
E-ANNO-NOTE
100
AcDbText
 10
60.0
 20
63.999999999999986
 30
0.0
 40
2.2
  1
PVSLD_MONITOR
  7
PVSLD_STD
 11
60.0
 21
63.999999999999986
 31
0.0
100
AcDbText
  0
TEXT
  5
5F0
330
581
100
AcDbEntity
 67
1
  8
E-ANNO-NOTE
100
AcDbText
 10
134.0
 20
73.0
 30
0.0
 40
2.4
  1
CFE G0100-04 Apéndice D, figs. D1 y
  7
PVSLD_STD
 11
134.0
 21
73.0
 31
0.0
100
AcDbText
  0
TEXT
  5
5F1
330
581
100
AcDbEntity
 67
1
  8
E-ANNO-NOTE
100
AcDbText
 10
134.0
 20
69.5
 30
0.0
 40
2.4
  1
D2 (subsistema de control y
  7
PVSLD_STD
 11
134.0
 21
69.5
 31
0.0
100
AcDbText
  0
TEXT
  5
5F2
330
581
100
AcDbEntity
 67
1
  8
E-ANNO-NOTE
100
AcDbText
 10
134.0
 20
66.0
 30
0.0
 40
2.4
  1
monitoreo)
  7
PVSLD_STD
 11
134.0
 21
66.0
 31
0.0
100
AcDbText
  0
LWPOLYLINE
  5
5F3
330
581
100
AcDbEntity
 67
1
  8
E-ANNO-TABL
100
AcDbPolyline
 90
4
 70
1
 10
215.0
 20
263.0
 10
405.0
 20
263.0
 10
405.0
 20
36.0
 10
215.0
 20
36.0
  0
LINE
  5
5F4
330
581
100
AcDbEntity
 67
1
  8
E-ANNO-TABL
100
AcDbLine
 10
215.0
 20
255.0
 30
0.0
 11
405.0
 21
255.0
 31
0.0
  0
TEXT
  5
5F5
330
581
100
AcDbEntity
 67
1
  8
E-ANNO-NOTE
100
AcDbText
 10
218.0
 20
257.5
 30
0.0
 40
3.5
  1
Símbolo
  7
PVSLD_STD
 11
218.0
 21
257.5
 31
0.0
100
AcDbText
  0
TEXT
  5
5F6
330
581
100
AcDbEntity
 67
1
  8
E-ANNO-NOTE
100
AcDbText
 10
260.0
 20
257.5
 30
0.0
 40
3.5
  1
Designación
  7
PVSLD_STD
 11
260.0
 21
257.5
 31
0.0
100
AcDbText
  0
TEXT
  5
5F7
330
581
100
AcDbEntity
 67
1
  8
E-ANNO-NOTE
100
AcDbText
 10
334.0
 20
257.5
 30
0.0
 40
3.5
  1
Fuente
  7
PVSLD_STD
 11
334.0
 21
257.5
 31
0.0
100
AcDbText
  0
LINE
  5
5F8
330
581
100
AcDbEntity
 67
1
  8
E-ANNO-TABL
100
AcDbLine
 10
215.0
 20
248.0
 30
0.0
 11
405.0
 21
248.0
 31
0.0
  0
TEXT
  5
5F9
330
581
100
AcDbEntity
 67
1
  8
E-ANNO-NOTE
100
AcDbText
 10
218.0
 20
250.0
 30
0.0
 40
3.5
  1
RED, CARGAS Y TABLEROS
  7
PVSLD_STD
 11
218.0
 21
250.0
 31
0.0
100
AcDbText
  0
LINE
  5
5FA
330
581
100
AcDbEntity
 67
1
  8
E-ANNO-TABL
100
AcDbLine
 10
215.0
 20
230.0
 30
0.0
 11
405.0
 21
230.0
 31
0.0
  0
LINE
  5
5FB
330
581
100
AcDbEntity
 67
1
  8
E-ANNO-TABL
100
AcDbLine
 10
257.0
 20
248.0
 30
0.0
 11
257.0
 21
230.0
 31
0.0
  0
LINE
  5
5FC
330
581
100
AcDbEntity
 67
1
  8
E-ANNO-TABL
100
AcDbLine
 10
331.0
 20
248.0
 30
0.0
 11
331.0
 21
230.0
 31
0.0
  0
INSERT
  5
5FD
330
581
100
AcDbEntity
 67
1
  8
E-ANNO-NOTE
100
AcDbBlockReference
  2
PVSLD_GRID
 10
231.0
 20
239.0
 30
0.0
 41
0.5
 42
0.5
 43
0.5
  0
TEXT
  5
5FF
330
581
100
AcDbEntity
 67
1
  8
E-ANNO-NOTE
100
AcDbText
 10
260.0
 20
242.0
 30
0.0
 40
3.2
  1
Red eléctrica de
  7
PVSLD_STD
 11
260.0
 21
242.0
 31
0.0
100
AcDbText
  0
TEXT
  5
600
330
581
100
AcDbEntity
 67
1
  8
E-ANNO-NOTE
100
AcDbText
 10
260.0
 20
237.6
 30
0.0
 40
3.2
  1
distribución
  7
PVSLD_STD
 11
260.0
 21
237.6
 31
0.0
100
AcDbText
  0
TEXT
  5
601
330
581
100
AcDbEntity
 67
1
  8
E-ANNO-NOTE
100
AcDbText
 10
260.0
 20
233.0
 30
0.0
 40
2.2
  1
PVSLD_GRID
  7
PVSLD_STD
 11
260.0
 21
233.0
 31
0.0
100
AcDbText
  0
TEXT
  5
602
330
581
100
AcDbEntity
 67
1
  8
E-ANNO-NOTE
100
AcDbText
 10
334.0
 20
242.0
 30
0.0
 40
2.4
  1
CFE G0100-04 Apéndice C
  7
PVSLD_STD
 11
334.0
 21
242.0
 31
0.0
100
AcDbText
  0
LINE
  5
603
330
581
100
AcDbEntity
 67
1
  8
E-ANNO-TABL
100
AcDbLine
 10
215.0
 20
212.0
 30
0.0
 11
405.0
 21
212.0
 31
0.0
  0
LINE
  5
604
330
581
100
AcDbEntity
 67
1
  8
E-ANNO-TABL
100
AcDbLine
 10
257.0
 20
230.0
 30
0.0
 11
257.0
 21
212.0
 31
0.0
  0
LINE
  5
605
330
581
100
AcDbEntity
 67
1
  8
E-ANNO-TABL
100
AcDbLine
 10
331.0
 20
230.0
 30
0.0
 11
331.0
 21
212.0
 31
0.0
  0
INSERT
  5
606
330
581
100
AcDbEntity
 67
1
  8
E-ANNO-NOTE
100
AcDbBlockReference
  2
PVSLD_PI
 10
231.0
 20
221.0
 30
0.0
  0
TEXT
  5
608
330
581
100
AcDbEntity
 67
1
  8
E-ANNO-NOTE
100
AcDbText
 10
260.0
 20
224.0
 30
0.0
 40
3.2
  1
Punto de interconexión (PI)
  7
PVSLD_STD
 11
260.0
 21
224.0
 31
0.0
100
AcDbText
  0
TEXT
  5
609
330
581
100
AcDbEntity
 67
1
  8
E-ANNO-NOTE
100
AcDbText
 10
260.0
 20
219.6
 30
0.0
 40
3.2
  1
con la red de distribución
  7
PVSLD_STD
 11
260.0
 21
219.6
 31
0.0
100
AcDbText
  0
TEXT
  5
60A
330
581
100
AcDbEntity
 67
1
  8
E-ANNO-NOTE
100
AcDbText
 10
260.0
 20
215.0
 30
0.0
 40
2.2
  1
PVSLD_PI
  7
PVSLD_STD
 11
260.0
 21
215.0
 31
0.0
100
AcDbText
  0
TEXT
  5
60B
330
581
100
AcDbEntity
 67
1
  8
E-ANNO-NOTE
100
AcDbText
 10
334.0
 20
224.0
 30
0.0
 40
2.4
  1
pvsld (sin símbolo en CFE G0100-04 ni
  7
PVSLD_STD
 11
334.0
 21
224.0
 31
0.0
100
AcDbText
  0
TEXT
  5
60C
330
581
100
AcDbEntity
 67
1
  8
E-ANNO-NOTE
100
AcDbText
 10
334.0
 20
220.5
 30
0.0
 40
2.4
  1
IEC 60617)
  7
PVSLD_STD
 11
334.0
 21
220.5
 31
0.0
100
AcDbText
  0
LINE
  5
60D
330
581
100
AcDbEntity
 67
1
  8
E-ANNO-TABL
100
AcDbLine
 10
215.0
 20
194.0
 30
0.0
 11
405.0
 21
194.0
 31
0.0
  0
LINE
  5
60E
330
581
100
AcDbEntity
 67
1
  8
E-ANNO-TABL
100
AcDbLine
 10
257.0
 20
212.0
 30
0.0
 11
257.0
 21
194.0
 31
0.0
  0
LINE
  5
60F
330
581
100
AcDbEntity
 67
1
  8
E-ANNO-TABL
100
AcDbLine
 10
331.0
 20
212.0
 30
0.0
 11
331.0
 21
194.0
 31
0.0
  0
INSERT
  5
610
330
581
100
AcDbEntity
 67
1
  8
E-ANNO-NOTE
100
AcDbBlockReference
  2
PVSLD_PANEL
 10
231.905
 20
203.0
 30
0.0
 41
0.182
 42
0.182
 43
0.182
  0
TEXT
  5
612
330
581
100
AcDbEntity
 67
1
  8
E-ANNO-NOTE
100
AcDbText
 10
260.0
 20
206.0
 30
0.0
 40
3.2
  1
Centro de carga o tablero
  7
PVSLD_STD
 11
260.0
 21
206.0
 31
0.0
100
AcDbText
  0
TEXT
  5
613
330
581
100
AcDbEntity
 67
1
  8
E-ANNO-NOTE
100
AcDbText
 10
260.0
 20
201.6
 30
0.0
 40
3.2
  1
con barra
  7
PVSLD_STD
 11
260.0
 21
201.6
 31
0.0
100
AcDbText
  0
TEXT
  5
614
330
581
100
AcDbEntity
 67
1
  8
E-ANNO-NOTE
100
AcDbText
 10
260.0
 20
197.0
 30
0.0
 40
2.2
  1
PVSLD_PANEL
  7
PVSLD_STD
 11
260.0
 21
197.0
 31
0.0
100
AcDbText
  0
TEXT
  5
615
330
581
100
AcDbEntity
 67
1
  8
E-ANNO-NOTE
100
AcDbText
 10
334.0
 20
206.0
 30
0.0
 40
2.4
  1
CFE G0100-04 Apéndice D
  7
PVSLD_STD
 11
334.0
 21
206.0
 31
0.0
100
AcDbText
  0
LINE
  5
616
330
581
100
AcDbEntity
 67
1
  8
E-ANNO-TABL
100
AcDbLine
 10
215.0
 20
176.0
 30
0.0
 11
405.0
 21
176.0
 31
0.0
  0
LINE
  5
617
330
581
100
AcDbEntity
 67
1
  8
E-ANNO-TABL
100
AcDbLine
 10
257.0
 20
194.0
 30
0.0
 11
257.0
 21
176.0
 31
0.0
  0
LINE
  5
618
330
581
100
AcDbEntity
 67
1
  8
E-ANNO-TABL
100
AcDbLine
 10
331.0
 20
194.0
 30
0.0
 11
331.0
 21
176.0
 31
0.0
  0
INSERT
  5
619
330
581
100
AcDbEntity
 67
1
  8
E-ANNO-NOTE
100
AcDbBlockReference
  2
PVSLD_LOAD_LIGHT
 10
231.285
 20
185.0
 30
0.0
 41
0.943
 42
0.943
 43
0.943
  0
TEXT
  5
61B
330
581
100
AcDbEntity
 67
1
  8
E-ANNO-NOTE
100
AcDbText
 10
260.0
 20
188.0
 30
0.0
 40
3.2
  1
Cargas de iluminación
  7
PVSLD_STD
 11
260.0
 21
188.0
 31
0.0
100
AcDbText
  0
TEXT
  5
61C
330
581
100
AcDbEntity
 67
1
  8
E-ANNO-NOTE
100
AcDbText
 10
260.0
 20
183.4
 30
0.0
 40
2.2
  1
PVSLD_LOAD_LIGHT
  7
PVSLD_STD
 11
260.0
 21
183.4
 31
0.0
100
AcDbText
  0
TEXT
  5
61D
330
581
100
AcDbEntity
 67
1
  8
E-ANNO-NOTE
100
AcDbText
 10
334.0
 20
188.0
 30
0.0
 40
2.4
  1
CFE G0100-04 Apéndice C
  7
PVSLD_STD
 11
334.0
 21
188.0
 31
0.0
100
AcDbText
  0
LINE
  5
61E
330
581
100
AcDbEntity
 67
1
  8
E-ANNO-TABL
100
AcDbLine
 10
215.0
 20
158.0
 30
0.0
 11
405.0
 21
158.0
 31
0.0
  0
LINE
  5
61F
330
581
100
AcDbEntity
 67
1
  8
E-ANNO-TABL
100
AcDbLine
 10
257.0
 20
176.0
 30
0.0
 11
257.0
 21
158.0
 31
0.0
  0
LINE
  5
620
330
581
100
AcDbEntity
 67
1
  8
E-ANNO-TABL
100
AcDbLine
 10
331.0
 20
176.0
 30
0.0
 11
331.0
 21
158.0
 31
0.0
  0
INSERT
  5
621
330
581
100
AcDbEntity
 67
1
  8
E-ANNO-NOTE
100
AcDbBlockReference
  2
PVSLD_LOAD_RECEPT
 10
231.0
 20
167.0
 30
0.0
  0
TEXT
  5
623
330
581
100
AcDbEntity
 67
1
  8
E-ANNO-NOTE
100
AcDbText
 10
260.0
 20
170.0
 30
0.0
 40
3.2
  1
Carga de contactos
  7
PVSLD_STD
 11
260.0
 21
170.0
 31
0.0
100
AcDbText
  0
TEXT
  5
624
330
581
100
AcDbEntity
 67
1
  8
E-ANNO-NOTE
100
AcDbText
 10
260.0
 20
165.4
 30
0.0
 40
2.2
  1
PVSLD_LOAD_RECEPT
  7
PVSLD_STD
 11
260.0
 21
165.4
 31
0.0
100
AcDbText
  0
TEXT
  5
625
330
581
100
AcDbEntity
 67
1
  8
E-ANNO-NOTE
100
AcDbText
 10
334.0
 20
170.0
 30
0.0
 40
2.4
  1
CFE G0100-04 Apéndice C
  7
PVSLD_STD
 11
334.0
 21
170.0
 31
0.0
100
AcDbText
  0
LINE
  5
626
330
581
100
AcDbEntity
 67
1
  8
E-ANNO-TABL
100
AcDbLine
 10
215.0
 20
151.0
 30
0.0
 11
405.0
 21
151.0
 31
0.0
  0
TEXT
  5
627
330
581
100
AcDbEntity
 67
1
  8
E-ANNO-NOTE
100
AcDbText
 10
218.0
 20
153.0
 30
0.0
 40
3.5
  1
PUESTA A TIERRA
  7
PVSLD_STD
 11
218.0
 21
153.0
 31
0.0
100
AcDbText
  0
LINE
  5
628
330
581
100
AcDbEntity
 67
1
  8
E-ANNO-TABL
100
AcDbLine
 10
215.0
 20
133.0
 30
0.0
 11
405.0
 21
133.0
 31
0.0
  0
LINE
  5
629
330
581
100
AcDbEntity
 67
1
  8
E-ANNO-TABL
100
AcDbLine
 10
257.0
 20
151.0
 30
0.0
 11
257.0
 21
133.0
 31
0.0
  0
LINE
  5
62A
330
581
100
AcDbEntity
 67
1
  8
E-ANNO-TABL
100
AcDbLine
 10
331.0
 20
151.0
 30
0.0
 11
331.0
 21
133.0
 31
0.0
  0
INSERT
  5
62B
330
581
100
AcDbEntity
 67
1
  8
E-ANNO-NOTE
100
AcDbBlockReference
  2
PVSLD_GND
 10
236.0
 20
147.0
 30
0.0
  0
TEXT
  5
62D
330
581
100
AcDbEntity
 67
1
  8
E-ANNO-NOTE
100
AcDbText
 10
260.0
 20
145.0
 30
0.0
 40
3.2
  1
Electrodo de puesta a
  7
PVSLD_STD
 11
260.0
 21
145.0
 31
0.0
100
AcDbText
  0
TEXT
  5
62E
330
581
100
AcDbEntity
 67
1
  8
E-ANNO-NOTE
100
AcDbText
 10
260.0
 20
140.6
 30
0.0
 40
3.2
  1
tierra
  7
PVSLD_STD
 11
260.0
 21
140.6
 31
0.0
100
AcDbText
  0
TEXT
  5
62F
330
581
100
AcDbEntity
 67
1
  8
E-ANNO-NOTE
100
AcDbText
 10
260.0
 20
136.0
 30
0.0
 40
2.2
  1
PVSLD_GND
  7
PVSLD_STD
 11
260.0
 21
136.0
 31
0.0
100
AcDbText
  0
TEXT
  5
630
330
581
100
AcDbEntity
 67
1
  8
E-ANNO-NOTE
100
AcDbText
 10
334.0
 20
145.0
 30
0.0
 40
2.4
  1
CFE G0100-04 Apéndice D
  7
PVSLD_STD
 11
334.0
 21
145.0
 31
0.0
100
AcDbText
  0
LINE
  5
631
330
581
100
AcDbEntity
 67
1
  8
E-ANNO-TABL
100
AcDbLine
 10
215.0
 20
115.0
 30
0.0
 11
405.0
 21
115.0
 31
0.0
  0
LINE
  5
632
330
581
100
AcDbEntity
 67
1
  8
E-ANNO-TABL
100
AcDbLine
 10
257.0
 20
133.0
 30
0.0
 11
257.0
 21
115.0
 31
0.0
  0
LINE
  5
633
330
581
100
AcDbEntity
 67
1
  8
E-ANNO-TABL
100
AcDbLine
 10
331.0
 20
133.0
 30
0.0
 11
331.0
 21
115.0
 31
0.0
  0
INSERT
  5
634
330
581
100
AcDbEntity
 67
1
  8
E-ANNO-NOTE
100
AcDbBlockReference
  2
PVSLD_PE
 10
236.0
 20
129.0
 30
0.0
  0
TEXT
  5
636
330
581
100
AcDbEntity
 67
1
  8
E-ANNO-NOTE
100
AcDbText
 10
260.0
 20
127.0
 30
0.0
 40
3.2
  1
Tierra de protección
  7
PVSLD_STD
 11
260.0
 21
127.0
 31
0.0
100
AcDbText
  0
TEXT
  5
637
330
581
100
AcDbEntity
 67
1
  8
E-ANNO-NOTE
100
AcDbText
 10
260.0
 20
122.6
 30
0.0
 40
3.2
  1
(conductor de puesta a
  7
PVSLD_STD
 11
260.0
 21
122.6
 31
0.0
100
AcDbText
  0
TEXT
  5
638
330
581
100
AcDbEntity
 67
1
  8
E-ANNO-NOTE
100
AcDbText
 10
260.0
 20
118.19999999999999
 30
0.0
 40
3.2
  1
tierra de equipos)
  7
PVSLD_STD
 11
260.0
 21
118.19999999999999
 31
0.0
100
AcDbText
  0
TEXT
  5
639
330
581
100
AcDbEntity
 67
1
  8
E-ANNO-NOTE
100
AcDbText
 10
260.0
 20
113.59999999999998
 30
0.0
 40
2.2
  1
PVSLD_PE
  7
PVSLD_STD
 11
260.0
 21
113.59999999999998
 31
0.0
100
AcDbText
  0
TEXT
  5
63A
330
581
100
AcDbEntity
 67
1
  8
E-ANNO-NOTE
100
AcDbText
 10
334.0
 20
127.0
 30
0.0
 40
2.4
  1
NMX-J-136-ANCE-2019 4.2.117 (TPT, IEC
  7
PVSLD_STD
 11
334.0
 21
127.0
 31
0.0
100
AcDbText
  0
TEXT
  5
63B
330
581
100
AcDbEntity
 67
1
  8
E-ANNO-NOTE
100
AcDbText
 10
334.0
 20
123.5
 30
0.0
 40
2.4
  1
S00202)
  7
PVSLD_STD
 11
334.0
 21
123.5
 31
0.0
100
AcDbText
  0
LINE
  5
63C
330
581
100
AcDbEntity
 67
1
  8
E-ANNO-TABL
100
AcDbLine
 10
215.0
 20
97.0
 30
0.0
 11
405.0
 21
97.0
 31
0.0
  0
LINE
  5
63D
330
581
100
AcDbEntity
 67
1
  8
E-ANNO-TABL
100
AcDbLine
 10
257.0
 20
115.0
 30
0.0
 11
257.0
 21
97.0
 31
0.0
  0
LINE
  5
63E
330
581
100
AcDbEntity
 67
1
  8
E-ANNO-TABL
100
AcDbLine
 10
331.0
 20
115.0
 30
0.0
 11
331.0
 21
97.0
 31
0.0
  0
INSERT
  5
63F
330
581
100
AcDbEntity
 67
1
  8
E-ANNO-NOTE
100
AcDbBlockReference
  2
PVSLD_GND_BUS
 10
221.0
 20
103.5
 30
0.0
  0
TEXT
  5
641
330
581
100
AcDbEntity
 67
1
  8
E-ANNO-NOTE
100
AcDbText
 10
260.0
 20
109.0
 30
0.0
 40
3.2
  1
Barra de puesta a tierra
  7
PVSLD_STD
 11
260.0
 21
109.0
 31
0.0
100
AcDbText
  0
TEXT
  5
642
330
581
100
AcDbEntity
 67
1
  8
E-ANNO-NOTE
100
AcDbText
 10
260.0
 20
104.39999999999999
 30
0.0
 40
2.2
  1
PVSLD_GND_BUS
  7
PVSLD_STD
 11
260.0
 21
104.39999999999999
 31
0.0
100
AcDbText
  0
TEXT
  5
643
330
581
100
AcDbEntity
 67
1
  8
E-ANNO-NOTE
100
AcDbText
 10
334.0
 20
109.0
 30
0.0
 40
2.4
  1
NMX-J-136-ANCE-2019 4.2.130 (BPT)
  7
PVSLD_STD
 11
334.0
 21
109.0
 31
0.0
100
AcDbText
  0
LINE
  5
644
330
581
100
AcDbEntity
 67
1
  8
E-ANNO-TABL
100
AcDbLine
 10
215.0
 20
79.0
 30
0.0
 11
405.0
 21
79.0
 31
0.0
  0
LINE
  5
645
330
581
100
AcDbEntity
 67
1
  8
E-ANNO-TABL
100
AcDbLine
 10
257.0
 20
97.0
 30
0.0
 11
257.0
 21
79.0
 31
0.0
  0
LINE
  5
646
330
581
100
AcDbEntity
 67
1
  8
E-ANNO-TABL
100
AcDbLine
 10
331.0
 20
97.0
 30
0.0
 11
331.0
 21
79.0
 31
0.0
  0
INSERT
  5
647
330
581
100
AcDbEntity
 67
1
  8
E-ANNO-NOTE
100
AcDbBlockReference
  2
PVSLD_NEUTRAL_BUS
 10
221.0
 20
85.5
 30
0.0
  0
TEXT
  5
649
330
581
100
AcDbEntity
 67
1
  8
E-ANNO-NOTE
100
AcDbText
 10
260.0
 20
91.0
 30
0.0
 40
3.2
  1
Barra de neutro
  7
PVSLD_STD
 11
260.0
 21
91.0
 31
0.0
100
AcDbText
  0
TEXT
  5
64A
330
581
100
AcDbEntity
 67
1
  8
E-ANNO-NOTE
100
AcDbText
 10
260.0
 20
86.39999999999999
 30
0.0
 40
2.2
  1
PVSLD_NEUTRAL_BUS
  7
PVSLD_STD
 11
260.0
 21
86.39999999999999
 31
0.0
100
AcDbText
  0
TEXT
  5
64B
330
581
100
AcDbEntity
 67
1
  8
E-ANNO-NOTE
100
AcDbText
 10
334.0
 20
91.0
 30
0.0
 40
2.4
  1
NMX-J-136-ANCE-2019 4.2.129
  7
PVSLD_STD
 11
334.0
 21
91.0
 31
0.0
100
AcDbText
  0
LINE
  5
64C
330
581
100
AcDbEntity
 67
1
  8
E-ANNO-TABL
100
AcDbLine
 10
215.0
 20
72.0
 30
0.0
 11
405.0
 21
72.0
 31
0.0
  0
TEXT
  5
64D
330
581
100
AcDbEntity
 67
1
  8
E-ANNO-NOTE
100
AcDbText
 10
218.0
 20
74.0
 30
0.0
 40
3.5
  1
MEDIA TENSIÓN
  7
PVSLD_STD
 11
218.0
 21
74.0
 31
0.0
100
AcDbText
  0
LINE
  5
64E
330
581
100
AcDbEntity
 67
1
  8
E-ANNO-TABL
100
AcDbLine
 10
215.0
 20
54.0
 30
0.0
 11
405.0
 21
54.0
 31
0.0
  0
LINE
  5
64F
330
581
100
AcDbEntity
 67
1
  8
E-ANNO-TABL
100
AcDbLine
 10
257.0
 20
72.0
 30
0.0
 11
257.0
 21
54.0
 31
0.0
  0
LINE
  5
650
330
581
100
AcDbEntity
 67
1
  8
E-ANNO-TABL
100
AcDbLine
 10
331.0
 20
72.0
 30
0.0
 11
331.0
 21
54.0
 31
0.0
  0
INSERT
  5
651
330
581
100
AcDbEntity
 67
1
  8
E-ANNO-NOTE
100
AcDbBlockReference
  2
PVSLD_XFMR
 10
229.75
 20
63.0
 30
0.0
 41
0.5
 42
0.5
 43
0.5
  0
TEXT
  5
653
330
581
100
AcDbEntity
 67
1
  8
E-ANNO-NOTE
100
AcDbText
 10
260.0
 20
66.0
 30
0.0
 40
3.2
  1
Transformador de potencia
  7
PVSLD_STD
 11
260.0
 21
66.0
 31
0.0
100
AcDbText
  0
TEXT
  5
654
330
581
100
AcDbEntity
 67
1
  8
E-ANNO-NOTE
100
AcDbText
 10
260.0
 20
61.6
 30
0.0
 40
3.2
  1
MT/BT
  7
PVSLD_STD
 11
260.0
 21
61.6
 31
0.0
100
AcDbText
  0
TEXT
  5
655
330
581
100
AcDbEntity
 67
1
  8
E-ANNO-NOTE
100
AcDbText
 10
260.0
 20
57.0
 30
0.0
 40
2.2
  1
PVSLD_XFMR
  7
PVSLD_STD
 11
260.0
 21
57.0
 31
0.0
100
AcDbText
  0
TEXT
  5
656
330
581
100
AcDbEntity
 67
1
  8
E-ANNO-NOTE
100
AcDbText
 10
334.0
 20
66.0
 30
0.0
 40
2.4
  1
NMX-J-136-ANCE-2019 4.2.123 (TR)
  7
PVSLD_STD
 11
334.0
 21
66.0
 31
0.0
100
AcDbText
  0
LINE
  5
657
330
581
100
AcDbEntity
 67
1
  8
E-ANNO-TABL
100
AcDbLine
 10
215.0
 20
36.0
 30
0.0
 11
405.0
 21
36.0
 31
0.0
  0
LINE
  5
658
330
581
100
AcDbEntity
 67
1
  8
E-ANNO-TABL
100
AcDbLine
 10
257.0
 20
54.0
 30
0.0
 11
257.0
 21
36.0
 31
0.0
  0
LINE
  5
659
330
581
100
AcDbEntity
 67
1
  8
E-ANNO-TABL
100
AcDbLine
 10
331.0
 20
54.0
 30
0.0
 11
331.0
 21
36.0
 31
0.0
  0
INSERT
  5
65A
330
581
100
AcDbEntity
 67
1
  8
E-ANNO-NOTE
100
AcDbBlockReference
  2
PVSLD_CUTOUT
 10
223.5
 20
47.75
 30
0.0
  0
TEXT
  5
65C
330
581
100
AcDbEntity
 67
1
  8
E-ANNO-NOTE
100
AcDbText
 10
260.0
 20
48.0
 30
0.0
 40
3.2
  1
Cortacircuito fusible (CCF)
  7
PVSLD_STD
 11
260.0
 21
48.0
 31
0.0
100
AcDbText
  0
TEXT
  5
65D
330
581
100
AcDbEntity
 67
1
  8
E-ANNO-NOTE
100
AcDbText
 10
260.0
 20
43.4
 30
0.0
 40
2.2
  1
PVSLD_CUTOUT
  7
PVSLD_STD
 11
260.0
 21
43.4
 31
0.0
100
AcDbText
  0
TEXT
  5
65E
330
581
100
AcDbEntity
 67
1
  8
E-ANNO-NOTE
100
AcDbText
 10
334.0
 20
48.0
 30
0.0
 40
2.4
  1
NMX-J-136-ANCE-2019 4.2.122 (FUS-DES,
  7
PVSLD_STD
 11
334.0
 21
48.0
 31
0.0
100
AcDbText
  0
TEXT
  5
65F
330
581
100
AcDbEntity
 67
1
  8
E-ANNO-NOTE
100
AcDbText
 10
334.0
 20
44.5
 30
0.0
 40
2.4
  1
IEC S00368)
  7
PVSLD_STD
 11
334.0
 21
44.5
 31
0.0
100
AcDbText
  0
TEXT
  5
660
330
581
100
AcDbEntity
 67
1
  8
E-ANNO-NOTE
100
AcDbText
 10
15.0
 20
28.0
 30
0.0
 40
2.5
  1
Símbolos redibujados como geometría vectorial a partir de la norma indicada en la columna Fuente; ninguna norma se incluye ni se copia.
  7
PVSLD_STD
 11
15.0
 21
28.0
 31
0.0
100
AcDbText
  0
TEXT
  5
661
330
581
100
AcDbEntity
 67
1
  8
E-ANNO-NOTE
100
AcDbText
 10
15.0
 20
24.4
 30
0.0
 40
2.5
  1
Cada símbolo es un bloque PVSLD_<FUNCIÓN> con los atributos TAG y DESC y, ocultos, COMP_ID, IEC_REF, NMX_REF y SOURCE_STANDARD; los puertos están en XDATA (aplicación PVSLD).
  7
PVSLD_STD
 11
15.0
 21
24.4
 31
0.0
100
AcDbText
  0
TEXT
  5
662
330
581
100
AcDbEntity
 67
1
  8
E-ANNO-NOTE
100
AcDbText
 10
15.0
 20
20.799999999999997
 30
0.0
 40
2.5
  1
Dimensiones en mm a escala 1:1 dentro del bloque; en esta hoja cada símbolo se reduce, si hace falta, para caber en su celda.
  7
PVSLD_STD
 11
15.0
 21
20.799999999999997
 31
0.0
100
AcDbText
  0
ENDBLK
  5
583
330
581
100
AcDbEntity
  8
0
100
AcDbBlockEnd
  0
BLOCK
  5
664
330
663
100
AcDbEntity
  8
0
100
AcDbBlockBegin
  2
*Paper_Space1
 70
0
 10
0.0
 20
0.0
 30
0.0
  3
*Paper_Space1
  1

  0
VIEWPORT
  5
667
330
663
100
AcDbEntity
 67
1
  8
0
100
AcDbViewport
 10
210.0
 20
148.5
 30
0.0
 40
462.00000000000006
 41
326.70000000000005
 68
1
 69
1
 12
210.0
 22
148.5
 13
0.0
 23
0.0
 14
10.0
 24
10.0
 15
10.0
 25
10.0
 16
0.0
 26
0.0
 36
1.0
 17
0.0
 27
0.0
 37
0.0
 42
50.0
 43
0.0
 44
0.0
 45
326.70000000000005
 50
0.0
 51
0.0
 72
100
 90
557088
  1

281
0
 71
0
 74
0
110
0.0
120
0.0
130
0.0
111
1.0
121
0.0
131
0.0
112
0.0
122
1.0
132
0.0
 79
0
146
0.0
282
0
  0
LWPOLYLINE
  5
668
330
663
100
AcDbEntity
 67
1
  8
G-ANNO-TTLB
370
70
100
AcDbPolyline
 90
4
 70
1
 10
10.0
 20
10.0
 10
410.0
 20
10.0
 10
410.0
 20
287.0
 10
10.0
 20
287.0
  0
TEXT
  5
669
330
663
100
AcDbEntity
 67
1
  8
G-ANNO-TTLB
100
AcDbText
 10
15.0
 20
277.0
 30
0.0
 40
6.0
  1
SIMBOLOGÍA — DIAGRAMAS UNIFILARES FOTOVOLTAICOS
  7
PVSLD_STD
 11
15.0
 21
277.0
 31
0.0
100
AcDbText
  0
TEXT
  5
66A
330
663
100
AcDbEntity
 67
1
  8
E-ANNO-NOTE
100
AcDbText
 10
15.0
 20
269.0
 30
0.0
 40
3.5
  1
Biblioteca de símbolos pvsld v0.6.0 — 57 bloques — hoja 3 de 3 — DXF R2018
  7
PVSLD_STD
 11
15.0
 21
269.0
 31
0.0
100
AcDbText
  0
LWPOLYLINE
  5
66B
330
663
100
AcDbEntity
 67
1
  8
E-ANNO-TABL
100
AcDbPolyline
 90
4
 70
1
 10
15.0
 20
263.0
 10
205.0
 20
263.0
 10
205.0
 20
43.0
 10
15.0
 20
43.0
  0
LINE
  5
66C
330
663
100
AcDbEntity
 67
1
  8
E-ANNO-TABL
100
AcDbLine
 10
15.0
 20
255.0
 30
0.0
 11
205.0
 21
255.0
 31
0.0
  0
TEXT
  5
66D
330
663
100
AcDbEntity
 67
1
  8
E-ANNO-NOTE
100
AcDbText
 10
18.0
 20
257.5
 30
0.0
 40
3.5
  1
Símbolo
  7
PVSLD_STD
 11
18.0
 21
257.5
 31
0.0
100
AcDbText
  0
TEXT
  5
66E
330
663
100
AcDbEntity
 67
1
  8
E-ANNO-NOTE
100
AcDbText
 10
60.0
 20
257.5
 30
0.0
 40
3.5
  1
Designación
  7
PVSLD_STD
 11
60.0
 21
257.5
 31
0.0
100
AcDbText
  0
TEXT
  5
66F
330
663
100
AcDbEntity
 67
1
  8
E-ANNO-NOTE
100
AcDbText
 10
134.0
 20
257.5
 30
0.0
 40
3.5
  1
Fuente
  7
PVSLD_STD
 11
134.0
 21
257.5
 31
0.0
100
AcDbText
  0
LINE
  5
670
330
663
100
AcDbEntity
 67
1
  8
E-ANNO-TABL
100
AcDbLine
 10
15.0
 20
248.0
 30
0.0
 11
205.0
 21
248.0
 31
0.0
  0
TEXT
  5
671
330
663
100
AcDbEntity
 67
1
  8
E-ANNO-NOTE
100
AcDbText
 10
18.0
 20
250.0
 30
0.0
 40
3.5
  1
MEDIA TENSIÓN (CONT.)
  7
PVSLD_STD
 11
18.0
 21
250.0
 31
0.0
100
AcDbText
  0
LINE
  5
672
330
663
100
AcDbEntity
 67
1
  8
E-ANNO-TABL
100
AcDbLine
 10
15.0
 20
230.0
 30
0.0
 11
205.0
 21
230.0
 31
0.0
  0
LINE
  5
673
330
663
100
AcDbEntity
 67
1
  8
E-ANNO-TABL
100
AcDbLine
 10
57.0
 20
248.0
 30
0.0
 11
57.0
 21
230.0
 31
0.0
  0
LINE
  5
674
330
663
100
AcDbEntity
 67
1
  8
E-ANNO-TABL
100
AcDbLine
 10
131.0
 20
248.0
 30
0.0
 11
131.0
 21
230.0
 31
0.0
  0
INSERT
  5
675
330
663
100
AcDbEntity
 67
1
  8
E-ANNO-NOTE
100
AcDbBlockReference
  2
PVSLD_ARRESTER_MV
 10
36.0
 20
244.0
 30
0.0
 41
0.4
 42
0.4
 43
0.4
  0
TEXT
  5
677
330
663
100
AcDbEntity
 67
1
  8
E-ANNO-NOTE
100
AcDbText
 10
60.0
 20
242.0
 30
0.0
 40
3.2
  1
Apartarrayos de media
  7
PVSLD_STD
 11
60.0
 21
242.0
 31
0.0
100
AcDbText
  0
TEXT
  5
678
330
663
100
AcDbEntity
 67
1
  8
E-ANNO-NOTE
100
AcDbText
 10
60.0
 20
237.6
 30
0.0
 40
3.2
  1
tensión
  7
PVSLD_STD
 11
60.0
 21
237.6
 31
0.0
100
AcDbText
  0
TEXT
  5
679
330
663
100
AcDbEntity
 67
1
  8
E-ANNO-NOTE
100
AcDbText
 10
60.0
 20
233.0
 30
0.0
 40
2.2
  1
PVSLD_ARRESTER_MV
  7
PVSLD_STD
 11
60.0
 21
233.0
 31
0.0
100
AcDbText
  0
TEXT
  5
67A
330
663
100
AcDbEntity
 67
1
  8
E-ANNO-NOTE
100
AcDbText
 10
134.0
 20
242.0
 30
0.0
 40
2.4
  1
NMX-J-136-ANCE-2019 4.2.178 (AR, IEC
  7
PVSLD_STD
 11
134.0
 21
242.0
 31
0.0
100
AcDbText
  0
TEXT
  5
67B
330
663
100
AcDbEntity
 67
1
  8
E-ANNO-NOTE
100
AcDbText
 10
134.0
 20
238.5
 30
0.0
 40
2.4
  1
S00373)
  7
PVSLD_STD
 11
134.0
 21
238.5
 31
0.0
100
AcDbText
  0
LINE
  5
67C
330
663
100
AcDbEntity
 67
1
  8
E-ANNO-TABL
100
AcDbLine
 10
15.0
 20
212.0
 30
0.0
 11
205.0
 21
212.0
 31
0.0
  0
LINE
  5
67D
330
663
100
AcDbEntity
 67
1
  8
E-ANNO-TABL
100
AcDbLine
 10
57.0
 20
230.0
 30
0.0
 11
57.0
 21
212.0
 31
0.0
  0
LINE
  5
67E
330
663
100
AcDbEntity
 67
1
  8
E-ANNO-TABL
100
AcDbLine
 10
131.0
 20
230.0
 30
0.0
 11
131.0
 21
212.0
 31
0.0
  0
INSERT
  5
67F
330
663
100
AcDbEntity
 67
1
  8
E-ANNO-NOTE
100
AcDbBlockReference
  2
PVSLD_DISCONNECT_MV
 10
23.5
 20
218.65
 30
0.0
  0
TEXT
  5
681
330
663
100
AcDbEntity
 67
1
  8
E-ANNO-NOTE
100
AcDbText
 10
60.0
 20
224.0
 30
0.0
 40
3.2
  1
Cuchillas desconectadoras
  7
PVSLD_STD
 11
60.0
 21
224.0
 31
0.0
100
AcDbText
  0
TEXT
  5
682
330
663
100
AcDbEntity
 67
1
  8
E-ANNO-NOTE
100
AcDbText
 10
60.0
 20
219.6
 30
0.0
 40
3.2
  1
de media tensión
  7
PVSLD_STD
 11
60.0
 21
219.6
 31
0.0
100
AcDbText
  0
TEXT
  5
683
330
663
100
AcDbEntity
 67
1
  8
E-ANNO-NOTE
100
AcDbText
 10
60.0
 20
215.0
 30
0.0
 40
2.2
  1
PVSLD_DISCONNECT_MV
  7
PVSLD_STD
 11
60.0
 21
215.0
 31
0.0
100
AcDbText
  0
TEXT
  5
684
330
663
100
AcDbEntity
 67
1
  8
E-ANNO-NOTE
100
AcDbText
 10
134.0
 20
224.0
 30
0.0
 40
2.4
  1
NMX-J-136-ANCE-2019 4.2.118 (DSSC)
  7
PVSLD_STD
 11
134.0
 21
224.0
 31
0.0
100
AcDbText
  0
LINE
  5
685
330
663
100
AcDbEntity
 67
1
  8
E-ANNO-TABL
100
AcDbLine
 10
15.0
 20
194.0
 30
0.0
 11
205.0
 21
194.0
 31
0.0
  0
LINE
  5
686
330
663
100
AcDbEntity
 67
1
  8
E-ANNO-TABL
100
AcDbLine
 10
57.0
 20
212.0
 30
0.0
 11
57.0
 21
194.0
 31
0.0
  0
LINE
  5
687
330
663
100
AcDbEntity
 67
1
  8
E-ANNO-TABL
100
AcDbLine
 10
131.0
 20
212.0
 30
0.0
 11
131.0
 21
194.0
 31
0.0
  0
INSERT
  5
688
330
663
100
AcDbEntity
 67
1
  8
E-ANNO-NOTE
100
AcDbBlockReference
  2
PVSLD_CT_MV
 10
28.5
 20
204.75
 30
0.0
  0
TEXT
  5
68A
330
663
100
AcDbEntity
 67
1
  8
E-ANNO-NOTE
100
AcDbText
 10
60.0
 20
206.0
 30
0.0
 40
3.2
  1
Transformador de corriente
  7
PVSLD_STD
 11
60.0
 21
206.0
 31
0.0
100
AcDbText
  0
TEXT
  5
68B
330
663
100
AcDbEntity
 67
1
  8
E-ANNO-NOTE
100
AcDbText
 10
60.0
 20
201.6
 30
0.0
 40
3.2
  1
(TC)
  7
PVSLD_STD
 11
60.0
 21
201.6
 31
0.0
100
AcDbText
  0
TEXT
  5
68C
330
663
100
AcDbEntity
 67
1
  8
E-ANNO-NOTE
100
AcDbText
 10
60.0
 20
197.0
 30
0.0
 40
2.2
  1
PVSLD_CT_MV
  7
PVSLD_STD
 11
60.0
 21
197.0
 31
0.0
100
AcDbText
  0
TEXT
  5
68D
330
663
100
AcDbEntity
 67
1
  8
E-ANNO-NOTE
100
AcDbText
 10
134.0
 20
206.0
 30
0.0
 40
2.4
  1
NMX-J-136-ANCE-2019 4.2.124 (TC)
  7
PVSLD_STD
 11
134.0
 21
206.0
 31
0.0
100
AcDbText
  0
LINE
  5
68E
330
663
100
AcDbEntity
 67
1
  8
E-ANNO-TABL
100
AcDbLine
 10
15.0
 20
176.0
 30
0.0
 11
205.0
 21
176.0
 31
0.0
  0
LINE
  5
68F
330
663
100
AcDbEntity
 67
1
  8
E-ANNO-TABL
100
AcDbLine
 10
57.0
 20
194.0
 30
0.0
 11
57.0
 21
176.0
 31
0.0
  0
LINE
  5
690
330
663
100
AcDbEntity
 67
1
  8
E-ANNO-TABL
100
AcDbLine
 10
131.0
 20
194.0
 30
0.0
 11
131.0
 21
176.0
 31
0.0
  0
INSERT
  5
691
330
663
100
AcDbEntity
 67
1
  8
E-ANNO-NOTE
100
AcDbBlockReference
  2
PVSLD_VT_MV
 10
28.5
 20
185.0
 30
0.0
  0
TEXT
  5
693
330
663
100
AcDbEntity
 67
1
  8
E-ANNO-NOTE
100
AcDbText
 10
60.0
 20
188.0
 30
0.0
 40
3.2
  1
Transformador de potencial
  7
PVSLD_STD
 11
60.0
 21
188.0
 31
0.0
100
AcDbText
  0
TEXT
  5
694
330
663
100
AcDbEntity
 67
1
  8
E-ANNO-NOTE
100
AcDbText
 10
60.0
 20
183.6
 30
0.0
 40
3.2
  1
(TP)
  7
PVSLD_STD
 11
60.0
 21
183.6
 31
0.0
100
AcDbText
  0
TEXT
  5
695
330
663
100
AcDbEntity
 67
1
  8
E-ANNO-NOTE
100
AcDbText
 10
60.0
 20
179.0
 30
0.0
 40
2.2
  1
PVSLD_VT_MV
  7
PVSLD_STD
 11
60.0
 21
179.0
 31
0.0
100
AcDbText
  0
TEXT
  5
696
330
663
100
AcDbEntity
 67
1
  8
E-ANNO-NOTE
100
AcDbText
 10
134.0
 20
188.0
 30
0.0
 40
2.4
  1
NMX-J-136-ANCE-2019 4.2.75 (TP)
  7
PVSLD_STD
 11
134.0
 21
188.0
 31
0.0
100
AcDbText
  0
LINE
  5
697
330
663
100
AcDbEntity
 67
1
  8
E-ANNO-TABL
100
AcDbLine
 10
15.0
 20
169.0
 30
0.0
 11
205.0
 21
169.0
 31
0.0
  0
TEXT
  5
698
330
663
100
AcDbEntity
 67
1
  8
E-ANNO-NOTE
100
AcDbText
 10
18.0
 20
171.0
 30
0.0
 40
3.5
  1
CONDUCTORES, LÍMITES Y ANOTACIÓN
  7
PVSLD_STD
 11
18.0
 21
171.0
 31
0.0
100
AcDbText
  0
LINE
  5
699
330
663
100
AcDbEntity
 67
1
  8
E-ANNO-TABL
100
AcDbLine
 10
15.0
 20
151.0
 30
0.0
 11
205.0
 21
151.0
 31
0.0
  0
LINE
  5
69A
330
663
100
AcDbEntity
 67
1
  8
E-ANNO-TABL
100
AcDbLine
 10
57.0
 20
169.0
 30
0.0
 11
57.0
 21
151.0
 31
0.0
  0
LINE
  5
69B
330
663
100
AcDbEntity
 67
1
  8
E-ANNO-TABL
100
AcDbLine
 10
131.0
 20
169.0
 30
0.0
 11
131.0
 21
151.0
 31
0.0
  0
INSERT
  5
69C
330
663
100
AcDbEntity
 67
1
  8
E-ANNO-NOTE
100
AcDbBlockReference
  2
PVSLD_BUSBAR
 10
21.0
 20
160.0
 30
0.0
  0
TEXT
  5
69E
330
663
100
AcDbEntity
 67
1
  8
E-ANNO-NOTE
100
AcDbText
 10
60.0
 20
163.0
 30
0.0
 40
3.2
  1
Barra colectora con puntos
  7
PVSLD_STD
 11
60.0
 21
163.0
 31
0.0
100
AcDbText
  0
TEXT
  5
69F
330
663
100
AcDbEntity
 67
1
  8
E-ANNO-NOTE
100
AcDbText
 10
60.0
 20
158.6
 30
0.0
 40
3.2
  1
de unión
  7
PVSLD_STD
 11
60.0
 21
158.6
 31
0.0
100
AcDbText
  0
TEXT
  5
6A0
330
663
100
AcDbEntity
 67
1
  8
E-ANNO-NOTE
100
AcDbText
 10
60.0
 20
154.0
 30
0.0
 40
2.2
  1
PVSLD_BUSBAR
  7
PVSLD_STD
 11
60.0
 21
154.0
 31
0.0
100
AcDbText
  0
TEXT
  5
6A1
330
663
100
AcDbEntity
 67
1
  8
E-ANNO-NOTE
100
AcDbText
 10
134.0
 20
163.0
 30
0.0
 40
2.4
  1
CFE G0100-04 Apéndice D, figs. D1 y
  7
PVSLD_STD
 11
134.0
 21
163.0
 31
0.0
100
AcDbText
  0
TEXT
  5
6A2
330
663
100
AcDbEntity
 67
1
  8
E-ANNO-NOTE
100
AcDbText
 10
134.0
 20
159.5
 30
0.0
 40
2.4
  1
D2 (barra de ramas)
  7
PVSLD_STD
 11
134.0
 21
159.5
 31
0.0
100
AcDbText
  0
LINE
  5
6A3
330
663
100
AcDbEntity
 67
1
  8
E-ANNO-TABL
100
AcDbLine
 10
15.0
 20
133.0
 30
0.0
 11
205.0
 21
133.0
 31
0.0
  0
LINE
  5
6A4
330
663
100
AcDbEntity
 67
1
  8
E-ANNO-TABL
100
AcDbLine
 10
57.0
 20
151.0
 30
0.0
 11
57.0
 21
133.0
 31
0.0
  0
LINE
  5
6A5
330
663
100
AcDbEntity
 67
1
  8
E-ANNO-TABL
100
AcDbLine
 10
131.0
 20
151.0
 30
0.0
 11
131.0
 21
133.0
 31
0.0
  0
INSERT
  5
6A6
330
663
100
AcDbEntity
 67
1
  8
E-ANNO-NOTE
100
AcDbBlockReference
  2
PVSLD_TERMINAL
 10
34.75
 20
142.0
 30
0.0
  0
TEXT
  5
6A8
330
663
100
AcDbEntity
 67
1
  8
E-ANNO-NOTE
100
AcDbText
 10
60.0
 20
145.0
 30
0.0
 40
3.2
  1
Terminal o borne
  7
PVSLD_STD
 11
60.0
 21
145.0
 31
0.0
100
AcDbText
  0
TEXT
  5
6A9
330
663
100
AcDbEntity
 67
1
  8
E-ANNO-NOTE
100
AcDbText
 10
60.0
 20
140.4
 30
0.0
 40
2.2
  1
PVSLD_TERMINAL
  7
PVSLD_STD
 11
60.0
 21
140.4
 31
0.0
100
AcDbText
  0
TEXT
  5
6AA
330
663
100
AcDbEntity
 67
1
  8
E-ANNO-NOTE
100
AcDbText
 10
134.0
 20
145.0
 30
0.0
 40
2.4
  1
NMX-J-136-ANCE-2019 4.2.140 (IEC
  7
PVSLD_STD
 11
134.0
 21
145.0
 31
0.0
100
AcDbText
  0
TEXT
  5
6AB
330
663
100
AcDbEntity
 67
1
  8
E-ANNO-NOTE
100
AcDbText
 10
134.0
 20
141.5
 30
0.0
 40
2.4
  1
S00017)
  7
PVSLD_STD
 11
134.0
 21
141.5
 31
0.0
100
AcDbText
  0
LINE
  5
6AC
330
663
100
AcDbEntity
 67
1
  8
E-ANNO-TABL
100
AcDbLine
 10
15.0
 20
115.0
 30
0.0
 11
205.0
 21
115.0
 31
0.0
  0
LINE
  5
6AD
330
663
100
AcDbEntity
 67
1
  8
E-ANNO-TABL
100
AcDbLine
 10
57.0
 20
133.0
 30
0.0
 11
57.0
 21
115.0
 31
0.0
  0
LINE
  5
6AE
330
663
100
AcDbEntity
 67
1
  8
E-ANNO-TABL
100
AcDbLine
 10
131.0
 20
133.0
 30
0.0
 11
131.0
 21
115.0
 31
0.0
  0
INSERT
  5
6AF
330
663
100
AcDbEntity
 67
1
  8
E-ANNO-NOTE
100
AcDbBlockReference
  2
PVSLD_CROSSING
 10
31.0
 20
124.0
 30
0.0
  0
TEXT
  5
6B1
330
663
100
AcDbEntity
 67
1
  8
E-ANNO-NOTE
100
AcDbText
 10
60.0
 20
127.0
 30
0.0
 40
3.2
  1
Cruce de conductores sin
  7
PVSLD_STD
 11
60.0
 21
127.0
 31
0.0
100
AcDbText
  0
TEXT
  5
6B2
330
663
100
AcDbEntity
 67
1
  8
E-ANNO-NOTE
100
AcDbText
 10
60.0
 20
122.6
 30
0.0
 40
3.2
  1
conexión
  7
PVSLD_STD
 11
60.0
 21
122.6
 31
0.0
100
AcDbText
  0
TEXT
  5
6B3
330
663
100
AcDbEntity
 67
1
  8
E-ANNO-NOTE
100
AcDbText
 10
60.0
 20
117.99999999999999
 30
0.0
 40
2.2
  1
PVSLD_CROSSING
  7
PVSLD_STD
 11
60.0
 21
117.99999999999999
 31
0.0
100
AcDbText
  0
TEXT
  5
6B4
330
663
100
AcDbEntity
 67
1
  8
E-ANNO-NOTE
100
AcDbText
 10
134.0
 20
127.0
 30
0.0
 40
2.4
  1
NMX-J-136-ANCE-2019 4.2.12
  7
PVSLD_STD
 11
134.0
 21
127.0
 31
0.0
100
AcDbText
  0
LINE
  5
6B5
330
663
100
AcDbEntity
 67
1
  8
E-ANNO-TABL
100
AcDbLine
 10
15.0
 20
97.0
 30
0.0
 11
205.0
 21
97.0
 31
0.0
  0
LINE
  5
6B6
330
663
100
AcDbEntity
 67
1
  8
E-ANNO-TABL
100
AcDbLine
 10
57.0
 20
115.0
 30
0.0
 11
57.0
 21
97.0
 31
0.0
  0
LINE
  5
6B7
330
663
100
AcDbEntity
 67
1
  8
E-ANNO-TABL
100
AcDbLine
 10
131.0
 20
115.0
 30
0.0
 11
131.0
 21
97.0
 31
0.0
  0
INSERT
  5
6B8
330
663
100
AcDbEntity
 67
1
  8
E-ANNO-NOTE
100
AcDbBlockReference
  2
PVSLD_JUNCTION
 10
36.0
 20
106.0
 30
0.0
  0
TEXT
  5
6BA
330
663
100
AcDbEntity
 67
1
  8
E-ANNO-NOTE
100
AcDbText
 10
60.0
 20
109.0
 30
0.0
 40
3.2
  1
Unión de conductores
  7
PVSLD_STD
 11
60.0
 21
109.0
 31
0.0
100
AcDbText
  0
TEXT
  5
6BB
330
663
100
AcDbEntity
 67
1
  8
E-ANNO-NOTE
100
AcDbText
 10
60.0
 20
104.6
 30
0.0
 40
3.2
  1
(punto)
  7
PVSLD_STD
 11
60.0
 21
104.6
 31
0.0
100
AcDbText
  0
TEXT
  5
6BC
330
663
100
AcDbEntity
 67
1
  8
E-ANNO-NOTE
100
AcDbText
 10
60.0
 20
99.99999999999999
 30
0.0
 40
2.2
  1
PVSLD_JUNCTION
  7
PVSLD_STD
 11
60.0
 21
99.99999999999999
 31
0.0
100
AcDbText
  0
TEXT
  5
6BD
330
663
100
AcDbEntity
 67
1
  8
E-ANNO-NOTE
100
AcDbText
 10
134.0
 20
109.0
 30
0.0
 40
2.4
  1
CFE G0100-04 Apéndice D
  7
PVSLD_STD
 11
134.0
 21
109.0
 31
0.0
100
AcDbText
  0
LINE
  5
6BE
330
663
100
AcDbEntity
 67
1
  8
E-ANNO-TABL
100
AcDbLine
 10
15.0
 20
79.0
 30
0.0
 11
205.0
 21
79.0
 31
0.0
  0
LINE
  5
6BF
330
663
100
AcDbEntity
 67
1
  8
E-ANNO-TABL
100
AcDbLine
 10
57.0
 20
97.0
 30
0.0
 11
57.0
 21
79.0
 31
0.0
  0
LINE
  5
6C0
330
663
100
AcDbEntity
 67
1
  8
E-ANNO-TABL
100
AcDbLine
 10
131.0
 20
97.0
 30
0.0
 11
131.0
 21
79.0
 31
0.0
  0
INSERT
  5
6C1
330
663
100
AcDbEntity
 67
1
  8
E-ANNO-NOTE
100
AcDbBlockReference
  2
PVSLD_COND_MARK
 10
36.0
 20
88.0
 30
0.0
  0
TEXT
  5
6C3
330
663
100
AcDbEntity
 67
1
  8
E-ANNO-NOTE
100
AcDbText
 10
60.0
 20
91.0
 30
0.0
 40
3.2
  1
Marca de número de
  7
PVSLD_STD
 11
60.0
 21
91.0
 31
0.0
100
AcDbText
  0
TEXT
  5
6C4
330
663
100
AcDbEntity
 67
1
  8
E-ANNO-NOTE
100
AcDbText
 10
60.0
 20
86.6
 30
0.0
 40
3.2
  1
conductores
  7
PVSLD_STD
 11
60.0
 21
86.6
 31
0.0
100
AcDbText
  0
TEXT
  5
6C5
330
663
100
AcDbEntity
 67
1
  8
E-ANNO-NOTE
100
AcDbText
 10
60.0
 20
81.99999999999999
 30
0.0
 40
2.2
  1
PVSLD_COND_MARK
  7
PVSLD_STD
 11
60.0
 21
81.99999999999999
 31
0.0
100
AcDbText
  0
TEXT
  5
6C6
330
663
100
AcDbEntity
 67
1
  8
E-ANNO-NOTE
100
AcDbText
 10
134.0
 20
91.0
 30
0.0
 40
2.4
  1
CFE G0100-04 Apéndice D
  7
PVSLD_STD
 11
134.0
 21
91.0
 31
0.0
100
AcDbText
  0
LINE
  5
6C7
330
663
100
AcDbEntity
 67
1
  8
E-ANNO-TABL
100
AcDbLine
 10
15.0
 20
61.0
 30
0.0
 11
205.0
 21
61.0
 31
0.0
  0
LINE
  5
6C8
330
663
100
AcDbEntity
 67
1
  8
E-ANNO-TABL
100
AcDbLine
 10
57.0
 20
79.0
 30
0.0
 11
57.0
 21
61.0
 31
0.0
  0
LINE
  5
6C9
330
663
100
AcDbEntity
 67
1
  8
E-ANNO-TABL
100
AcDbLine
 10
131.0
 20
79.0
 30
0.0
 11
131.0
 21
61.0
 31
0.0
  0
INSERT
  5
6CA
330
663
100
AcDbEntity
 67
1
  8
E-ANNO-NOTE
100
AcDbBlockReference
  2
PVSLD_POL_POS
 10
36.0
 20
70.0
 30
0.0
  0
TEXT
  5
6CC
330
663
100
AcDbEntity
 67
1
  8
E-ANNO-NOTE
100
AcDbText
 10
60.0
 20
73.0
 30
0.0
 40
3.2
  1
Polaridad positiva (+)
  7
PVSLD_STD
 11
60.0
 21
73.0
 31
0.0
100
AcDbText
  0
TEXT
  5
6CD
330
663
100
AcDbEntity
 67
1
  8
E-ANNO-NOTE
100
AcDbText
 10
60.0
 20
68.39999999999999
 30
0.0
 40
2.2
  1
PVSLD_POL_POS
  7
PVSLD_STD
 11
60.0
 21
68.39999999999999
 31
0.0
100
AcDbText
  0
TEXT
  5
6CE
330
663
100
AcDbEntity
 67
1
  8
E-ANNO-NOTE
100
AcDbText
 10
134.0
 20
73.0
 30
0.0
 40
2.4
  1
CFE G0100-04 Apéndice D
  7
PVSLD_STD
 11
134.0
 21
73.0
 31
0.0
100
AcDbText
  0
LINE
  5
6CF
330
663
100
AcDbEntity
 67
1
  8
E-ANNO-TABL
100
AcDbLine
 10
15.0
 20
43.0
 30
0.0
 11
205.0
 21
43.0
 31
0.0
  0
LINE
  5
6D0
330
663
100
AcDbEntity
 67
1
  8
E-ANNO-TABL
100
AcDbLine
 10
57.0
 20
61.0
 30
0.0
 11
57.0
 21
43.0
 31
0.0
  0
LINE
  5
6D1
330
663
100
AcDbEntity
 67
1
  8
E-ANNO-TABL
100
AcDbLine
 10
131.0
 20
61.0
 30
0.0
 11
131.0
 21
43.0
 31
0.0
  0
INSERT
  5
6D2
330
663
100
AcDbEntity
 67
1
  8
E-ANNO-NOTE
100
AcDbBlockReference
  2
PVSLD_POL_NEG
 10
36.0
 20
52.0
 30
0.0
  0
TEXT
  5
6D4
330
663
100
AcDbEntity
 67
1
  8
E-ANNO-NOTE
100
AcDbText
 10
60.0
 20
55.0
 30
0.0
 40
3.2
  1
Polaridad negativa (-)
  7
PVSLD_STD
 11
60.0
 21
55.0
 31
0.0
100
AcDbText
  0
TEXT
  5
6D5
330
663
100
AcDbEntity
 67
1
  8
E-ANNO-NOTE
100
AcDbText
 10
60.0
 20
50.4
 30
0.0
 40
2.2
  1
PVSLD_POL_NEG
  7
PVSLD_STD
 11
60.0
 21
50.4
 31
0.0
100
AcDbText
  0
TEXT
  5
6D6
330
663
100
AcDbEntity
 67
1
  8
E-ANNO-NOTE
100
AcDbText
 10
134.0
 20
55.0
 30
0.0
 40
2.4
  1
CFE G0100-04 Apéndice D
  7
PVSLD_STD
 11
134.0
 21
55.0
 31
0.0
100
AcDbText
  0
LWPOLYLINE
  5
6D7
330
663
100
AcDbEntity
 67
1
  8
E-ANNO-TABL
100
AcDbPolyline
 90
4
 70
1
 10
215.0
 20
263.0
 10
405.0
 20
263.0
 10
405.0
 20
194.0
 10
215.0
 20
194.0
  0
LINE
  5
6D8
330
663
100
AcDbEntity
 67
1
  8
E-ANNO-TABL
100
AcDbLine
 10
215.0
 20
255.0
 30
0.0
 11
405.0
 21
255.0
 31
0.0
  0
TEXT
  5
6D9
330
663
100
AcDbEntity
 67
1
  8
E-ANNO-NOTE
100
AcDbText
 10
218.0
 20
257.5
 30
0.0
 40
3.5
  1
Símbolo
  7
PVSLD_STD
 11
218.0
 21
257.5
 31
0.0
100
AcDbText
  0
TEXT
  5
6DA
330
663
100
AcDbEntity
 67
1
  8
E-ANNO-NOTE
100
AcDbText
 10
260.0
 20
257.5
 30
0.0
 40
3.5
  1
Designación
  7
PVSLD_STD
 11
260.0
 21
257.5
 31
0.0
100
AcDbText
  0
TEXT
  5
6DB
330
663
100
AcDbEntity
 67
1
  8
E-ANNO-NOTE
100
AcDbText
 10
334.0
 20
257.5
 30
0.0
 40
3.5
  1
Fuente
  7
PVSLD_STD
 11
334.0
 21
257.5
 31
0.0
100
AcDbText
  0
LINE
  5
6DC
330
663
100
AcDbEntity
 67
1
  8
E-ANNO-TABL
100
AcDbLine
 10
215.0
 20
248.0
 30
0.0
 11
405.0
 21
248.0
 31
0.0
  0
TEXT
  5
6DD
330
663
100
AcDbEntity
 67
1
  8
E-ANNO-NOTE
100
AcDbText
 10
218.0
 20
250.0
 30
0.0
 40
3.5
  1
CONDUCTORES, LÍMITES Y ANOTACIÓN (CONT.)
  7
PVSLD_STD
 11
218.0
 21
250.0
 31
0.0
100
AcDbText
  0
LINE
  5
6DE
330
663
100
AcDbEntity
 67
1
  8
E-ANNO-TABL
100
AcDbLine
 10
215.0
 20
230.0
 30
0.0
 11
405.0
 21
230.0
 31
0.0
  0
LINE
  5
6DF
330
663
100
AcDbEntity
 67
1
  8
E-ANNO-TABL
100
AcDbLine
 10
257.0
 20
248.0
 30
0.0
 11
257.0
 21
230.0
 31
0.0
  0
LINE
  5
6E0
330
663
100
AcDbEntity
 67
1
  8
E-ANNO-TABL
100
AcDbLine
 10
331.0
 20
248.0
 30
0.0
 11
331.0
 21
230.0
 31
0.0
  0
INSERT
  5
6E1
330
663
100
AcDbEntity
 67
1
  8
E-ANNO-NOTE
100
AcDbBlockReference
  2
PVSLD_ENCLOSURE
 10
229.34
 20
239.0
 30
0.0
 41
0.333
 42
0.333
 43
0.333
  0
TEXT
  5
6E3
330
663
100
AcDbEntity
 67
1
  8
E-ANNO-NOTE
100
AcDbText
 10
260.0
 20
242.0
 30
0.0
 40
3.2
  1
Gabinete o estructura
  7
PVSLD_STD
 11
260.0
 21
242.0
 31
0.0
100
AcDbText
  0
TEXT
  5
6E4
330
663
100
AcDbEntity
 67
1
  8
E-ANNO-NOTE
100
AcDbText
 10
260.0
 20
237.6
 30
0.0
 40
3.2
  1
metálica
  7
PVSLD_STD
 11
260.0
 21
237.6
 31
0.0
100
AcDbText
  0
TEXT
  5
6E5
330
663
100
AcDbEntity
 67
1
  8
E-ANNO-NOTE
100
AcDbText
 10
260.0
 20
233.0
 30
0.0
 40
2.2
  1
PVSLD_ENCLOSURE
  7
PVSLD_STD
 11
260.0
 21
233.0
 31
0.0
100
AcDbText
  0
TEXT
  5
6E6
330
663
100
AcDbEntity
 67
1
  8
E-ANNO-NOTE
100
AcDbText
 10
334.0
 20
242.0
 30
0.0
 40
2.4
  1
CFE G0100-04 Apéndice C
  7
PVSLD_STD
 11
334.0
 21
242.0
 31
0.0
100
AcDbText
  0
LINE
  5
6E7
330
663
100
AcDbEntity
 67
1
  8
E-ANNO-TABL
100
AcDbLine
 10
215.0
 20
212.0
 30
0.0
 11
405.0
 21
212.0
 31
0.0
  0
LINE
  5
6E8
330
663
100
AcDbEntity
 67
1
  8
E-ANNO-TABL
100
AcDbLine
 10
257.0
 20
230.0
 30
0.0
 11
257.0
 21
212.0
 31
0.0
  0
LINE
  5
6E9
330
663
100
AcDbEntity
 67
1
  8
E-ANNO-TABL
100
AcDbLine
 10
331.0
 20
230.0
 30
0.0
 11
331.0
 21
212.0
 31
0.0
  0
INSERT
  5
6EA
330
663
100
AcDbEntity
 67
1
  8
E-ANNO-NOTE
100
AcDbBlockReference
  2
PVSLD_BOUNDARY
 10
235.1509
 20
221.0
 30
0.0
 41
0.333
 42
0.333
 43
0.333
  0
TEXT
  5
6EC
330
663
100
AcDbEntity
 67
1
  8
E-ANNO-NOTE
100
AcDbText
 10
260.0
 20
224.0
 30
0.0
 40
3.2
  1
Límite de responsabilidad
  7
PVSLD_STD
 11
260.0
 21
224.0
 31
0.0
100
AcDbText
  0
TEXT
  5
6ED
330
663
100
AcDbEntity
 67
1
  8
E-ANNO-NOTE
100
AcDbText
 10
260.0
 20
219.6
 30
0.0
 40
3.2
  1
CFE / usuario
  7
PVSLD_STD
 11
260.0
 21
219.6
 31
0.0
100
AcDbText
  0
TEXT
  5
6EE
330
663
100
AcDbEntity
 67
1
  8
E-ANNO-NOTE
100
AcDbText
 10
260.0
 20
215.0
 30
0.0
 40
2.2
  1
PVSLD_BOUNDARY
  7
PVSLD_STD
 11
260.0
 21
215.0
 31
0.0
100
AcDbText
  0
TEXT
  5
6EF
330
663
100
AcDbEntity
 67
1
  8
E-ANNO-NOTE
100
AcDbText
 10
334.0
 20
224.0
 30
0.0
 40
2.4
  1
pvsld (composición); línea punto-
  7
PVSLD_STD
 11
334.0
 21
224.0
 31
0.0
100
AcDbText
  0
TEXT
  5
6F0
330
663
100
AcDbEntity
 67
1
  8
E-ANNO-NOTE
100
AcDbText
 10
334.0
 20
220.5
 30
0.0
 40
2.4
  1
punto-raya con los rótulos CFE y
  7
PVSLD_STD
 11
334.0
 21
220.5
 31
0.0
100
AcDbText
  0
TEXT
  5
6F1
330
663
100
AcDbEntity
 67
1
  8
E-ANNO-NOTE
100
AcDbText
 10
334.0
 20
217.0
 30
0.0
 40
2.4
  1
USUARIO
  7
PVSLD_STD
 11
334.0
 21
217.0
 31
0.0
100
AcDbText
  0
LINE
  5
6F2
330
663
100
AcDbEntity
 67
1
  8
E-ANNO-TABL
100
AcDbLine
 10
215.0
 20
194.0
 30
0.0
 11
405.0
 21
194.0
 31
0.0
  0
LINE
  5
6F3
330
663
100
AcDbEntity
 67
1
  8
E-ANNO-TABL
100
AcDbLine
 10
257.0
 20
212.0
 30
0.0
 11
257.0
 21
194.0
 31
0.0
  0
LINE
  5
6F4
330
663
100
AcDbEntity
 67
1
  8
E-ANNO-TABL
100
AcDbLine
 10
331.0
 20
212.0
 30
0.0
 11
331.0
 21
194.0
 31
0.0
  0
INSERT
  5
6F5
330
663
100
AcDbEntity
 67
1
  8
E-ANNO-NOTE
100
AcDbBlockReference
  2
PVSLD_TTLB
 10
220.5525
 20
197.99
 30
0.0
 41
0.167
 42
0.167
 43
0.167
  0
TEXT
  5
6F7
330
663
100
AcDbEntity
 67
1
  8
E-ANNO-NOTE
100
AcDbText
 10
260.0
 20
206.0
 30
0.0
 40
3.2
  1
Cuadro de datos del plano
  7
PVSLD_STD
 11
260.0
 21
206.0
 31
0.0
100
AcDbText
  0
TEXT
  5
6F8
330
663
100
AcDbEntity
 67
1
  8
E-ANNO-NOTE
100
AcDbText
 10
260.0
 20
201.6
 30
0.0
 40
3.2
  1
(pie de plano)
  7
PVSLD_STD
 11
260.0
 21
201.6
 31
0.0
100
AcDbText
  0
TEXT
  5
6F9
330
663
100
AcDbEntity
 67
1
  8
E-ANNO-NOTE
100
AcDbText
 10
260.0
 20
197.0
 30
0.0
 40
2.2
  1
PVSLD_TTLB
  7
PVSLD_STD
 11
260.0
 21
197.0
 31
0.0
100
AcDbText
  0
TEXT
  5
6FA
330
663
100
AcDbEntity
 67
1
  8
E-ANNO-NOTE
100
AcDbText
 10
334.0
 20
206.0
 30
0.0
 40
2.4
  1
pvsld (sin símbolo en CFE G0100-04 ni
  7
PVSLD_STD
 11
334.0
 21
206.0
 31
0.0
100
AcDbText
  0
TEXT
  5
6FB
330
663
100
AcDbEntity
 67
1
  8
E-ANNO-NOTE
100
AcDbText
 10
334.0
 20
202.5
 30
0.0
 40
2.4
  1
IEC 60617)
  7
PVSLD_STD
 11
334.0
 21
202.5
 31
0.0
100
AcDbText
  0
TEXT
  5
6FC
330
663
100
AcDbEntity
 67
1
  8
E-ANNO-NOTE
100
AcDbText
 10
15.0
 20
28.0
 30
0.0
 40
2.5
  1
Símbolos redibujados como geometría vectorial a partir de la norma indicada en la columna Fuente; ninguna norma se incluye ni se copia.
  7
PVSLD_STD
 11
15.0
 21
28.0
 31
0.0
100
AcDbText
  0
TEXT
  5
6FD
330
663
100
AcDbEntity
 67
1
  8
E-ANNO-NOTE
100
AcDbText
 10
15.0
 20
24.4
 30
0.0
 40
2.5
  1
Cada símbolo es un bloque PVSLD_<FUNCIÓN> con los atributos TAG y DESC y, ocultos, COMP_ID, IEC_REF, NMX_REF y SOURCE_STANDARD; los puertos están en XDATA (aplicación PVSLD).
  7
PVSLD_STD
 11
15.0
 21
24.4
 31
0.0
100
AcDbText
  0
TEXT
  5
6FE
330
663
100
AcDbEntity
 67
1
  8
E-ANNO-NOTE
100
AcDbText
 10
15.0
 20
20.799999999999997
 30
0.0
 40
2.5
  1
Dimensiones en mm a escala 1:1 dentro del bloque; en esta hoja cada símbolo se reduce, si hace falta, para caber en su celda.
  7
PVSLD_STD
 11
15.0
 21
20.799999999999997
 31
0.0
100
AcDbText
  0
ENDBLK
  5
665
330
663
100
AcDbEntity
  8
0
100
AcDbBlockEnd
  0
ENDSEC
  0
SECTION
  2
ENTITIES
  0
VIEWPORT
  5
495
330
1B
100
AcDbEntity
 67
1
  8
0
100
AcDbViewport
 10
210.0
 20
148.5
 30
0.0
 40
462.00000000000006
 41
326.70000000000005
 68
1
 69
1
 12
210.0
 22
148.5
 13
0.0
 23
0.0
 14
10.0
 24
10.0
 15
10.0
 25
10.0
 16
0.0
 26
0.0
 36
1.0
 17
0.0
 27
0.0
 37
0.0
 42
50.0
 43
0.0
 44
0.0
 45
326.70000000000005
 50
0.0
 51
0.0
 72
100
 90
557088
  1

281
0
 71
0
 74
0
110
0.0
120
0.0
130
0.0
111
1.0
121
0.0
131
0.0
112
0.0
122
1.0
132
0.0
 79
0
146
0.0
282
0
  0
LWPOLYLINE
  5
496
330
1B
100
AcDbEntity
 67
1
  8
G-ANNO-TTLB
370
70
100
AcDbPolyline
 90
4
 70
1
 10
10.0
 20
10.0
 10
410.0
 20
10.0
 10
410.0
 20
287.0
 10
10.0
 20
287.0
  0
TEXT
  5
497
330
1B
100
AcDbEntity
 67
1
  8
G-ANNO-TTLB
100
AcDbText
 10
15.0
 20
277.0
 30
0.0
 40
6.0
  1
SIMBOLOGÍA — DIAGRAMAS UNIFILARES FOTOVOLTAICOS
  7
PVSLD_STD
 11
15.0
 21
277.0
 31
0.0
100
AcDbText
  0
TEXT
  5
498
330
1B
100
AcDbEntity
 67
1
  8
E-ANNO-NOTE
100
AcDbText
 10
15.0
 20
269.0
 30
0.0
 40
3.5
  1
Biblioteca de símbolos pvsld v0.6.0 — 57 bloques — hoja 1 de 3 — DXF R2018
  7
PVSLD_STD
 11
15.0
 21
269.0
 31
0.0
100
AcDbText
  0
LWPOLYLINE
  5
499
330
1B
100
AcDbEntity
 67
1
  8
E-ANNO-TABL
100
AcDbPolyline
 90
4
 70
1
 10
15.0
 20
263.0
 10
205.0
 20
263.0
 10
205.0
 20
43.0
 10
15.0
 20
43.0
  0
LINE
  5
49A
330
1B
100
AcDbEntity
 67
1
  8
E-ANNO-TABL
100
AcDbLine
 10
15.0
 20
255.0
 30
0.0
 11
205.0
 21
255.0
 31
0.0
  0
TEXT
  5
49B
330
1B
100
AcDbEntity
 67
1
  8
E-ANNO-NOTE
100
AcDbText
 10
18.0
 20
257.5
 30
0.0
 40
3.5
  1
Símbolo
  7
PVSLD_STD
 11
18.0
 21
257.5
 31
0.0
100
AcDbText
  0
TEXT
  5
49C
330
1B
100
AcDbEntity
 67
1
  8
E-ANNO-NOTE
100
AcDbText
 10
60.0
 20
257.5
 30
0.0
 40
3.5
  1
Designación
  7
PVSLD_STD
 11
60.0
 21
257.5
 31
0.0
100
AcDbText
  0
TEXT
  5
49D
330
1B
100
AcDbEntity
 67
1
  8
E-ANNO-NOTE
100
AcDbText
 10
134.0
 20
257.5
 30
0.0
 40
3.5
  1
Fuente
  7
PVSLD_STD
 11
134.0
 21
257.5
 31
0.0
100
AcDbText
  0
LINE
  5
49E
330
1B
100
AcDbEntity
 67
1
  8
E-ANNO-TABL
100
AcDbLine
 10
15.0
 20
248.0
 30
0.0
 11
205.0
 21
248.0
 31
0.0
  0
TEXT
  5
49F
330
1B
100
AcDbEntity
 67
1
  8
E-ANNO-NOTE
100
AcDbText
 10
18.0
 20
250.0
 30
0.0
 40
3.5
  1
GENERACIÓN Y ALMACENAMIENTO
  7
PVSLD_STD
 11
18.0
 21
250.0
 31
0.0
100
AcDbText
  0
LINE
  5
4A0
330
1B
100
AcDbEntity
 67
1
  8
E-ANNO-TABL
100
AcDbLine
 10
15.0
 20
230.0
 30
0.0
 11
205.0
 21
230.0
 31
0.0
  0
LINE
  5
4A1
330
1B
100
AcDbEntity
 67
1
  8
E-ANNO-TABL
100
AcDbLine
 10
57.0
 20
248.0
 30
0.0
 11
57.0
 21
230.0
 31
0.0
  0
LINE
  5
4A2
330
1B
100
AcDbEntity
 67
1
  8
E-ANNO-TABL
100
AcDbLine
 10
131.0
 20
248.0
 30
0.0
 11
131.0
 21
230.0
 31
0.0
  0
INSERT
  5
4A3
330
1B
100
AcDbEntity
 67
1
  8
E-ANNO-NOTE
100
AcDbBlockReference
  2
PVSLD_PV_MODULE
 10
33.5
 20
239.0
 30
0.0
 41
0.5
 42
0.5
 43
0.5
  0
TEXT
  5
4A5
330
1B
100
AcDbEntity
 67
1
  8
E-ANNO-NOTE
100
AcDbText
 10
60.0
 20
242.0
 30
0.0
 40
3.2
  1
Módulo fotovoltaico
  7
PVSLD_STD
 11
60.0
 21
242.0
 31
0.0
100
AcDbText
  0
TEXT
  5
4A6
330
1B
100
AcDbEntity
 67
1
  8
E-ANNO-NOTE
100
AcDbText
 10
60.0
 20
237.4
 30
0.0
 40
2.2
  1
PVSLD_PV_MODULE
  7
PVSLD_STD
 11
60.0
 21
237.4
 31
0.0
100
AcDbText
  0
TEXT
  5
4A7
330
1B
100
AcDbEntity
 67
1
  8
E-ANNO-NOTE
100
AcDbText
 10
134.0
 20
242.0
 30
0.0
 40
2.4
  1
CFE G0100-04 Apéndice C
  7
PVSLD_STD
 11
134.0
 21
242.0
 31
0.0
100
AcDbText
  0
LINE
  5
4A8
330
1B
100
AcDbEntity
 67
1
  8
E-ANNO-TABL
100
AcDbLine
 10
15.0
 20
212.0
 30
0.0
 11
205.0
 21
212.0
 31
0.0
  0
LINE
  5
4A9
330
1B
100
AcDbEntity
 67
1
  8
E-ANNO-TABL
100
AcDbLine
 10
57.0
 20
230.0
 30
0.0
 11
57.0
 21
212.0
 31
0.0
  0
LINE
  5
4AA
330
1B
100
AcDbEntity
 67
1
  8
E-ANNO-TABL
100
AcDbLine
 10
131.0
 20
230.0
 30
0.0
 11
131.0
 21
212.0
 31
0.0
  0
INSERT
  5
4AB
330
1B
100
AcDbEntity
 67
1
  8
E-ANNO-NOTE
100
AcDbBlockReference
  2
PVSLD_PV_STRING
 10
28.5
 20
221.0
 30
0.0
 41
0.5
 42
0.5
 43
0.5
  0
TEXT
  5
4AD
330
1B
100
AcDbEntity
 67
1
  8
E-ANNO-NOTE
100
AcDbText
 10
60.0
 20
224.0
 30
0.0
 40
3.2
  1
Rama de módulos
  7
PVSLD_STD
 11
60.0
 21
224.0
 31
0.0
100
AcDbText
  0
TEXT
  5
4AE
330
1B
100
AcDbEntity
 67
1
  8
E-ANNO-NOTE
100
AcDbText
 10
60.0
 20
219.6
 30
0.0
 40
3.2
  1
fotovoltaicos en serie
  7
PVSLD_STD
 11
60.0
 21
219.6
 31
0.0
100
AcDbText
  0
TEXT
  5
4AF
330
1B
100
AcDbEntity
 67
1
  8
E-ANNO-NOTE
100
AcDbText
 10
60.0
 20
215.0
 30
0.0
 40
2.2
  1
PVSLD_PV_STRING
  7
PVSLD_STD
 11
60.0
 21
215.0
 31
0.0
100
AcDbText
  0
TEXT
  5
4B0
330
1B
100
AcDbEntity
 67
1
  8
E-ANNO-NOTE
100
AcDbText
 10
134.0
 20
224.0
 30
0.0
 40
2.4
  1
CFE G0100-04 Apéndices C y D
  7
PVSLD_STD
 11
134.0
 21
224.0
 31
0.0
100
AcDbText
  0
LINE
  5
4B1
330
1B
100
AcDbEntity
 67
1
  8
E-ANNO-TABL
100
AcDbLine
 10
15.0
 20
194.0
 30
0.0
 11
205.0
 21
194.0
 31
0.0
  0
LINE
  5
4B2
330
1B
100
AcDbEntity
 67
1
  8
E-ANNO-TABL
100
AcDbLine
 10
57.0
 20
212.0
 30
0.0
 11
57.0
 21
194.0
 31
0.0
  0
LINE
  5
4B3
330
1B
100
AcDbEntity
 67
1
  8
E-ANNO-TABL
100
AcDbLine
 10
131.0
 20
212.0
 30
0.0
 11
131.0
 21
194.0
 31
0.0
  0
INSERT
  5
4B4
330
1B
100
AcDbEntity
 67
1
  8
E-ANNO-NOTE
100
AcDbBlockReference
  2
PVSLD_DIODE
 10
36.0
 20
207.9962
 30
0.0
 41
0.571
 42
0.571
 43
0.571
  0
TEXT
  5
4B6
330
1B
100
AcDbEntity
 67
1
  8
E-ANNO-NOTE
100
AcDbText
 10
60.0
 20
206.0
 30
0.0
 40
3.2
  1
Diodo de paso
  7
PVSLD_STD
 11
60.0
 21
206.0
 31
0.0
100
AcDbText
  0
TEXT
  5
4B7
330
1B
100
AcDbEntity
 67
1
  8
E-ANNO-NOTE
100
AcDbText
 10
60.0
 20
201.4
 30
0.0
 40
2.2
  1
PVSLD_DIODE
  7
PVSLD_STD
 11
60.0
 21
201.4
 31
0.0
100
AcDbText
  0
TEXT
  5
4B8
330
1B
100
AcDbEntity
 67
1
  8
E-ANNO-NOTE
100
AcDbText
 10
134.0
 20
206.0
 30
0.0
 40
2.4
  1
CFE G0100-04 Apéndice C
  7
PVSLD_STD
 11
134.0
 21
206.0
 31
0.0
100
AcDbText
  0
LINE
  5
4B9
330
1B
100
AcDbEntity
 67
1
  8
E-ANNO-TABL
100
AcDbLine
 10
15.0
 20
176.0
 30
0.0
 11
205.0
 21
176.0
 31
0.0
  0
LINE
  5
4BA
330
1B
100
AcDbEntity
 67
1
  8
E-ANNO-TABL
100
AcDbLine
 10
57.0
 20
194.0
 30
0.0
 11
57.0
 21
176.0
 31
0.0
  0
LINE
  5
4BB
330
1B
100
AcDbEntity
 67
1
  8
E-ANNO-TABL
100
AcDbLine
 10
131.0
 20
194.0
 30
0.0
 11
131.0
 21
176.0
 31
0.0
  0
INSERT
  5
4BC
330
1B
100
AcDbEntity
 67
1
  8
E-ANNO-NOTE
100
AcDbBlockReference
  2
PVSLD_COMBINER
 10
28.5
 20
186.25
 30
0.0
 41
0.25
 42
0.25
 43
0.25
  0
TEXT
  5
4BE
330
1B
100
AcDbEntity
 67
1
  8
E-ANNO-NOTE
100
AcDbText
 10
60.0
 20
188.0
 30
0.0
 40
3.2
  1
Caja combinadora de ramas
  7
PVSLD_STD
 11
60.0
 21
188.0
 31
0.0
100
AcDbText
  0
TEXT
  5
4BF
330
1B
100
AcDbEntity
 67
1
  8
E-ANNO-NOTE
100
AcDbText
 10
60.0
 20
183.6
 30
0.0
 40
3.2
  1
(combiner)
  7
PVSLD_STD
 11
60.0
 21
183.6
 31
0.0
100
AcDbText
  0
TEXT
  5
4C0
330
1B
100
AcDbEntity
 67
1
  8
E-ANNO-NOTE
100
AcDbText
 10
60.0
 20
179.0
 30
0.0
 40
2.2
  1
PVSLD_COMBINER
  7
PVSLD_STD
 11
60.0
 21
179.0
 31
0.0
100
AcDbText
  0
TEXT
  5
4C1
330
1B
100
AcDbEntity
 67
1
  8
E-ANNO-NOTE
100
AcDbText
 10
134.0
 20
188.0
 30
0.0
 40
2.4
  1
pvsld (composición) según CFE
  7
PVSLD_STD
 11
134.0
 21
188.0
 31
0.0
100
AcDbText
  0
TEXT
  5
4C2
330
1B
100
AcDbEntity
 67
1
  8
E-ANNO-NOTE
100
AcDbText
 10
134.0
 20
184.5
 30
0.0
 40
2.4
  1
G0100-04 Apéndice D, figs. D1 y D2
  7
PVSLD_STD
 11
134.0
 21
184.5
 31
0.0
100
AcDbText
  0
LINE
  5
4C3
330
1B
100
AcDbEntity
 67
1
  8
E-ANNO-TABL
100
AcDbLine
 10
15.0
 20
158.0
 30
0.0
 11
205.0
 21
158.0
 31
0.0
  0
LINE
  5
4C4
330
1B
100
AcDbEntity
 67
1
  8
E-ANNO-TABL
100
AcDbLine
 10
57.0
 20
176.0
 30
0.0
 11
57.0
 21
158.0
 31
0.0
  0
LINE
  5
4C5
330
1B
100
AcDbEntity
 67
1
  8
E-ANNO-TABL
100
AcDbLine
 10
131.0
 20
176.0
 30
0.0
 11
131.0
 21
158.0
 31
0.0
  0
INSERT
  5
4C6
330
1B
100
AcDbEntity
 67
1
  8
E-ANNO-NOTE
100
AcDbBlockReference
  2
PVSLD_BATTERY
 10
28.025
 20
165.6225
 30
0.0
 41
0.58
 42
0.58
 43
0.58
  0
TEXT
  5
4C8
330
1B
100
AcDbEntity
 67
1
  8
E-ANNO-NOTE
100
AcDbText
 10
60.0
 20
170.0
 30
0.0
 40
3.2
  1
Batería o banco de baterías
  7
PVSLD_STD
 11
60.0
 21
170.0
 31
0.0
100
AcDbText
  0
TEXT
  5
4C9
330
1B
100
AcDbEntity
 67
1
  8
E-ANNO-NOTE
100
AcDbText
 10
60.0
 20
165.4
 30
0.0
 40
2.2
  1
PVSLD_BATTERY
  7
PVSLD_STD
 11
60.0
 21
165.4
 31
0.0
100
AcDbText
  0
TEXT
  5
4CA
330
1B
100
AcDbEntity
 67
1
  8
E-ANNO-NOTE
100
AcDbText
 10
134.0
 20
170.0
 30
0.0
 40
2.4
  1
NMX-J-136-ANCE-2019 4.2.280 (batería
  7
PVSLD_STD
 11
134.0
 21
170.0
 31
0.0
100
AcDbText
  0
TEXT
  5
4CB
330
1B
100
AcDbEntity
 67
1
  8
E-ANNO-NOTE
100
AcDbText
 10
134.0
 20
166.5
 30
0.0
 40
2.4
  1
de celdas, forma 1)
  7
PVSLD_STD
 11
134.0
 21
166.5
 31
0.0
100
AcDbText
  0
LINE
  5
4CC
330
1B
100
AcDbEntity
 67
1
  8
E-ANNO-TABL
100
AcDbLine
 10
15.0
 20
151.0
 30
0.0
 11
205.0
 21
151.0
 31
0.0
  0
TEXT
  5
4CD
330
1B
100
AcDbEntity
 67
1
  8
E-ANNO-NOTE
100
AcDbText
 10
18.0
 20
153.0
 30
0.0
 40
3.5
  1
CONVERSIÓN Y TRANSFORMACIÓN
  7
PVSLD_STD
 11
18.0
 21
153.0
 31
0.0
100
AcDbText
  0
LINE
  5
4CE
330
1B
100
AcDbEntity
 67
1
  8
E-ANNO-TABL
100
AcDbLine
 10
15.0
 20
133.0
 30
0.0
 11
205.0
 21
133.0
 31
0.0
  0
LINE
  5
4CF
330
1B
100
AcDbEntity
 67
1
  8
E-ANNO-TABL
100
AcDbLine
 10
57.0
 20
151.0
 30
0.0
 11
57.0
 21
133.0
 31
0.0
  0
LINE
  5
4D0
330
1B
100
AcDbEntity
 67
1
  8
E-ANNO-TABL
100
AcDbLine
 10
131.0
 20
151.0
 30
0.0
 11
131.0
 21
133.0
 31
0.0
  0
INSERT
  5
4D1
330
1B
100
AcDbEntity
 67
1
  8
E-ANNO-NOTE
100
AcDbBlockReference
  2
PVSLD_INV
 10
30.45
 20
142.0
 30
0.0
 41
0.222
 42
0.222
 43
0.222
  0
TEXT
  5
4D3
330
1B
100
AcDbEntity
 67
1
  8
E-ANNO-NOTE
100
AcDbText
 10
60.0
 20
145.0
 30
0.0
 40
3.2
  1
Inversor de red de cadena
  7
PVSLD_STD
 11
60.0
 21
145.0
 31
0.0
100
AcDbText
  0
TEXT
  5
4D4
330
1B
100
AcDbEntity
 67
1
  8
E-ANNO-NOTE
100
AcDbText
 10
60.0
 20
140.4
 30
0.0
 40
2.2
  1
PVSLD_INV
  7
PVSLD_STD
 11
60.0
 21
140.4
 31
0.0
100
AcDbText
  0
TEXT
  5
4D5
330
1B
100
AcDbEntity
 67
1
  8
E-ANNO-NOTE
100
AcDbText
 10
134.0
 20
145.0
 30
0.0
 40
2.4
  1
CFE G0100-04 Apéndice C
  7
PVSLD_STD
 11
134.0
 21
145.0
 31
0.0
100
AcDbText
  0
LINE
  5
4D6
330
1B
100
AcDbEntity
 67
1
  8
E-ANNO-TABL
100
AcDbLine
 10
15.0
 20
115.0
 30
0.0
 11
205.0
 21
115.0
 31
0.0
  0
LINE
  5
4D7
330
1B
100
AcDbEntity
 67
1
  8
E-ANNO-TABL
100
AcDbLine
 10
57.0
 20
133.0
 30
0.0
 11
57.0
 21
115.0
 31
0.0
  0
LINE
  5
4D8
330
1B
100
AcDbEntity
 67
1
  8
E-ANNO-TABL
100
AcDbLine
 10
131.0
 20
133.0
 30
0.0
 11
131.0
 21
115.0
 31
0.0
  0
INSERT
  5
4D9
330
1B
100
AcDbEntity
 67
1
  8
E-ANNO-NOTE
100
AcDbBlockReference
  2
PVSLD_INV_HYBRID
 10
30.45
 20
124.0
 30
0.0
 41
0.222
 42
0.222
 43
0.222
  0
TEXT
  5
4DB
330
1B
100
AcDbEntity
 67
1
  8
E-ANNO-NOTE
100
AcDbText
 10
60.0
 20
127.0
 30
0.0
 40
3.2
  1
Inversor híbrido (con
  7
PVSLD_STD
 11
60.0
 21
127.0
 31
0.0
100
AcDbText
  0
TEXT
  5
4DC
330
1B
100
AcDbEntity
 67
1
  8
E-ANNO-NOTE
100
AcDbText
 10
60.0
 20
122.6
 30
0.0
 40
3.2
  1
puerto de batería)
  7
PVSLD_STD
 11
60.0
 21
122.6
 31
0.0
100
AcDbText
  0
TEXT
  5
4DD
330
1B
100
AcDbEntity
 67
1
  8
E-ANNO-NOTE
100
AcDbText
 10
60.0
 20
117.99999999999999
 30
0.0
 40
2.2
  1
PVSLD_INV_HYBRID
  7
PVSLD_STD
 11
60.0
 21
117.99999999999999
 31
0.0
100
AcDbText
  0
TEXT
  5
4DE
330
1B
100
AcDbEntity
 67
1
  8
E-ANNO-NOTE
100
AcDbText
 10
134.0
 20
127.0
 30
0.0
 40
2.4
  1
pvsld (composición) sobre CFE
  7
PVSLD_STD
 11
134.0
 21
127.0
 31
0.0
100
AcDbText
  0
TEXT
  5
4DF
330
1B
100
AcDbEntity
 67
1
  8
E-ANNO-NOTE
100
AcDbText
 10
134.0
 20
123.5
 30
0.0
 40
2.4
  1
G0100-04 Apéndice C (inversor); ref.
  7
PVSLD_STD
 11
134.0
 21
123.5
 31
0.0
100
AcDbText
  0
TEXT
  5
4E0
330
1B
100
AcDbEntity
 67
1
  8
E-ANNO-NOTE
100
AcDbText
 10
134.0
 20
120.0
 30
0.0
 40
2.4
  1
DGE 06-63-06
  7
PVSLD_STD
 11
134.0
 21
120.0
 31
0.0
100
AcDbText
  0
LINE
  5
4E1
330
1B
100
AcDbEntity
 67
1
  8
E-ANNO-TABL
100
AcDbLine
 10
15.0
 20
97.0
 30
0.0
 11
205.0
 21
97.0
 31
0.0
  0
LINE
  5
4E2
330
1B
100
AcDbEntity
 67
1
  8
E-ANNO-TABL
100
AcDbLine
 10
57.0
 20
115.0
 30
0.0
 11
57.0
 21
97.0
 31
0.0
  0
LINE
  5
4E3
330
1B
100
AcDbEntity
 67
1
  8
E-ANNO-TABL
100
AcDbLine
 10
131.0
 20
115.0
 30
0.0
 11
131.0
 21
97.0
 31
0.0
  0
INSERT
  5
4E4
330
1B
100
AcDbEntity
 67
1
  8
E-ANNO-NOTE
100
AcDbBlockReference
  2
PVSLD_MICROINV
 10
32.25
 20
107.25
 30
0.0
 41
0.5
 42
0.5
 43
0.5
  0
TEXT
  5
4E6
330
1B
100
AcDbEntity
 67
1
  8
E-ANNO-NOTE
100
AcDbText
 10
60.0
 20
109.0
 30
0.0
 40
3.2
  1
Microinversor (por módulo)
  7
PVSLD_STD
 11
60.0
 21
109.0
 31
0.0
100
AcDbText
  0
TEXT
  5
4E7
330
1B
100
AcDbEntity
 67
1
  8
E-ANNO-NOTE
100
AcDbText
 10
60.0
 20
104.39999999999999
 30
0.0
 40
2.2
  1
PVSLD_MICROINV
  7
PVSLD_STD
 11
60.0
 21
104.39999999999999
 31
0.0
100
AcDbText
  0
TEXT
  5
4E8
330
1B
100
AcDbEntity
 67
1
  8
E-ANNO-NOTE
100
AcDbText
 10
134.0
 20
109.0
 30
0.0
 40
2.4
  1
pvsld (composición) sobre CFE
  7
PVSLD_STD
 11
134.0
 21
109.0
 31
0.0
100
AcDbText
  0
TEXT
  5
4E9
330
1B
100
AcDbEntity
 67
1
  8
E-ANNO-NOTE
100
AcDbText
 10
134.0
 20
105.5
 30
0.0
 40
2.4
  1
G0100-04 Apéndice C (inversor)
  7
PVSLD_STD
 11
134.0
 21
105.5
 31
0.0
100
AcDbText
  0
LINE
  5
4EA
330
1B
100
AcDbEntity
 67
1
  8
E-ANNO-TABL
100
AcDbLine
 10
15.0
 20
79.0
 30
0.0
 11
205.0
 21
79.0
 31
0.0
  0
LINE
  5
4EB
330
1B
100
AcDbEntity
 67
1
  8
E-ANNO-TABL
100
AcDbLine
 10
57.0
 20
97.0
 30
0.0
 11
57.0
 21
79.0
 31
0.0
  0
LINE
  5
4EC
330
1B
100
AcDbEntity
 67
1
  8
E-ANNO-TABL
100
AcDbLine
 10
131.0
 20
97.0
 30
0.0
 11
131.0
 21
79.0
 31
0.0
  0
INSERT
  5
4ED
330
1B
100
AcDbEntity
 67
1
  8
E-ANNO-NOTE
100
AcDbBlockReference
  2
PVSLD_OPTIMIZER
 10
32.25
 20
89.25
 30
0.0
 41
0.5
 42
0.5
 43
0.5
  0
TEXT
  5
4EF
330
1B
100
AcDbEntity
 67
1
  8
E-ANNO-NOTE
100
AcDbText
 10
60.0
 20
91.0
 30
0.0
 40
3.2
  1
Optimizador de potencia
  7
PVSLD_STD
 11
60.0
 21
91.0
 31
0.0
100
AcDbText
  0
TEXT
  5
4F0
330
1B
100
AcDbEntity
 67
1
  8
E-ANNO-NOTE
100
AcDbText
 10
60.0
 20
86.6
 30
0.0
 40
3.2
  1
(convertidor CD/CD)
  7
PVSLD_STD
 11
60.0
 21
86.6
 31
0.0
100
AcDbText
  0
TEXT
  5
4F1
330
1B
100
AcDbEntity
 67
1
  8
E-ANNO-NOTE
100
AcDbText
 10
60.0
 20
81.99999999999999
 30
0.0
 40
2.2
  1
PVSLD_OPTIMIZER
  7
PVSLD_STD
 11
60.0
 21
81.99999999999999
 31
0.0
100
AcDbText
  0
TEXT
  5
4F2
330
1B
100
AcDbEntity
 67
1
  8
E-ANNO-NOTE
100
AcDbText
 10
134.0
 20
91.0
 30
0.0
 40
2.4
  1
pvsld (composición); convertidor
  7
PVSLD_STD
 11
134.0
 21
91.0
 31
0.0
100
AcDbText
  0
TEXT
  5
4F3
330
1B
100
AcDbEntity
 67
1
  8
E-ANNO-NOTE
100
AcDbText
 10
134.0
 20
87.5
 30
0.0
 40
2.4
  1
CD/CD de DGE (basada en IEC 60617)
  7
PVSLD_STD
 11
134.0
 21
87.5
 31
0.0
100
AcDbText
  0
TEXT
  5
4F4
330
1B
100
AcDbEntity
 67
1
  8
E-ANNO-NOTE
100
AcDbText
 10
134.0
 20
84.0
 30
0.0
 40
2.4
  1
06-63-02
  7
PVSLD_STD
 11
134.0
 21
84.0
 31
0.0
100
AcDbText
  0
LINE
  5
4F5
330
1B
100
AcDbEntity
 67
1
  8
E-ANNO-TABL
100
AcDbLine
 10
15.0
 20
61.0
 30
0.0
 11
205.0
 21
61.0
 31
0.0
  0
LINE
  5
4F6
330
1B
100
AcDbEntity
 67
1
  8
E-ANNO-TABL
100
AcDbLine
 10
57.0
 20
79.0
 30
0.0
 11
57.0
 21
61.0
 31
0.0
  0
LINE
  5
4F7
330
1B
100
AcDbEntity
 67
1
  8
E-ANNO-TABL
100
AcDbLine
 10
131.0
 20
79.0
 30
0.0
 11
131.0
 21
61.0
 31
0.0
  0
INSERT
  5
4F8
330
1B
100
AcDbEntity
 67
1
  8
E-ANNO-NOTE
100
AcDbBlockReference
  2
PVSLD_CHARGE_CTRL
 10
32.25
 20
71.25
 30
0.0
 41
0.5
 42
0.5
 43
0.5
  0
TEXT
  5
4FA
330
1B
100
AcDbEntity
 67
1
  8
E-ANNO-NOTE
100
AcDbText
 10
60.0
 20
73.0
 30
0.0
 40
3.2
  1
Controlador de carga (MPPT)
  7
PVSLD_STD
 11
60.0
 21
73.0
 31
0.0
100
AcDbText
  0
TEXT
  5
4FB
330
1B
100
AcDbEntity
 67
1
  8
E-ANNO-NOTE
100
AcDbText
 10
60.0
 20
68.39999999999999
 30
0.0
 40
2.2
  1
PVSLD_CHARGE_CTRL
  7
PVSLD_STD
 11
60.0
 21
68.39999999999999
 31
0.0
100
AcDbText
  0
TEXT
  5
4FC
330
1B
100
AcDbEntity
 67
1
  8
E-ANNO-NOTE
100
AcDbText
 10
134.0
 20
73.0
 30
0.0
 40
2.4
  1
pvsld (composición); convertidor
  7
PVSLD_STD
 11
134.0
 21
73.0
 31
0.0
100
AcDbText
  0
TEXT
  5
4FD
330
1B
100
AcDbEntity
 67
1
  8
E-ANNO-NOTE
100
AcDbText
 10
134.0
 20
69.5
 30
0.0
 40
2.4
  1
CD/CD de DGE (basada en IEC 60617)
  7
PVSLD_STD
 11
134.0
 21
69.5
 31
0.0
100
AcDbText
  0
TEXT
  5
4FE
330
1B
100
AcDbEntity
 67
1
  8
E-ANNO-NOTE
100
AcDbText
 10
134.0
 20
66.0
 30
0.0
 40
2.4
  1
06-63-02
  7
PVSLD_STD
 11
134.0
 21
66.0
 31
0.0
100
AcDbText
  0
LINE
  5
4FF
330
1B
100
AcDbEntity
 67
1
  8
E-ANNO-TABL
100
AcDbLine
 10
15.0
 20
43.0
 30
0.0
 11
205.0
 21
43.0
 31
0.0
  0
LINE
  5
500
330
1B
100
AcDbEntity
 67
1
  8
E-ANNO-TABL
100
AcDbLine
 10
57.0
 20
61.0
 30
0.0
 11
57.0
 21
43.0
 31
0.0
  0
LINE
  5
501
330
1B
100
AcDbEntity
 67
1
  8
E-ANNO-TABL
100
AcDbLine
 10
131.0
 20
61.0
 30
0.0
 11
131.0
 21
43.0
 31
0.0
  0
INSERT
  5
502
330
1B
100
AcDbEntity
 67
1
  8
E-ANNO-NOTE
100
AcDbBlockReference
  2
PVSLD_XFMR_ISO
 10
29.75
 20
57.0
 30
0.0
 41
0.5
 42
0.5
 43
0.5
  0
TEXT
  5
504
330
1B
100
AcDbEntity
 67
1
  8
E-ANNO-NOTE
100
AcDbText
 10
60.0
 20
55.0
 30
0.0
 40
3.2
  1
Transformador de
  7
PVSLD_STD
 11
60.0
 21
55.0
 31
0.0
100
AcDbText
  0
TEXT
  5
505
330
1B
100
AcDbEntity
 67
1
  8
E-ANNO-NOTE
100
AcDbText
 10
60.0
 20
50.6
 30
0.0
 40
3.2
  1
aislamiento
  7
PVSLD_STD
 11
60.0
 21
50.6
 31
0.0
100
AcDbText
  0
TEXT
  5
506
330
1B
100
AcDbEntity
 67
1
  8
E-ANNO-NOTE
100
AcDbText
 10
60.0
 20
46.0
 30
0.0
 40
2.2
  1
PVSLD_XFMR_ISO
  7
PVSLD_STD
 11
60.0
 21
46.0
 31
0.0
100
AcDbText
  0
TEXT
  5
507
330
1B
100
AcDbEntity
 67
1
  8
E-ANNO-NOTE
100
AcDbText
 10
134.0
 20
55.0
 30
0.0
 40
2.4
  1
CFE G0100-04 Apéndice C
  7
PVSLD_STD
 11
134.0
 21
55.0
 31
0.0
100
AcDbText
  0
LWPOLYLINE
  5
508
330
1B
100
AcDbEntity
 67
1
  8
E-ANNO-TABL
100
AcDbPolyline
 90
4
 70
1
 10
215.0
 20
263.0
 10
405.0
 20
263.0
 10
405.0
 20
50.0
 10
215.0
 20
50.0
  0
LINE
  5
509
330
1B
100
AcDbEntity
 67
1
  8
E-ANNO-TABL
100
AcDbLine
 10
215.0
 20
255.0
 30
0.0
 11
405.0
 21
255.0
 31
0.0
  0
TEXT
  5
50A
330
1B
100
AcDbEntity
 67
1
  8
E-ANNO-NOTE
100
AcDbText
 10
218.0
 20
257.5
 30
0.0
 40
3.5
  1
Símbolo
  7
PVSLD_STD
 11
218.0
 21
257.5
 31
0.0
100
AcDbText
  0
TEXT
  5
50B
330
1B
100
AcDbEntity
 67
1
  8
E-ANNO-NOTE
100
AcDbText
 10
260.0
 20
257.5
 30
0.0
 40
3.5
  1
Designación
  7
PVSLD_STD
 11
260.0
 21
257.5
 31
0.0
100
AcDbText
  0
TEXT
  5
50C
330
1B
100
AcDbEntity
 67
1
  8
E-ANNO-NOTE
100
AcDbText
 10
334.0
 20
257.5
 30
0.0
 40
3.5
  1
Fuente
  7
PVSLD_STD
 11
334.0
 21
257.5
 31
0.0
100
AcDbText
  0
LINE
  5
50D
330
1B
100
AcDbEntity
 67
1
  8
E-ANNO-TABL
100
AcDbLine
 10
215.0
 20
248.0
 30
0.0
 11
405.0
 21
248.0
 31
0.0
  0
TEXT
  5
50E
330
1B
100
AcDbEntity
 67
1
  8
E-ANNO-NOTE
100
AcDbText
 10
218.0
 20
250.0
 30
0.0
 40
3.5
  1
PROTECCIÓN
  7
PVSLD_STD
 11
218.0
 21
250.0
 31
0.0
100
AcDbText
  0
LINE
  5
50F
330
1B
100
AcDbEntity
 67
1
  8
E-ANNO-TABL
100
AcDbLine
 10
215.0
 20
230.0
 30
0.0
 11
405.0
 21
230.0
 31
0.0
  0
LINE
  5
510
330
1B
100
AcDbEntity
 67
1
  8
E-ANNO-TABL
100
AcDbLine
 10
257.0
 20
248.0
 30
0.0
 11
257.0
 21
230.0
 31
0.0
  0
LINE
  5
511
330
1B
100
AcDbEntity
 67
1
  8
E-ANNO-TABL
100
AcDbLine
 10
331.0
 20
248.0
 30
0.0
 11
331.0
 21
230.0
 31
0.0
  0
INSERT
  5
512
330
1B
100
AcDbEntity
 67
1
  8
E-ANNO-NOTE
100
AcDbBlockReference
  2
PVSLD_CB
 10
226.0
 20
238.25
 30
0.0
  0
TEXT
  5
514
330
1B
100
AcDbEntity
 67
1
  8
E-ANNO-NOTE
100
AcDbText
 10
260.0
 20
242.0
 30
0.0
 40
3.2
  1
Interruptor termomagnético
  7
PVSLD_STD
 11
260.0
 21
242.0
 31
0.0
100
AcDbText
  0
TEXT
  5
515
330
1B
100
AcDbEntity
 67
1
  8
E-ANNO-NOTE
100
AcDbText
 10
260.0
 20
237.6
 30
0.0
 40
3.2
  1
(ITM)
  7
PVSLD_STD
 11
260.0
 21
237.6
 31
0.0
100
AcDbText
  0
TEXT
  5
516
330
1B
100
AcDbEntity
 67
1
  8
E-ANNO-NOTE
100
AcDbText
 10
260.0
 20
233.0
 30
0.0
 40
2.2
  1
PVSLD_CB
  7
PVSLD_STD
 11
260.0
 21
233.0
 31
0.0
100
AcDbText
  0
TEXT
  5
517
330
1B
100
AcDbEntity
 67
1
  8
E-ANNO-NOTE
100
AcDbText
 10
334.0
 20
242.0
 30
0.0
 40
2.4
  1
CFE G0100-04 Apéndice C
  7
PVSLD_STD
 11
334.0
 21
242.0
 31
0.0
100
AcDbText
  0
LINE
  5
518
330
1B
100
AcDbEntity
 67
1
  8
E-ANNO-TABL
100
AcDbLine
 10
215.0
 20
212.0
 30
0.0
 11
405.0
 21
212.0
 31
0.0
  0
LINE
  5
519
330
1B
100
AcDbEntity
 67
1
  8
E-ANNO-TABL
100
AcDbLine
 10
257.0
 20
230.0
 30
0.0
 11
257.0
 21
212.0
 31
0.0
  0
LINE
  5
51A
330
1B
100
AcDbEntity
 67
1
  8
E-ANNO-TABL
100
AcDbLine
 10
331.0
 20
230.0
 30
0.0
 11
331.0
 21
212.0
 31
0.0
  0
INSERT
  5
51B
330
1B
100
AcDbEntity
 67
1
  8
E-ANNO-NOTE
100
AcDbBlockReference
  2
PVSLD_CB_IEC
 10
224.9875
 20
223.5769
 30
0.0
 41
0.881
 42
0.881
 43
0.881
  0
TEXT
  5
51D
330
1B
100
AcDbEntity
 67
1
  8
E-ANNO-NOTE
100
AcDbText
 10
260.0
 20
224.0
 30
0.0
 40
3.2
  1
Interruptor termomagnético
  7
PVSLD_STD
 11
260.0
 21
224.0
 31
0.0
100
AcDbText
  0
TEXT
  5
51E
330
1B
100
AcDbEntity
 67
1
  8
E-ANNO-NOTE
100
AcDbText
 10
260.0
 20
219.6
 30
0.0
 40
3.2
  1
(forma IEC/UNE)
  7
PVSLD_STD
 11
260.0
 21
219.6
 31
0.0
100
AcDbText
  0
TEXT
  5
51F
330
1B
100
AcDbEntity
 67
1
  8
E-ANNO-NOTE
100
AcDbText
 10
260.0
 20
215.0
 30
0.0
 40
2.2
  1
PVSLD_CB_IEC
  7
PVSLD_STD
 11
260.0
 21
215.0
 31
0.0
100
AcDbText
  0
TEXT
  5
520
330
1B
100
AcDbEntity
 67
1
  8
E-ANNO-NOTE
100
AcDbText
 10
334.0
 20
224.0
 30
0.0
 40
2.4
  1
UNE-EN 60617 (hoja del propietario,
  7
PVSLD_STD
 11
334.0
 21
224.0
 31
0.0
100
AcDbText
  0
TEXT
  5
521
330
1B
100
AcDbEntity
 67
1
  8
E-ANNO-NOTE
100
AcDbText
 10
334.0
 20
220.5
 30
0.0
 40
2.4
  1
p. 4); cf. NMX-J-136-ANCE-2019
  7
PVSLD_STD
 11
334.0
 21
220.5
 31
0.0
100
AcDbText
  0
TEXT
  5
522
330
1B
100
AcDbEntity
 67
1
  8
E-ANNO-NOTE
100
AcDbText
 10
334.0
 20
217.0
 30
0.0
 40
2.4
  1
4.2.169 (IEC S00287)
  7
PVSLD_STD
 11
334.0
 21
217.0
 31
0.0
100
AcDbText
  0
LINE
  5
523
330
1B
100
AcDbEntity
 67
1
  8
E-ANNO-TABL
100
AcDbLine
 10
215.0
 20
194.0
 30
0.0
 11
405.0
 21
194.0
 31
0.0
  0
LINE
  5
524
330
1B
100
AcDbEntity
 67
1
  8
E-ANNO-TABL
100
AcDbLine
 10
257.0
 20
212.0
 30
0.0
 11
257.0
 21
194.0
 31
0.0
  0
LINE
  5
525
330
1B
100
AcDbEntity
 67
1
  8
E-ANNO-TABL
100
AcDbLine
 10
331.0
 20
212.0
 30
0.0
 11
331.0
 21
194.0
 31
0.0
  0
INSERT
  5
526
330
1B
100
AcDbEntity
 67
1
  8
E-ANNO-NOTE
100
AcDbBlockReference
  2
PVSLD_RCD
 10
230.74
 20
204.8936
 30
0.0
 41
0.526
 42
0.526
 43
0.526
  0
TEXT
  5
528
330
1B
100
AcDbEntity
 67
1
  8
E-ANNO-NOTE
100
AcDbText
 10
260.0
 20
206.0
 30
0.0
 40
3.2
  1
Interruptor diferencial
  7
PVSLD_STD
 11
260.0
 21
206.0
 31
0.0
100
AcDbText
  0
TEXT
  5
529
330
1B
100
AcDbEntity
 67
1
  8
E-ANNO-NOTE
100
AcDbText
 10
260.0
 20
201.6
 30
0.0
 40
3.2
  1
(protección de corriente
  7
PVSLD_STD
 11
260.0
 21
201.6
 31
0.0
100
AcDbText
  0
TEXT
  5
52A
330
1B
100
AcDbEntity
 67
1
  8
E-ANNO-NOTE
100
AcDbText
 10
260.0
 20
197.2
 30
0.0
 40
3.2
  1
residual)
  7
PVSLD_STD
 11
260.0
 21
197.2
 31
0.0
100
AcDbText
  0
TEXT
  5
52B
330
1B
100
AcDbEntity
 67
1
  8
E-ANNO-NOTE
100
AcDbText
 10
260.0
 20
192.6
 30
0.0
 40
2.2
  1
PVSLD_RCD
  7
PVSLD_STD
 11
260.0
 21
192.6
 31
0.0
100
AcDbText
  0
TEXT
  5
52C
330
1B
100
AcDbEntity
 67
1
  8
E-ANNO-NOTE
100
AcDbText
 10
334.0
 20
206.0
 30
0.0
 40
2.4
  1
UNE-EN 60617 (hoja del propietario,
  7
PVSLD_STD
 11
334.0
 21
206.0
 31
0.0
100
AcDbText
  0
TEXT
  5
52D
330
1B
100
AcDbEntity
 67
1
  8
E-ANNO-NOTE
100
AcDbText
 10
334.0
 20
202.5
 30
0.0
 40
2.4
  1
p. 4, interruptor diferencial); sin
  7
PVSLD_STD
 11
334.0
 21
202.5
 31
0.0
100
AcDbText
  0
TEXT
  5
52E
330
1B
100
AcDbEntity
 67
1
  8
E-ANNO-NOTE
100
AcDbText
 10
334.0
 20
199.0
 30
0.0
 40
2.4
  1
símbolo en NMX-J-136-ANCE-2019
  7
PVSLD_STD
 11
334.0
 21
199.0
 31
0.0
100
AcDbText
  0
LINE
  5
52F
330
1B
100
AcDbEntity
 67
1
  8
E-ANNO-TABL
100
AcDbLine
 10
215.0
 20
176.0
 30
0.0
 11
405.0
 21
176.0
 31
0.0
  0
LINE
  5
530
330
1B
100
AcDbEntity
 67
1
  8
E-ANNO-TABL
100
AcDbLine
 10
257.0
 20
194.0
 30
0.0
 11
257.0
 21
176.0
 31
0.0
  0
LINE
  5
531
330
1B
100
AcDbEntity
 67
1
  8
E-ANNO-TABL
100
AcDbLine
 10
331.0
 20
194.0
 30
0.0
 11
331.0
 21
176.0
 31
0.0
  0
INSERT
  5
532
330
1B
100
AcDbEntity
 67
1
  8
E-ANNO-NOTE
100
AcDbBlockReference
  2
PVSLD_FUSE
 10
224.75
 20
185.0
 30
0.0
  0
TEXT
  5
534
330
1B
100
AcDbEntity
 67
1
  8
E-ANNO-NOTE
100
AcDbText
 10
260.0
 20
188.0
 30
0.0
 40
3.2
  1
Fusible (CD)
  7
PVSLD_STD
 11
260.0
 21
188.0
 31
0.0
100
AcDbText
  0
TEXT
  5
535
330
1B
100
AcDbEntity
 67
1
  8
E-ANNO-NOTE
100
AcDbText
 10
260.0
 20
183.4
 30
0.0
 40
2.2
  1
PVSLD_FUSE
  7
PVSLD_STD
 11
260.0
 21
183.4
 31
0.0
100
AcDbText
  0
TEXT
  5
536
330
1B
100
AcDbEntity
 67
1
  8
E-ANNO-NOTE
100
AcDbText
 10
334.0
 20
188.0
 30
0.0
 40
2.4
  1
NMX-J-136-ANCE-2019 4.2.21 (FUS,
  7
PVSLD_STD
 11
334.0
 21
188.0
 31
0.0
100
AcDbText
  0
TEXT
  5
537
330
1B
100
AcDbEntity
 67
1
  8
E-ANNO-NOTE
100
AcDbText
 10
334.0
 20
184.5
 30
0.0
 40
2.4
  1
forma nacional 1)
  7
PVSLD_STD
 11
334.0
 21
184.5
 31
0.0
100
AcDbText
  0
LINE
  5
538
330
1B
100
AcDbEntity
 67
1
  8
E-ANNO-TABL
100
AcDbLine
 10
215.0
 20
158.0
 30
0.0
 11
405.0
 21
158.0
 31
0.0
  0
LINE
  5
539
330
1B
100
AcDbEntity
 67
1
  8
E-ANNO-TABL
100
AcDbLine
 10
257.0
 20
176.0
 30
0.0
 11
257.0
 21
158.0
 31
0.0
  0
LINE
  5
53A
330
1B
100
AcDbEntity
 67
1
  8
E-ANNO-TABL
100
AcDbLine
 10
331.0
 20
176.0
 30
0.0
 11
331.0
 21
158.0
 31
0.0
  0
INSERT
  5
53B
330
1B
100
AcDbEntity
 67
1
  8
E-ANNO-NOTE
100
AcDbBlockReference
  2
PVSLD_FUSE_AC
 10
224.75
 20
167.0
 30
0.0
  0
TEXT
  5
53D
330
1B
100
AcDbEntity
 67
1
  8
E-ANNO-NOTE
100
AcDbText
 10
260.0
 20
170.0
 30
0.0
 40
3.2
  1
Fusible (CA)
  7
PVSLD_STD
 11
260.0
 21
170.0
 31
0.0
100
AcDbText
  0
TEXT
  5
53E
330
1B
100
AcDbEntity
 67
1
  8
E-ANNO-NOTE
100
AcDbText
 10
260.0
 20
165.4
 30
0.0
 40
2.2
  1
PVSLD_FUSE_AC
  7
PVSLD_STD
 11
260.0
 21
165.4
 31
0.0
100
AcDbText
  0
TEXT
  5
53F
330
1B
100
AcDbEntity
 67
1
  8
E-ANNO-NOTE
100
AcDbText
 10
334.0
 20
170.0
 30
0.0
 40
2.4
  1
NMX-J-136-ANCE-2019 4.2.21 (FUS,
  7
PVSLD_STD
 11
334.0
 21
170.0
 31
0.0
100
AcDbText
  0
TEXT
  5
540
330
1B
100
AcDbEntity
 67
1
  8
E-ANNO-NOTE
100
AcDbText
 10
334.0
 20
166.5
 30
0.0
 40
2.4
  1
forma nacional 1)
  7
PVSLD_STD
 11
334.0
 21
166.5
 31
0.0
100
AcDbText
  0
LINE
  5
541
330
1B
100
AcDbEntity
 67
1
  8
E-ANNO-TABL
100
AcDbLine
 10
215.0
 20
140.0
 30
0.0
 11
405.0
 21
140.0
 31
0.0
  0
LINE
  5
542
330
1B
100
AcDbEntity
 67
1
  8
E-ANNO-TABL
100
AcDbLine
 10
257.0
 20
158.0
 30
0.0
 11
257.0
 21
140.0
 31
0.0
  0
LINE
  5
543
330
1B
100
AcDbEntity
 67
1
  8
E-ANNO-TABL
100
AcDbLine
 10
331.0
 20
158.0
 30
0.0
 11
331.0
 21
140.0
 31
0.0
  0
INSERT
  5
544
330
1B
100
AcDbEntity
 67
1
  8
E-ANNO-NOTE
100
AcDbBlockReference
  2
PVSLD_SPD
 10
236.0
 20
154.0
 30
0.0
 41
0.5
 42
0.5
 43
0.5
  0
TEXT
  5
546
330
1B
100
AcDbEntity
 67
1
  8
E-ANNO-NOTE
100
AcDbText
 10
260.0
 20
152.0
 30
0.0
 40
3.2
  1
Varistor (dispositivo de
  7
PVSLD_STD
 11
260.0
 21
152.0
 31
0.0
100
AcDbText
  0
TEXT
  5
547
330
1B
100
AcDbEntity
 67
1
  8
E-ANNO-NOTE
100
AcDbText
 10
260.0
 20
147.6
 30
0.0
 40
3.2
  1
protección contra
  7
PVSLD_STD
 11
260.0
 21
147.6
 31
0.0
100
AcDbText
  0
TEXT
  5
548
330
1B
100
AcDbEntity
 67
1
  8
E-ANNO-NOTE
100
AcDbText
 10
260.0
 20
143.2
 30
0.0
 40
3.2
  1
sobretensiones)
  7
PVSLD_STD
 11
260.0
 21
143.2
 31
0.0
100
AcDbText
  0
TEXT
  5
549
330
1B
100
AcDbEntity
 67
1
  8
E-ANNO-NOTE
100
AcDbText
 10
260.0
 20
138.6
 30
0.0
 40
2.2
  1
PVSLD_SPD
  7
PVSLD_STD
 11
260.0
 21
138.6
 31
0.0
100
AcDbText
  0
TEXT
  5
54A
330
1B
100
AcDbEntity
 67
1
  8
E-ANNO-NOTE
100
AcDbText
 10
334.0
 20
152.0
 30
0.0
 40
2.4
  1
CFE G0100-04 Apéndice C
  7
PVSLD_STD
 11
334.0
 21
152.0
 31
0.0
100
AcDbText
  0
LINE
  5
54B
330
1B
100
AcDbEntity
 67
1
  8
E-ANNO-TABL
100
AcDbLine
 10
215.0
 20
122.0
 30
0.0
 11
405.0
 21
122.0
 31
0.0
  0
LINE
  5
54C
330
1B
100
AcDbEntity
 67
1
  8
E-ANNO-TABL
100
AcDbLine
 10
257.0
 20
140.0
 30
0.0
 11
257.0
 21
122.0
 31
0.0
  0
LINE
  5
54D
330
1B
100
AcDbEntity
 67
1
  8
E-ANNO-TABL
100
AcDbLine
 10
331.0
 20
140.0
 30
0.0
 11
331.0
 21
122.0
 31
0.0
  0
INSERT
  5
54E
330
1B
100
AcDbEntity
 67
1
  8
E-ANNO-NOTE
100
AcDbBlockReference
  2
PVSLD_SPD_AC
 10
236.0
 20
136.0
 30
0.0
 41
0.5
 42
0.5
 43
0.5
  0
TEXT
  5
550
330
1B
100
AcDbEntity
 67
1
  8
E-ANNO-NOTE
100
AcDbText
 10
260.0
 20
134.0
 30
0.0
 40
3.2
  1
Varistor en CA (dispositivo
  7
PVSLD_STD
 11
260.0
 21
134.0
 31
0.0
100
AcDbText
  0
TEXT
  5
551
330
1B
100
AcDbEntity
 67
1
  8
E-ANNO-NOTE
100
AcDbText
 10
260.0
 20
129.6
 30
0.0
 40
3.2
  1
de protección contra
  7
PVSLD_STD
 11
260.0
 21
129.6
 31
0.0
100
AcDbText
  0
TEXT
  5
552
330
1B
100
AcDbEntity
 67
1
  8
E-ANNO-NOTE
100
AcDbText
 10
260.0
 20
125.19999999999999
 30
0.0
 40
3.2
  1
sobretensiones)
  7
PVSLD_STD
 11
260.0
 21
125.19999999999999
 31
0.0
100
AcDbText
  0
TEXT
  5
553
330
1B
100
AcDbEntity
 67
1
  8
E-ANNO-NOTE
100
AcDbText
 10
260.0
 20
120.59999999999998
 30
0.0
 40
2.2
  1
PVSLD_SPD_AC
  7
PVSLD_STD
 11
260.0
 21
120.59999999999998
 31
0.0
100
AcDbText
  0
TEXT
  5
554
330
1B
100
AcDbEntity
 67
1
  8
E-ANNO-NOTE
100
AcDbText
 10
334.0
 20
134.0
 30
0.0
 40
2.4
  1
CFE G0100-04 Apéndice C (varistor),
  7
PVSLD_STD
 11
334.0
 21
134.0
 31
0.0
100
AcDbText
  0
TEXT
  5
555
330
1B
100
AcDbEntity
 67
1
  8
E-ANNO-NOTE
100
AcDbText
 10
334.0
 20
130.5
 30
0.0
 40
2.4
  1
usado en CA en Apéndice D
  7
PVSLD_STD
 11
334.0
 21
130.5
 31
0.0
100
AcDbText
  0
LINE
  5
556
330
1B
100
AcDbEntity
 67
1
  8
E-ANNO-TABL
100
AcDbLine
 10
215.0
 20
104.0
 30
0.0
 11
405.0
 21
104.0
 31
0.0
  0
LINE
  5
557
330
1B
100
AcDbEntity
 67
1
  8
E-ANNO-TABL
100
AcDbLine
 10
257.0
 20
122.0
 30
0.0
 11
257.0
 21
104.0
 31
0.0
  0
LINE
  5
558
330
1B
100
AcDbEntity
 67
1
  8
E-ANNO-TABL
100
AcDbLine
 10
331.0
 20
122.0
 30
0.0
 11
331.0
 21
104.0
 31
0.0
  0
INSERT
  5
559
330
1B
100
AcDbEntity
 67
1
  8
E-ANNO-NOTE
100
AcDbBlockReference
  2
PVSLD_GFDI
 10
225.995
 20
118.0025
 30
0.0
 41
0.667
 42
0.667
 43
0.667
  0
TEXT
  5
55B
330
1B
100
AcDbEntity
 67
1
  8
E-ANNO-NOTE
100
AcDbText
 10
260.0
 20
116.0
 30
0.0
 40
3.2
  1
Detector de falla a tierra
  7
PVSLD_STD
 11
260.0
 21
116.0
 31
0.0
100
AcDbText
  0
TEXT
  5
55C
330
1B
100
AcDbEntity
 67
1
  8
E-ANNO-NOTE
100
AcDbText
 10
260.0
 20
111.39999999999999
 30
0.0
 40
2.2
  1
PVSLD_GFDI
  7
PVSLD_STD
 11
260.0
 21
111.39999999999999
 31
0.0
100
AcDbText
  0
TEXT
  5
55D
330
1B
100
AcDbEntity
 67
1
  8
E-ANNO-NOTE
100
AcDbText
 10
334.0
 20
116.0
 30
0.0
 40
2.4
  1
CFE G0100-04 Apéndice D, fig. D1
  7
PVSLD_STD
 11
334.0
 21
116.0
 31
0.0
100
AcDbText
  0
TEXT
  5
55E
330
1B
100
AcDbEntity
 67
1
  8
E-ANNO-NOTE
100
AcDbText
 10
334.0
 20
112.5
 30
0.0
 40
2.4
  1
(detector de falla a tierra)
  7
PVSLD_STD
 11
334.0
 21
112.5
 31
0.0
100
AcDbText
  0
LINE
  5
55F
330
1B
100
AcDbEntity
 67
1
  8
E-ANNO-TABL
100
AcDbLine
 10
215.0
 20
86.0
 30
0.0
 11
405.0
 21
86.0
 31
0.0
  0
LINE
  5
560
330
1B
100
AcDbEntity
 67
1
  8
E-ANNO-TABL
100
AcDbLine
 10
257.0
 20
104.0
 30
0.0
 11
257.0
 21
86.0
 31
0.0
  0
LINE
  5
561
330
1B
100
AcDbEntity
 67
1
  8
E-ANNO-TABL
100
AcDbLine
 10
331.0
 20
104.0
 30
0.0
 11
331.0
 21
86.0
 31
0.0
  0
INSERT
  5
562
330
1B
100
AcDbEntity
 67
1
  8
E-ANNO-NOTE
100
AcDbBlockReference
  2
PVSLD_INS_MONITOR
 10
225.995
 20
100.0025
 30
0.0
 41
0.667
 42
0.667
 43
0.667
  0
TEXT
  5
564
330
1B
100
AcDbEntity
 67
1
  8
E-ANNO-NOTE
100
AcDbText
 10
260.0
 20
98.0
 30
0.0
 40
3.2
  1
Monitor de aislamiento
  7
PVSLD_STD
 11
260.0
 21
98.0
 31
0.0
100
AcDbText
  0
TEXT
  5
565
330
1B
100
AcDbEntity
 67
1
  8
E-ANNO-NOTE
100
AcDbText
 10
260.0
 20
93.39999999999999
 30
0.0
 40
2.2
  1
PVSLD_INS_MONITOR
  7
PVSLD_STD
 11
260.0
 21
93.39999999999999
 31
0.0
100
AcDbText
  0
TEXT
  5
566
330
1B
100
AcDbEntity
 67
1
  8
E-ANNO-NOTE
100
AcDbText
 10
334.0
 20
98.0
 30
0.0
 40
2.4
  1
CFE G0100-04 Apéndice D, fig. D2
  7
PVSLD_STD
 11
334.0
 21
98.0
 31
0.0
100
AcDbText
  0
TEXT
  5
567
330
1B
100
AcDbEntity
 67
1
  8
E-ANNO-NOTE
100
AcDbText
 10
334.0
 20
94.5
 30
0.0
 40
2.4
  1
(monitor de aislamiento)
  7
PVSLD_STD
 11
334.0
 21
94.5
 31
0.0
100
AcDbText
  0
LINE
  5
568
330
1B
100
AcDbEntity
 67
1
  8
E-ANNO-TABL
100
AcDbLine
 10
215.0
 20
68.0
 30
0.0
 11
405.0
 21
68.0
 31
0.0
  0
LINE
  5
569
330
1B
100
AcDbEntity
 67
1
  8
E-ANNO-TABL
100
AcDbLine
 10
257.0
 20
86.0
 30
0.0
 11
257.0
 21
68.0
 31
0.0
  0
LINE
  5
56A
330
1B
100
AcDbEntity
 67
1
  8
E-ANNO-TABL
100
AcDbLine
 10
331.0
 20
86.0
 30
0.0
 11
331.0
 21
68.0
 31
0.0
  0
INSERT
  5
56B
330
1B
100
AcDbEntity
 67
1
  8
E-ANNO-NOTE
100
AcDbBlockReference
  2
PVSLD_AFCI
 10
225.995
 20
82.0025
 30
0.0
 41
0.667
 42
0.667
 43
0.667
  0
TEXT
  5
56D
330
1B
100
AcDbEntity
 67
1
  8
E-ANNO-NOTE
100
AcDbText
 10
260.0
 20
80.0
 30
0.0
 40
3.2
  1
Detector de falla por arco
  7
PVSLD_STD
 11
260.0
 21
80.0
 31
0.0
100
AcDbText
  0
TEXT
  5
56E
330
1B
100
AcDbEntity
 67
1
  8
E-ANNO-NOTE
100
AcDbText
 10
260.0
 20
75.6
 30
0.0
 40
3.2
  1
(AFCI)
  7
PVSLD_STD
 11
260.0
 21
75.6
 31
0.0
100
AcDbText
  0
TEXT
  5
56F
330
1B
100
AcDbEntity
 67
1
  8
E-ANNO-NOTE
100
AcDbText
 10
260.0
 20
70.99999999999999
 30
0.0
 40
2.2
  1
PVSLD_AFCI
  7
PVSLD_STD
 11
260.0
 21
70.99999999999999
 31
0.0
100
AcDbText
  0
TEXT
  5
570
330
1B
100
AcDbEntity
 67
1
  8
E-ANNO-NOTE
100
AcDbText
 10
334.0
 20
80.0
 30
0.0
 40
2.4
  1
pvsld (composición); bloque rotulado
  7
PVSLD_STD
 11
334.0
 21
80.0
 31
0.0
100
AcDbText
  0
TEXT
  5
571
330
1B
100
AcDbEntity
 67
1
  8
E-ANNO-NOTE
100
AcDbText
 10
334.0
 20
76.5
 30
0.0
 40
2.4
  1
al estilo de CFE G0100-04 Apéndice D
  7
PVSLD_STD
 11
334.0
 21
76.5
 31
0.0
100
AcDbText
  0
LINE
  5
572
330
1B
100
AcDbEntity
 67
1
  8
E-ANNO-TABL
100
AcDbLine
 10
215.0
 20
50.0
 30
0.0
 11
405.0
 21
50.0
 31
0.0
  0
LINE
  5
573
330
1B
100
AcDbEntity
 67
1
  8
E-ANNO-TABL
100
AcDbLine
 10
257.0
 20
68.0
 30
0.0
 11
257.0
 21
50.0
 31
0.0
  0
LINE
  5
574
330
1B
100
AcDbEntity
 67
1
  8
E-ANNO-TABL
100
AcDbLine
 10
331.0
 20
68.0
 30
0.0
 11
331.0
 21
50.0
 31
0.0
  0
INSERT
  5
575
330
1B
100
AcDbEntity
 67
1
  8
E-ANNO-NOTE
100
AcDbBlockReference
 66
1
  2
PVSLD_RELAY
 10
227.6625
 20
64.0025
 30
0.0
 41
0.667
 42
0.667
 43
0.667
  0
ATTRIB
  5
577
330
1B
100
AcDbEntity
 67
1
  8
E-ANNO-TAGS
100
AcDbText
 10
229.6635
 20
59.3335
 30
0.0
 40
2.668
  1
U<
  7
PVSLD_STD
100
AcDbAttribute
  2
FUNCTION
 70
0
 71
1
 72
0
  0
ATTRIB
  5
578
330
1B
100
AcDbEntity
 67
1
  8
E-ANNO-TAGS
100
AcDbText
 10
229.6635
 20
55.665
 30
0.0
 40
1.6675
  1
27
  7
PVSLD_STD
100
AcDbAttribute
  2
ANSI_NO
 70
0
 71
1
 72
0
  0
SEQEND
  5
576
330
575
100
AcDbEntity
 67
1
  8
E-ANNO-NOTE
  0
TEXT
  5
579
330
1B
100
AcDbEntity
 67
1
  8
E-ANNO-NOTE
100
AcDbText
 10
260.0
 20
62.0
 30
0.0
 40
3.2
  1
Relevador de protección
  7
PVSLD_STD
 11
260.0
 21
62.0
 31
0.0
100
AcDbText
  0
TEXT
  5
57A
330
1B
100
AcDbEntity
 67
1
  8
E-ANNO-NOTE
100
AcDbText
 10
260.0
 20
57.4
 30
0.0
 40
2.2
  1
PVSLD_RELAY
  7
PVSLD_STD
 11
260.0
 21
57.4
 31
0.0
100
AcDbText
  0
TEXT
  5
57B
330
1B
100
AcDbEntity
 67
1
  8
E-ANNO-NOTE
100
AcDbText
 10
334.0
 20
62.0
 30
0.0
 40
2.4
  1
DGE (basada en IEC 60617) 07-73-01;
  7
PVSLD_STD
 11
334.0
 21
62.0
 31
0.0
100
AcDbText
  0
TEXT
  5
57C
330
1B
100
AcDbEntity
 67
1
  8
E-ANNO-NOTE
100
AcDbText
 10
334.0
 20
58.5
 30
0.0
 40
2.4
  1
números ANSI de NMX-J-136-ANCE-2019,
  7
PVSLD_STD
 11
334.0
 21
58.5
 31
0.0
100
AcDbText
  0
TEXT
  5
57D
330
1B
100
AcDbEntity
 67
1
  8
E-ANNO-NOTE
100
AcDbText
 10
334.0
 20
55.0
 30
0.0
 40
2.4
  1
Tabla 2
  7
PVSLD_STD
 11
334.0
 21
55.0
 31
0.0
100
AcDbText
  0
TEXT
  5
57E
330
1B
100
AcDbEntity
 67
1
  8
E-ANNO-NOTE
100
AcDbText
 10
15.0
 20
28.0
 30
0.0
 40
2.5
  1
Símbolos redibujados como geometría vectorial a partir de la norma indicada en la columna Fuente; ninguna norma se incluye ni se copia.
  7
PVSLD_STD
 11
15.0
 21
28.0
 31
0.0
100
AcDbText
  0
TEXT
  5
57F
330
1B
100
AcDbEntity
 67
1
  8
E-ANNO-NOTE
100
AcDbText
 10
15.0
 20
24.4
 30
0.0
 40
2.5
  1
Cada símbolo es un bloque PVSLD_<FUNCIÓN> con los atributos TAG y DESC y, ocultos, COMP_ID, IEC_REF, NMX_REF y SOURCE_STANDARD; los puertos están en XDATA (aplicación PVSLD).
  7
PVSLD_STD
 11
15.0
 21
24.4
 31
0.0
100
AcDbText
  0
TEXT
  5
580
330
1B
100
AcDbEntity
 67
1
  8
E-ANNO-NOTE
100
AcDbText
 10
15.0
 20
20.799999999999997
 30
0.0
 40
2.5
  1
Dimensiones en mm a escala 1:1 dentro del bloque; en esta hoja cada símbolo se reduce, si hace falta, para caber en su celda.
  7
PVSLD_STD
 11
15.0
 21
20.799999999999997
 31
0.0
100
AcDbText
  0
ENDSEC
  0
SECTION
  2
OBJECTS
  0
DICTIONARY
  5
A
330
0
100
AcDbDictionary
281
1
  3
ACAD_COLOR
350
B
  3
ACAD_GROUP
350
C
  3
ACAD_LAYOUT
350
D
  3
ACAD_MATERIAL
350
E
  3
ACAD_MLEADERSTYLE
350
F
  3
ACAD_MLINESTYLE
350
10
  3
ACAD_PLOTSETTINGS
350
11
  3
ACAD_PLOTSTYLENAME
350
12
  3
ACAD_SCALELIST
350
14
  3
ACAD_TABLESTYLE
350
15
  3
ACAD_VISUALSTYLE
350
16
  3
EZDXF_META
350
2D
  0
DICTIONARY
  5
B
330
A
100
AcDbDictionary
281
1
  0
DICTIONARY
  5
C
330
A
100
AcDbDictionary
281
1
  0
DICTIONARY
  5
D
330
A
100
AcDbDictionary
281
1
  3
Model
350
1A
  3
Legend
350
1E
  3
Legend2
350
584
  3
Legend3
350
666
  0
DICTIONARY
  5
E
330
A
100
AcDbDictionary
281
1
  3
ByBlock
350
1F
  3
ByLayer
350
20
  3
Global
350
21
  0
DICTIONARY
  5
F
330
A
100
AcDbDictionary
281
1
  3
Standard
350
2C
  0
DICTIONARY
  5
10
330
A
100
AcDbDictionary
281
1
  3
Standard
350
22
  0
DICTIONARY
  5
11
330
A
100
AcDbDictionary
281
1
  0
ACDBDICTIONARYWDFLT
  5
12
330
A
100
AcDbDictionary
281
1
  3
Normal
350
13
100
AcDbDictionaryWithDefault
340
13
  0
ACDBPLACEHOLDER
  5
13
330
12
  0
DICTIONARY
  5
14
330
A
100
AcDbDictionary
281
1
  0
DICTIONARY
  5
15
330
A
100
AcDbDictionary
281
1
  0
DICTIONARY
  5
16
330
A
100
AcDbDictionary
281
1
  0
LAYOUT
  5
1A
330
D
100
AcDbPlotSettings
  1

  4
A3
  6

 40
7.5
 41
20.0
 42
7.5
 43
20.0
 44
420.0
 45
297.0
 46
0.0
 47
0.0
 48
0.0
 49
0.0
140
0.0
141
0.0
142
1.0
143
1.0
 70
1024
 72
1
 73
0
 74
5
  7

 75
16
 76
0
 77
2
 78
300
147
1.0
148
0.0
149
0.0
100
AcDbLayout
  1
Model
 70
1
 71
0
 10
0.0
 20
0.0
 11
420.0
 21
297.0
 12
0.0
 22
0.0
 32
0.0
 14
1e+20
 24
1e+20
 34
1e+20
 15
-1e+20
 25
-1e+20
 35
-1e+20
146
0.0
 13
0.0
 23
0.0
 33
0.0
 16
1.0
 26
0.0
 36
0.0
 17
0.0
 27
1.0
 37
0.0
 76
1
330
17
  0
LAYOUT
  5
1E
330
D
100
AcDbPlotSettings
  1

  2
DWG To PDF.pc3
  4
ISO_full_bleed_A3_(420.00_x_297.00_MM)
  6

 40
0.0
 41
0.0
 42
0.0
 43
0.0
 44
420.0
 45
297.0
 46
0.0
 47
0.0
 48
0.0
 49
0.0
140
0.0
141
0.0
142
1.0
143
1.0
 70
672
 72
1
 73
0
 74
5
  7

 75
16
 76
0
 77
2
 78
300
147
1.0
148
0.0
149
0.0
100
AcDbLayout
  1
Legend
 70
1
 71
1
 10
-0.0
 20
-0.0
 11
420.0
 21
297.0
 12
0.0
 22
0.0
 32
0.0
 14
1e+20
 24
1e+20
 34
1e+20
 15
-1e+20
 25
-1e+20
 35
-1e+20
146
0.0
 13
0.0
 23
0.0
 33
0.0
 16
1.0
 26
0.0
 36
0.0
 17
0.0
 27
1.0
 37
0.0
 76
1
330
1B
331
495
  0
MATERIAL
  5
1F
102
{ACAD_REACTORS
330
E
102
}
330
E
100
AcDbMaterial
  1
ByBlock
  2

 70
0
 40
1.0
 71
1
 41
1.0
 91
-1023410177
 42
1.0
 72
1
  3

 73
1
 74
1
 75
1
 44
0.5
 73
0
 45
1.0
 46
1.0
 77
1
  4

 78
1
 79
1
170
1
 48
1.0
171
1
  6

172
1
173
1
174
1
140
1.0
141
1.0
175
1
  7

176
1
177
1
178
1
143
1.0
179
1
  8

270
1
271
1
272
1
145
1.0
146
1.0
273
1
  9

274
1
275
1
276
1
 42
1.0
 72
1
  3

 73
1
 74
1
 75
1
 94
63
  0
MATERIAL
  5
20
102
{ACAD_REACTORS
330
E
102
}
330
E
100
AcDbMaterial
  1
ByLayer
  2

 70
0
 40
1.0
 71
1
 41
1.0
 91
-1023410177
 42
1.0
 72
1
  3

 73
1
 74
1
 75
1
 44
0.5
 73
0
 45
1.0
 46
1.0
 77
1
  4

 78
1
 79
1
170
1
 48
1.0
171
1
  6

172
1
173
1
174
1
140
1.0
141
1.0
175
1
  7

176
1
177
1
178
1
143
1.0
179
1
  8

270
1
271
1
272
1
145
1.0
146
1.0
273
1
  9

274
1
275
1
276
1
 42
1.0
 72
1
  3

 73
1
 74
1
 75
1
 94
63
  0
MATERIAL
  5
21
102
{ACAD_REACTORS
330
E
102
}
330
E
100
AcDbMaterial
  1
Global
  2

 70
0
 40
1.0
 71
1
 41
1.0
 91
-1023410177
 42
1.0
 72
1
  3

 73
1
 74
1
 75
1
 44
0.5
 73
0
 45
1.0
 46
1.0
 77
1
  4

 78
1
 79
1
170
1
 48
1.0
171
1
  6

172
1
173
1
174
1
140
1.0
141
1.0
175
1
  7

176
1
177
1
178
1
143
1.0
179
1
  8

270
1
271
1
272
1
145
1.0
146
1.0
273
1
  9

274
1
275
1
276
1
 42
1.0
 72
1
  3

 73
1
 74
1
 75
1
 94
63
  0
MLINESTYLE
  5
22
102
{ACAD_REACTORS
330
10
102
}
330
10
100
AcDbMlineStyle
  2
Standard
 70
0
  3

 62
256
 51
90.0
 52
90.0
 71
2
 49
0.5
 62
256
  6
BYLAYER
 49
-0.5
 62
256
  6
BYLAYER
  0
MLEADERSTYLE
  5
2C
102
{ACAD_REACTORS
330
F
102
}
330
F
100
AcDbMLeaderStyle
179
2
170
2
171
1
172
0
 90
2
 40
0.0
 41
0.0
173
1
 91
-1056964608
 92
-2
290
1
 42
2.0
291
1
 43
8.0
  3
Standard
 44
4.0
300

342
29
174
1
175
1
176
0
178
1
 93
-1056964608
 45
4.0
292
0
297
0
 46
4.0
 94
-1056964608
 47
1.0
 49
1.0
140
1.0
294
1
141
0.0
177
0
142
1.0
295
0
296
0
143
3.75
271
0
272
9
273
9
  0
DICTIONARY
  5
2D
330
A
100
AcDbDictionary
280
1
281
1
  3
CREATED_BY_EZDXF
350
2E
  3
PVSLD_LIBRARY_VERSION
350
6FF
  3
WRITTEN_BY_EZDXF
350
702
  0
DICTIONARYVAR
  5
2E
330
2D
100
DictionaryVariables
280
0
  1
0.0 @ 2000-01-01T00:00:00.000000+00:00
  0
LAYOUT
  5
584
330
D
100
AcDbPlotSettings
  1

  2
DWG To PDF.pc3
  4
ISO_full_bleed_A3_(420.00_x_297.00_MM)
  6

 40
0.0
 41
0.0
 42
0.0
 43
0.0
 44
420.0
 45
297.0
 46
0.0
 47
0.0
 48
0.0
 49
0.0
140
0.0
141
0.0
142
1.0
143
1.0
 70
672
 72
1
 73
0
 74
5
  7

 75
16
 76
0
 77
2
 78
300
147
1.0
148
0.0
149
0.0
100
AcDbLayout
  1
Legend2
 70
1
 71
3
 10
-0.0
 20
-0.0
 11
420.0
 21
297.0
 12
0.0
 22
0.0
 32
0.0
 14
1e+20
 24
1e+20
 34
1e+20
 15
-1e+20
 25
-1e+20
 35
-1e+20
146
0.0
 13
0.0
 23
0.0
 33
0.0
 16
1.0
 26
0.0
 36
0.0
 17
0.0
 27
1.0
 37
0.0
 76
1
330
581
331
585
  0
LAYOUT
  5
666
330
D
100
AcDbPlotSettings
  1

  2
DWG To PDF.pc3
  4
ISO_full_bleed_A3_(420.00_x_297.00_MM)
  6

 40
0.0
 41
0.0
 42
0.0
 43
0.0
 44
420.0
 45
297.0
 46
0.0
 47
0.0
 48
0.0
 49
0.0
140
0.0
141
0.0
142
1.0
143
1.0
 70
672
 72
1
 73
0
 74
5
  7

 75
16
 76
0
 77
2
 78
300
147
1.0
148
0.0
149
0.0
100
AcDbLayout
  1
Legend3
 70
1
 71
4
 10
-0.0
 20
-0.0
 11
420.0
 21
297.0
 12
0.0
 22
0.0
 32
0.0
 14
1e+20
 24
1e+20
 34
1e+20
 15
-1e+20
 25
-1e+20
 35
-1e+20
146
0.0
 13
0.0
 23
0.0
 33
0.0
 16
1.0
 26
0.0
 36
0.0
 17
0.0
 27
1.0
 37
0.0
 76
1
330
663
331
667
  0
DICTIONARYVAR
  5
6FF
330
2D
100
DictionaryVariables
280
0
  1
0.6.0
  0
DICTIONARYVAR
  5
702
330
2D
100
DictionaryVariables
280
0
  1
0.0 @ 2000-01-01T00:00:00.000000+00:00
  0
ENDSEC
  0
EOF
